,pdf_name,date1,time1,date2,time2,mr_address,en_address,Latitude,Longitude,Google Maps Address
0,1.pdf,31/12/2024,23:00,01/01/2025,00:30," लिलावती sities जवळ, , रिक्‍्लेमेशन रोड, , बांद्रा पश्‍चिम मुंबई 50,   ","Near Lilavati sities, , Reclamation Road, , Bandra West Mumbai 50,",19.0510043,72.8293225,"A-791, Bandra Reclamation Rd, General Arunkumar Vaidya Nagar, Bandra West, Mumbai, Maharashtra 400050, India"
1,2.pdf,30/12/2024,11:00,30/12/2024,20:00," रिझवी गार्डनजवळ ट्रान्झीस्ट , कम्प, लिलावती हाँस्पीटन जवळ , वांद्रे प मुबंई50,   ","Near Rizvi Garden Transit, Comp., Near Lilavati Hospital, Bandra P Mumbai 50,",19.0566661,72.8377008,"Bandra Talao, Bandra West, Mumbai, Maharashtra 400050"
2,3.pdf,22/01/2025,17:50,22/01/2025,17:50," 51 नं बस,, वांद्रे तलाव , , वांद्रे पश्‍चिम मुंबई 400050 ,   ","Bus No. 51, Bandra Lake, Bandra West Mumbai 400050",19.0759376,72.8803661,"jai shankar chowk, Hallow Pull Rd, Halav Pool, Hallow Pul, Kurla, Mumbai, Maharashtra 400070, India"
3,4.pdf,08/07/2023,00:00,17/06/2025,00:00," पुजारी चाळ, जयशंकर चौक, हालाव पूत्र, कुर्ला प मुंबई,-400070   ","Pujari Chal, Jaishankar Chowk, Halav Putra, Kurla P Mumbai,-400070",19.0256055,72.85209329999999,"Ground floor, Snow Point, Vinod Villa, BA Khimji Rd, Matunga East, Mumbai, Maharashtra 400019, India"
4,5.pdf,08/07/2025,12:00,08/07/2025,12:05," हाँटेल स्नो पॉईंट वेलिंगर , काँलेजच्या बाजुची गल्ली , माटुंगा इस्ट मुंबई,  ","Hotel Snow Point Wellinger, College Lane, Matunga East Mumbai,",19.03142,72.8534468,"Number 4, Hubtown Harmony, Bhaudaji Rd, Matunga East, Mumbai, Maharashtra 400019, India"
5,6.pdf,09/07/2025,15:10,09/07/2025,15:45," रोड क्र 04, भाउ दाजी रोड, हबटाउन हारमनी बिल्डीग , समोरील रस्ता माटुंगा मुंबई, ","Road No. 04, Bhau Daji Road, Hubtown Harmony Building, Opposite Road Matunga Mumbai,",19.0148695,72.863143,"Wadala, Mumbai, Maharashtra, India"
6,7.pdf,09/07/2025,19:00,09/07/2025,22:00," Stet बॉस्को स्कुल बाहेर , वडाळा मुंबई,   ","Outside Stet Bosco School, Wadala Mumbai,",19.0207956,72.8596444,"Sewree Estate, 337, Major R Parameswaran Rd, Wadala, Mumbai, Maharashtra 400031, India"
7,8.pdf,10/07/2025,12:30,10/07/2025,13:30," मेजर आर WANT मार्ग, एस आय डब्ल्यु एस शाळा, वडाळा,   ","MAJOR R WANT MARG, SIWS SCHOOL, WADALA,",19.0153559,72.84597149999999,"2R8W+49X, Opposite To dadar Pune Asiad Stand, Dadar East, Dadar, Mumbai, Maharashtra 400014, India"
8,9.pdf,11/07/2025,04:00,11/07/2025,04:30," प्रथमेश मेन्स वेअर दुकानासमोर, पोस्ट ऑफीस बस स्टाँपवर, दादर पुर्व, मुंबई,   ","Opposite Prathamesh Men's Wear Shop, Post Office Bus Stand, Dadar East, Mumbai,",19.0146363,72.8219228,"OPEN AIR THEATRE, Adarsh Nagar Rd, MIG Colony, Adarsh Nagar, Prabhadevi, Mumbai, Maharashtra 400030, India"
9,10.pdf,12/01/2025,13:35,12/01/2025,13:40," आदर्शनगर,, वरळी स्पोर्ट क्लबच्या पाठीमागे, वरळी,मुंबई 400030, ","Adarshnagar,,Behind Worli Sports Club,Worli,Mumbai 400030,",18.9581934,72.8320729,"Mumbai, Maharashtra, India"
10,11.pdf,11/07/2025,11:50,11/07/2025,12:00," शेठ तेजूकाया मार्ग, Ales ईस्ट मुंबई,   ","Sheth Tejukaya Marg, Ales East Mumbai,",19.0218765,72.8567405,"V.J.T.I. College, Mumbai, Maharashtra, India"
11,12.pdf,11/07/2025,07:40,11/07/2025,07:55," नाथालाल पारेख मार्ग, व्ही जे टी आय काँलेज,, बस स्टाप माटुंगा, मुंबई,  ","Nathalal Parekh Marg, VJTI College, Bus Stop Matunga, Mumbai,",19.0247332,72.8583044,"Nathalal Parekh Marg, near Khalsa College, Matunga East, Mumbai, Maharashtra 400019, India"
12,13.pdf,11/07/2025,23:55,12/07/2025,19:30," रफि अहमद किडवाई रोडवर,, आयसीटी कलेजच्या पाठीमागील, माटुंगा, पुर्व मुंबई,   ","On Rafi Ahmed Kidwai Road,, Behind ICT College, Matunga, East Mumbai,",19.0595596,72.8295287,"Bandra West, Mumbai, Maharashtra, India"
13,14.pdf,22/01/2025,17:45,22/01/2025,17:45," कोंबडी गल्ली,, वांद्रे पश्‍चिम मुंबई 50, ","KOMBDI GALLI,, BANDRA WEST MUMBAI 50,",19.0311866,72.85453129999999,"Pb No 16641, No 32, Palai Residency, Bhaudaji Rd, Matunga East, Mumbai, Maharashtra 400019, India"
14,15.pdf,13/07/2025,21:50,13/07/2025,21:55," स्टेट बँक ऑफ इंडिया , भाऊ दाजी रोड,रस्त्यावर , मांटुगा पुर्व मुंबई,-400019   ","STATE BANK OF INDIA, Bhau Daji Road, Road, Mantuga East Mumbai-400019",19.0268747,72.8553352,"Matunga East, Mumbai, Maharashtra, India"
15,16.pdf,14/07/2025,16:00,14/07/2025,16:10," भांडारकर रोड,, साईनाथ डोसावाला दुकानाजवळ, महेश्वरी सर्कल, माटुंगा, मुंबई, ","Bhandarkar Road, Near Sainath Dosawala Shop, Maheshwari Circle, Matunga, Mumbai,",19.0268747,72.8553352,"Matunga East, Mumbai, Maharashtra, India"
16,17.pdf,01/07/2025,00:00,01/07/2025,23:59," माटुंगा पुर्व मुंबई ,   ","Matunga East Mumbai,",19.0353849,72.8423036,"Mahim, Mumbai, Maharashtra, India"
17,18.pdf,15/04/2025,17:55,15/04/2025,17:55," सेनापती बापट HA रोडचे जवळ, एसबीएम 16 चे जवळ , फूटपाथवर, दक्षिण वाहिनी,,सेनापती बापट रोड माहिम प मुंबई   ","Near Senapati Bapat HA Road, Near SBM 16, On Footpath, South Canal, Senapati Bapat Road Mahim P Mumbai",18.9581934,72.8320729,"Mumbai, Maharashtra, India"
18,19.pdf,02/06/2025,10:30,02/06/2025,12:00," पीडीमेलो रोड मधील डिव्हायडर, मुंबई 03,   ","Divider in PDmelo Road, Mumbai 03,",19.0274335,72.856399,"Maheshwari Udyan, Mumbai, Matunga East, Mumbai, Maharashtra 400019, India"
19,20.pdf,20/07/2025,22:20,20/07/2025,22:30," दक्षिणवाहिनी, महेश्वरी सर्कल,, माटुंगा, मुंबई,   ","Dakshinavahini, Maheshwari Circle,, Matunga, Mumbai,",16.2047877,77.3552519,"Raichur, Karnataka, India"
20,21.pdf,02/06/2025,17:20,02/06/2025,18:00," रायचुर Rec, वाडीबंदर,, मनोहर बार च्या मागील बाजु,, डोंगरी, मुं 9, ","Raichur Rec, Wadibandar,, Behind Manohar Bar,, Dongri, Mun 9,",19.0173058,72.82602539999999,"Eknath Buwa Hatiskar Marg & P Balu Marg, RBI Colony, Prabhadevi, Mumbai, Maharashtra 400025, India"
21,22.pdf,12/01/2025,23:15,12/01/2025,23:30," पी बाळु हातीस्कर मार्ग,, प्रभादेवी , ,मुंबई   ","P Balu Hatiskar Marg,, Prabhadevi, ,Mumbai",19.0811194,72.8825055,"Shop No, 6, Father Peter Parera Road, opp. Dwarka Puri Shopping Centre, Jai Ambika Nagar, Kurla West, Kurla, Mumbai, Maharashtra 400070, India"
22,23.pdf,19/07/2025,14:00,22/07/2025,10:00," शाँप नं6 , चे समोर ,लखमशी ay रोड, मोरेश्वर बिल्डींग, माटुंगा पूर्व मुंबई 19,   ","Opposite Shop No. 6, Lakhamshi Road, Moreshwar Building, Matunga East Mumbai 19,",19.0298067,72.856292,"Shishuvan School, 428/435, Shradhanand Rd, Brhmanwada, Matunga East, Mumbai, Maharashtra 400019, India"
23,24.pdf,20/07/2025,20:40,20/07/2025,20:45," श्रध्दानंद रोड,, शिशूवन शाळेच्या पाठीमागीलगल्ली, माटुंगा पुर्व ,मुंबई 19 ","Shradhanand Road, Behind Shishuvan School, Matunga East, Mumbai 19",19.0559336,72.8357472,"Hill Rd, W, Bandra West, Mumbai, Maharashtra 400050, India"
24,25.pdf,30/09/2024,00:00,07/01/2025,00:00," वांद्रे पोलिस ठाणे परिसर, वांद्रे प मुं,   ","Bandra Police Station Premises, Bandra 5th,",19.0268747,72.8553352,"Matunga East, Mumbai, Maharashtra, India"
25,26.pdf,24/07/2025,11:00,25/07/2025,14:00," माटुंगा फुल मार्केट , बालाजी अगरबत्ती , माटुंगा पुर्व ,मुंबई 19   ","Matunga Full Market, Balaji Agarbatti, Matunga East, Mumbai 19",19.0224032,72.8584374,"Plot No. 109, 110, Opp, Indulal Bhuva Rd, near Don Bosco School, Matunga East, Mumbai, Maharashtra 400031, India"
26,27.pdf,15/07/2025,09:00,25/07/2025,00:00," आयएसएल रोड नं 7 ए, जोहान सिगनेचर बिल्डिंग , शिवडी वडाळा रोड वडाळा मुंबई,   ","ISL Road No 7A, Johan Signature Building, Shivdi Wadala Road Wadala Mumbai,",19.0268747,72.8553352,"Matunga East, Mumbai, Maharashtra, India"
27,28.pdf,26/07/2025,10:00,26/07/2025,10:20," चार रोड माटुंगा, कोलॉजीम एच बी जिम,, जीएसबी गणपती च्या ,ग्राउंडच्य बाजुला मुंबई ","CHAR ROAD MATUNGA, COLOGYUM H B GYM, NEXT TO GROUND OF GSB GANAPATHY, MUMBAI",19.0807996,72.90434909999999,"17, Lakshminarayan Ln, Rajawadi Colony, Ghatkopar East, Mumbai, Maharashtra 400077, India"
28,29.pdf,28/07/2025,08:12,28/07/2025,08:17," 17/16, लक्ष्मी नारायण लेन,, लोहाना निवास,कबुतर खान्याजवळ , माटुंगा,, मुंबई 19   ","17/16, Lakshmi Narayan Lane,, Lohana Niwas, Near Kabutar Khanya, Matunga,, Mumbai 19",19.0184221,72.8494106,"Della Tower, Jame Jamshed Rd, Central Railway Colony, Mahavir Nagar, Parsee Colony, Dadar, Mumbai, Maharashtra 400014, India"
29,30.pdf,01/06/2025,11:00,29/07/2025,00:00," STA जमशेद रोड , काँपोरिट ऑफिस - डेला टाँवर,, पारशी काँलनी दादर पूर्व ,मुंबई,400014   ","STA Jamshed Road, Corporate Office - Della Tower,, Parshi Kalani Dadar East, Mumbai, 400014",19.0257398,72.8520271,"BA Khimji Rd, Matunga East, Mumbai, Maharashtra 400019, India"
30,31.pdf,31/07/2025,13:30,31/07/2025,13:40," डाँ बी ए रोड , उत्तर वाहीणी,, माटुंगा पुर्व ,मुंबई ","DA B A ROAD, NORTH VAHNI,, MATUNGA EAST, MUMBAI",19.0187967,72.8446493,"2R9V+FVP, Lokmanya Tilak Colony, Dadar, Mumbai, Maharashtra 400014, India"
31,32.pdf,28/07/2025,07:00,28/07/2025,07:30," 13-14 प्लटफार्मच्या समोर , वाहतूक पोलीस चौकी समोर, दादर रेल्वे स्थानकपूर्वमाटुंगा,मुंबई19   ","Opposite Platform 13-14, Opposite Traffic Police Post, Dadar Railway Station East Matunga, Mumbai 19",18.9583726,72.8373669,"Sardar Vallabhbhai Patel Rd, Dongri, Umerkhadi, Mumbai, Maharashtra, India"
32,33.pdf,10/06/2025,18:05,10/06/2025,18:10," एसव्हीपी रोड, चार नळ, बीएमएसी रूग्णालय, डोंगरी, मुंबई,  ","SVP Road, Char Nala, BMAC Hospital, Dongri, Mumbai,",19.0166847,72.8403763,"ground floor, Senapati Bapat Marg, beside Kohinoor Technical institute, opposite flowers and petals shop, Dadar West, Dadar, Mumbai, Maharashtra 400028, India"
33,34.pdf,26/12/2024,09:00,26/12/2024,10:00," सेनापती बापट मार्ग, मनिश मार्केट, दादर पश्‍चिम,मुंबई 400028 ,   ","Senapati Bapat Marg, Manish Market, Dadar West, Mumbai 400028,",19.0268747,72.8553352,"Matunga East, Mumbai, Maharashtra, India"
34,35.pdf,02/08/2025,15:00,02/08/2025,15:30," डाँन SEAT शाळेजवळ, माटुंगा पुर्व,मुंबई 19   ","Near Don SEAT School, Matunga East, Mumbai 19",19.0514817,72.8223577,"Pereira Rd, Mount Mary, Bandra West, Mumbai, Maharashtra 400050, India"
35,36.pdf,22/01/2025,23:00,23/01/2025,01:00," परेरा रोड , बांद्रा पश्‍चिम, मुंबई 50, ","Perera Road, Bandra West, Mumbai 50,",19.0274335,72.856399,"Maheshwari Udyan, Mumbai, Matunga East, Mumbai, Maharashtra 400019, India"
36,37.pdf,02/08/2025,22:20,02/08/2025,22:40," ST बाबासाहेब आंबेडकर रोड,, महेश्वरी सर्कल,दक्षिण वाहिनी,, माटुंगा पुर्व मुंबई 19 ,   ","ST Babasaheb Ambedkar Road,, Maheshwari Circle, South Channel,, Matunga East Mumbai 19 ,",19.0274335,72.856399,"Maheshwari Udyan, Mumbai, Matunga East, Mumbai, Maharashtra 400019, India"
37,38.pdf,04/08/2025,22:50,04/08/2025,22:55," डाँ बाबासाहेब आंबेडकर रोड , महेश्वरी सर्कल दक्षिण वाहीनी, माटुंगा पुर्व मुंबई 19 ,  ","Dr Babasaheb Ambedkar Road, Maheshwari Circle South Channel, Matunga East Mumbai 19,",19.0324705,72.8558824,"2VM4+3C3 South Indian Education Society High School, 3, KA Subramaniam Rd, Sundar Kamla Nagar, Matunga Central Railway Workshop, Brhmanwada, Matunga East, Mumbai, Maharashtra 400019, India"
38,40.pdf,05/08/2025,13:45,05/08/2025,14:00," सुब्रमण्यम रोड, एस आय ई एस स्कुल,, माटुंगा पुर्व मुंबई ,   ","Subramaniam Road, SIES School,, Matunga East Mumbai,",19.0212163,72.856531,"Nathalal Parekh Marg, Mumbai, Maharashtra 400031, India"
39,41.pdf,04/08/2025,13:10,04/08/2025,13:30," नाथालाल पारेख मार्ग, ए बी काँफी शाँप , वडाळा मुंबई ,-400031   ","Nathalal Parekh Marg, AB Coffee Shop, Wadala Mumbai,-400031",18.9629314,72.8471169,"Wadi Bandar, Mazgaon, Mumbai, Maharashtra, India"
40,42.pdf,12/06/2025,16:30,12/06/2025,17:00," गार्डनच्या बाजुला, वाडीबंदर, तुबाखु गल्ली, पंचतारा बार समोर, डोंगरी, मुंबई,  ","Beside Garden, Wadibandar, Tubakhu Galli, Opposite Panchtara Bar, Dongri, Mumbai,",19.0162949,72.842882,"Office No 130, 1st Floor, Hind Rajasthan Centre, Plot No 95, Dada Saheb Phalke Marg, Dadar East, Dadar, Mumbai, Maharashtra 400014, India"
41,43.pdf,01/01/2022,00:00,30/06/2024,00:00," 146/03, रोड नं 06, , हिंदु काँलनी,, दिवाण प्रकाश बिल्डींग,दादर पुर्व मुंबई 14   ","146/03, Road No. 06, Hindu Kanlani, Dewan Prakash Building, Dadar East Mumbai 14",19.0178029,72.8509365,"Jahangir Vimadalal Rd, Parsee Colony, Dadar, Mumbai, Maharashtra, India"
42,44.pdf,09/08/2025,22:00,09/08/2025,22:10," लेडी जहांगीर रोड, सेंट जोसेफ स्कूल च्या समोर, माटुंगा पुर्व मुंबई,   ","Lady Jahangir Road, Opposite St. Joseph's School, Matunga East Mumbai,",19.0169455,72.845955,"Dharam Putra, Dadar TT Cir, Dadar East, Dadar, Mumbai, Maharashtra 400014, India"
43,45.pdf,14/08/2025,19:00,14/08/2025,19:15," प्रितम हाँटेल शेजारी, ब्रॉड वे जंक्शन fa ए रोड , दादर पुर्व, मुंबई,  ","Beside Pritam Hotel, Broadway Junction FA Road, Dadar East, Mumbai,",19.0214243,72.833497,"Swatantryaveer Savarkar Rd, Mumbai, Maharashtra, India"
44,46.pdf,13/01/2025,11:10,13/01/2025,11:15," विर सावरकर मार्ग , , राजश्री प्रॉँडक्षन,, बस Ferg शेजारी,दादर पश्‍चिम » मुंबई ","Vir Savarkar Marg, , Rajshree Productions,, Near Bus Ferg, Dadar West » Mumbai",19.0513922,72.8222464,"Pereira Rd, Mount Mary, Bandra West, 400050, India"
45,47.pdf,23/01/2025,01:00,23/01/2025,01:05," परेरा रोड,, वांद्रे पश्‍चिम, मुं 50, ","PERERA ROAD,, BANDRA WEST, MU 50,",20.593684,78.96288,India
46,48.pdf,15/08/2025,17:25,15/08/2025,17:45," 251, जयशंकर याग्निक रोड,, भारत सेवा मंडळ, षण्मुखानंद हाँलजवळ,माट्‌ंगा,मुं,   ","251, Jaishankar Yagnik Road,, Bharat Seva Mandal, Near Shanmukananda Hall, Matanga, Mun.",19.0186534,72.8612355,"Wadala Bridge, Mumbai, Maharashtra, India"
47,49.pdf,18/08/2025,15:10,18/08/2025,15:20," वडाळा ब्रिज, पेन्सील बसस्टाँपच्या जवळ, माटुंगा पुर्व मुंबई, ","Wadala Bridge, Near Pencil Bus Stand, Matunga East Mumbai,",18.9612164,72.8436414,"P D'Mello Rd, Wadi Bandar, Mazgaon, Mumbai, Maharashtra, India"
48,50.pdf,14/06/2025,20:00,14/06/2025,20:15," पीडीमेलो रोड,, सिद्धीविनायक sea, नर्थ बण, वाडीबंदर, मुंबई 09 ,  1 ","Pdmello Road, Siddhivinayak sea, North Ban, Wadibandar, Mumbai 09 , 1",19.023992,72.8529026,"Jagatdev N.Varma Chowk or Kapole Niwas, Near Kings Circle Flyover, Dr Babasaheb Ambedkar Rd, Matunga East, Mumbai, Maharashtra 400019, India"
49,51.pdf,19/08/2025,22:00,20/08/2025,09:30," ST बि ए रोड , AS वेदांत कपोल निवास जवळ, माटुंगा पुर्व, मुंबई,   ","ST B A ROAD, NEAR AS VEDANT KAPOL NIWAS, MATUNGA EAST, MUMBAI,",19.0234516,72.8518424,"Unit No 1, Ground Floor, Devi Sadan, 209/B, Dr Babasaheb Ambedkar Rd, nearby Ruia Collage, Matunga East, Mumbai, Maharashtra 400019, India"
50,52.pdf,25/07/2025,11:00,08/08/2025,23:00," IDFC बँक शाखा , माटुंगा पुर्व मुंबई ,-400019   ","IDFC Bank Branch, Matunga East Mumbai,-400019",19.0134474,72.8448071,"Dr Babasaheb Ambedkar Rd, Dadar East, Mumbai, Maharashtra, India"
51,53.pdf,25/08/2025,22:30,25/08/2025,23:00," डाँ बीए रोड, उत्तरवाहीनी, खोदादाद सर्कन बस स्टाँप जवळ, दादर,पुर्व मुंबई,  ","Dr BA Road, Uttarwahini, Near Khodadad Sarkan Bus Stand, Dadar, East Mumbai,",19.0306869,72.85408749999999,"Tej Gaurav, Telang Rd, near Pioneer Hall, Brhmanwada, Matunga East, Mumbai, Maharashtra 400019, India"
52,54.pdf,21/08/2025,08:00,22/08/2025,08:00," 109 , तेलंग रोड, तेज गौरव हाऊस,, इमारतीच्या डाव्या बाजुस,माटुंगा मुंबई 19   ","109, Telang Road, Tej Gaurav House, Left Side of Building, Matunga Mumbai 19",19.0132771,72.84826509999999,"Prathamesh Tower-2, Prathamesh Tower 2, MMGS Marg, Dadar East, Dadar, Mumbai, Maharashtra 400014, India"
53,55.pdf,24/08/2025,10:00,24/08/2025,13:10," रूमनं 1101, प्रथमेश टाँवर,2 , वडाळा उदयोग भवन जवळ ,दादर पुर्व, मुंबई-400014   ","Room No. 1101, Prathamesh Tower, 2, Near Wadala Udyog Bhawan, Dadar East, Mumbai-400014",18.9640185,72.8418813,"J Rathod Marg, Mazgaon, Mumbai, Maharashtra 400010, India"
54,56.pdf,19/06/2025,14:15,19/06/2025,14:20," वाडीबंदर जंक्षन , डोंगरी , मुंबई,   ","Wadibandar Junction, Dongri, Mumbai,",18.9640185,72.8418813,"J Rathod Marg, Mazgaon, Mumbai, Maharashtra 400010, India"
55,57.pdf,19/06/2025,17:55,19/06/2025,18:00," वाडीबंदर ब्रिज येथील , षोचालयाच्या पाठीमागील जागेत , डोंगरी, मुंबई, ","At Wadibandar Bridge, Behind Shochalaya, Dongri, Mumbai,",19.0459703,72.82427980000001,"p, 03, Mount Mary, Bandra West, Mumbai, Maharashtra 400050, India"
56,58.pdf,23/01/2025,01:00,23/01/2025,02:00," परेरा रोड, बांद्रा पोलीस ठाणे , बिट क्र3 जवळ, , बांद्रा प मुंबई , ","Near Perera Road, Bandra Police Station, Bit No. 3, , Bandra P Mumbai,",19.0145298,72.8234748,"Veer Nariman Marg, Mumbai, Maharashtra 400030, India"
57,59.pdf,14/01/2025,20:56,13/01/2025,14:00," वीर नरीमन रोड, , नाना-नानी पार्क समोर, , वरळी कोळीवाडा, मुंबई  400030, ","Veer Nariman Road, , Opposite Nana-Nani Park, , Worli Koliwada, Mumbai 400030,",18.9565751,72.8403865,"Sholapur St, Dana Bandar, Mandvi, Mumbai, Maharashtra 400009, India"
58,60.pdf,19/06/2025,23:10,19/06/2025,23:50," सोलापुर स्ट्रीट, , डोंगरी, मंबई,   ","Solapur Street, , Dongri, Mumbai,",18.9565751,72.8403865,"Sholapur St, Dana Bandar, Mandvi, Mumbai, Maharashtra 400009, India"
59,61.pdf,19/06/2025,23:10,19/06/2025,23:50," सोलापुर स्ट्रीट, , डोंगरी, मंबई,   ","Solapur Street, , Dongri, Mumbai,",18.9529317,72.8415185,"P D'Mello Rd, Mumbai, Maharashtra, India"
60,62.pdf,20/06/2025,00:05,20/06/2025,00:15," पीडीमेलो रोड,घडयाळ गोदी,, सिध्दी विनायक हटेलच्या समोर,, वाडीबंदर, डोंगरी, मुंबई 09 ,   ","PDMello Road,Ghadyal Dock,,Opposite Siddhi Vinayak Hutel,,Wadibandar,Dongri,Mumbai 09,",18.9603804,72.8367035,"Jail Rd, Dongri, Umerkhadi, Mumbai, Maharashtra 400009, India"
61,63.pdf,20/06/2025,13:10,20/06/2025,14:00," जेलरोड, डोंगरी,, डोंगरी चिल्ड्रेन रूम समोरील फु, मुंबई 09, ","Jail Road, Dongri, Opposite Dongri Children's Room, Mumbai 09,",18.9594636,72.8362223,"Opps Habib Hospital, Chishtiya Height, Jail Rd S, Dongri, Umerkhadi, Mumbai, Maharashtra 400009, India"
62,64.pdf,05/06/2024,00:00,20/11/2024,00:00," 1303, जेल रोड,डोंगरी, चिष्तीया हाइट्स,, डोगरी मुबई , ","1303, Jail Road, Dongri, Chishtia Heights,, Dogri Mumbai,",18.9580513,72.8277012,"Sardar Vallabhbhai Patel Rd, Mumbai, Maharashtra, India"
63,65.pdf,20/06/2025,18:00,20/06/2025,18:15," एसटी बिल्डिंग जंक्षन, एस व्ही पी रोड, डोंगरी,, मुंबई   ","ST Building Junction, SVP Road, Dongri, Mumbai",19.2350735,72.8499786,"Dongri Rd, Govind Nagar, Borivali West, Mumbai, Maharashtra 400092, India"
64,66.pdf,23/06/2025,18:00,23/06/2025,18:10," बिआय टि चाळ क्र07 , समोरील फुटपाथ,डाँ मैशरी रोड, डोंगरी रोड मुंबई 09,   ","BIT CHAL NO 07, FRONT PAVEMENT, DA MAISHRI ROAD, DONGRI ROAD MUMBAI 09,",18.961044,72.8371543,"5, Navroji Hill Rd 1, Dongri, Umerkhadi, Mumbai, Maharashtra 400009, India"
65,67.pdf,23/06/2025,17:30,23/06/2025,18:00," नोरोजी हील रोड नं 05,, संभाजी मेदान गेटच्या बाजुला, फुटपाथवर, डोंगरी ,मुंबई 9 ","Noroji Hill Road No 05, Beside Sambhaji Medan Gate, Footpath, Dongri, Mumbai 9",18.9607599,72.8373529,"Navroji Hill Road 4, Dongri, Umerkhadi, 2, Navroji Hill Rd 2, Dongri, Umerkhadi, Mumbai, Maharashtra 400009, India"
66,68.pdf,22/06/2025,21:00,22/06/2025,21:00," सेंट जोसेफ हायस्कुल, जेल रोड, डोंगरी, मुंबई,   ","St. Joseph's High School, Jail Road, Dongri, Mumbai,",19.0484742,72.8273626,"50, KC Marg, HIG Colony, Mount Mary, Bandra West, Mumbai, Maharashtra 400050, India"
67,69.pdf,23/01/2025,00:30,23/01/2025,00:35," लाल मिट्टी, केसी मार्ग, , वांद्रे पश्‍चिम, मुंबई 50 ,   ","Lal Mitti, KC Marg, , Bandra West, Mumbai 50 ,",18.9621137,72.8377819,"XR6Q+R4V, Navroji Hill Rd 9, near Dalwi Garden, Noor Baug, Dongri, Umerkhadi, Mumbai, Maharashtra 400009, India"
68,70.pdf,23/06/2025,17:00,23/06/2025,17:25," सर जे जे रूग्णालयाच्या बाजूने , गणेष मंदिर, गरेज नं 04/ए, cole नं 10, ड मेश्री रोड,नुर बाग, डोंगरी, मुंबई 09   ","Beside Sir JJ Hospital, Ganesh Mandir, Garage No 04/A, Cole No 10, D Meshree Road, Noor Bagh, Dongri, Mumbai 09",19.0123537,72.8314798,"Sayani Rd, Mumbai, Maharashtra, India"
69,71.pdf,01/09/2015,00:00,30/06/2024,00:00," सयानी रोड, मोतीलाल ओसवाल cia, Wed, Aas  1 ","Sayani Road, Motilal Oswal cia, Wed, Aas 1",18.9573025,72.837042,"1st Flank Rd, Dongri, Umerkhadi, Mumbai, Maharashtra 400009, India"
70,72.pdf,23/06/2025,22:30,23/06/2025,23:25," पहिला फ्लँन्क रोड, डोंगरी, , मुंबई-09,   ","First Flank Road, Dongri, , Mumbai-09,",18.9581934,72.8320729,"Mumbai, Maharashtra, India"
71,73.pdf,24/06/2025,12:30,24/06/2025,12:45," शायदा मार्ग, न्यु पटेल Wet समोर डोंगर, मुंबई,   ","Shyda Marg, New Patel Wet Opposite Mountain, Mumbai,",18.9640185,72.8418813,"J Rathod Marg, Mazgaon, Mumbai, Maharashtra 400010, India"
72,74.pdf,24/06/2025,12:30,24/06/2025,12:50," वाडीबंदर ब्रिज वर,वाडीबंदर, , डोंगरी, मुंबई ,   ","Above Wadibandar Bridge, Wadibandar, , Dongri, Mumbai,",19.1760819,73.02288949999999,"Mumbra, Thane, Maharashtra, India"
73,75.pdf,25/06/2025,12:25,18/11/2018,00:00," 304/E, नौशीन टाँवर, तिसरा माळा, कादर Vora कोसा, मुंब्रा ठाणे ,   ","304/E, Nausheen Tower, 3rd Mala, Kadar Vora Kosa, Mumbra Thane,",18.9613473,72.83675199999999,"Baghdad Mansion, 83-Jail Road, Tambawala Building, Samantbhai Nanji Marg, Noor Baug, Dongri, Umerkhadi, Mumbai, Maharashtra 400009, India"
74,76.pdf,25/06/2025,12:50,25/06/2025,13:00," दीपक बार,जेलरोड,, डोंगरी,, मुंबई,   ","Deepak Bar, Jail Road, Dongri, Mumbai,",18.9629314,72.8471169,"Wadi Bandar, Mazgaon, Mumbai, Maharashtra, India"
75,77.pdf,25/06/2025,19:30,25/06/2025,20:00," वाडीबंदर उंपिग ग्रांउड,, मनोहर बार चे पाठीमागील बाजुस,, वाडीबंदर,मुंबई,   ","Wadibandar Umpig Ground,, Back side of Manohar Bar,, Wadibandar, Mumbai,",18.9584013,72.8382469,"Keshavji Naik Rd, Dongri, Umerkhadi, Mumbai, Maharashtra 400009, India"
76,78.pdf,27/06/2025,14:30,27/06/2025,14:40," केशवजी नाईक रोड, होम तुरंत ट्रान्सपोर्ट, विश्व, डोंगरी, मुंबई -09 ,   ","Keshavji Naik Road, Home Instant Transport, Vishwa, Dongri, Mumbai-09,",18.9564685,72.83458499999999,"Bhisti Mohalla, 43, Zakeria Masjid St, Abdul Sattar wahidna bldg, 3rd, floor, Room no:17, XR4M+GP7, Dongri, Mandvi, Mumbai, Maharashtra 400009, India"
77,79.pdf,27/06/2025,07:30,27/06/2025,08:00," 012,तळ मजला, 67 बंजारा बिल्डी, गरीब नवाज मस्जिद च्या समोर,, बिस्ती मोहल्ला, डोंगरी 09,   ","012, Ground Floor, 67 Banjara Building, Opposite Garib Nawaz Masjid, Bisti Mohalla, Dongri 09,",19.0543474,72.83623089999999,"50, Jain Mandir Rd, Santosh Nagar, Bandra West, Mumbai, Maharashtra 400050, India"
78,80.pdf,23/01/2025,03:00,23/01/2025,05:30," राजीव नगर झोपडपट्टी, पहिला माळ, नुराणी मस्जिद जवळ, जैन मंदीर ज, वांद्रे पश्‍चिम, मुंबई 50,   ","Rajiv Nagar Slum, 1st Floor, Near Nurani Masjid, Jain Mandir J, Bandra West, Mumbai 50,",18.9603804,72.8367035,"Jail Rd, Dongri, Umerkhadi, Mumbai, Maharashtra 400009, India"
79,81.pdf,25/04/2025,15:45,25/04/2025,19:30," 123, हवाबाई बिल्डींग, जेल रोड ईस्ट, शीतपेयाचे दुकान , उमरखाडी, डोंगरी, मुंबई,  ","123, Hawabai Building, Jail Road East, Soft Drink Shop, Umarkhadi, Dongri, Mumbai,",18.9597509,72.83781499999999,"Dongri, Umerkhadi, Mumbai, Maharashtra 400009, India"
80,82.pdf,11/09/2024,19:10,11/09/2024,19:25," बीआयटी चाळ नं01, तिसरा माळा, सन्डहरुट रोड रे, डोंगरी, मुंबई,,   ","BIT CHAL NO.01, THIRD MALA, SANDHRUT ROAD RE, DONGRI, MUMBAI,",19.0105081,72.8244067,"Shree Sai Sundar Nagar, Century Bazaar, Prabhadevi, Mumbai, Maharashtra, India"
81,83.pdf,12/01/2025,16:00,17/01/2025,23:00," 1206, , सेन्चुरी बाझार ,, बिल्डींग नं04, , श्री साई सुंदर नगर, ,प्रभादेवी , मुंबई 400025 ","1206, Century Bazaar, Building No. 04, Sri Sai Sundar Nagar, Prabhadevi, Mumbai 400025",18.956071,72.83694799999999,"168/180, Chinch Bunder Road, Surathiya Muslim Ghanchi Jamat Khana, Shaida Marg, opposite Khoja, Bhat Bazar, Dongri, Mandvi, Mumbai, Maharashtra 400009, India"
82,84.pdf,30/06/2025,11:30,30/06/2025,12:30," शायदा मार्ग , न्यु पटेल रेस्टरं, डोगरी मुबई ,   ","Shayda Marg, New Patel Restaurant, Dogri Mumbai,",18.9580513,72.8277012,"Sardar Vallabhbhai Patel Rd, Mumbai, Maharashtra, India"
83,85.pdf,15/06/2025,00:00,30/06/2025,00:00," एसव्हीपीरोड, रेहमानशहाबाबा दर्गाचे गेट जवळ,, डोंगरी, मुंबई ,   ","SVP Road, Near Rehman Shah Baba Dargache Gate,, Dongri, Mumbai ,",18.9192861,72.826784,"F Block, 2nd Pasta Ln, Badhwar Park, Apollo Bandar, Colaba, Mumbai, Maharashtra 400005, India"
84,86.pdf,03/05/2025,13:30,03/05/2025,16:00," 79, बधवार पार्क, रेल्वे कर्टर्स, चोथा माळा, एफ ब्लक, कुलाबा, मुंबई 400005,   ","79, Badhwar Park, Railway Courts, Chotha Mala, F Block, Colaba, Mumbai 400005,",18.913624,72.82468399999999,"Sassoon Complex, Sassoon Dock Rd, Azad Nagar, Colaba, Mumbai, Maharashtra 400005, India"
85,87.pdf,04/05/2025,07:00,04/05/2025,07:30," ससुन Sih पोलीस चौकी समोर,, बीपीटी ऑफिस जवळ,, ससुन sich, कुलाबा, मुंबई ,   ","Opposite Sassoon Sih Police Outpost,, Near BPT Office,, Sassoon Sich, Colaba, Mumbai.",18.9260716,72.8302654,"15, Madame Cama Rd, Mantralaya, Fort, Mumbai, Maharashtra 400032, India"
86,88.pdf,07/04/2025,12:10,07/04/2025,12:45," मादाम कामा रोड , आंबेडकर जंक्शन, इन्सटिटयुट ऑफ सायन्स, ","Madam Cama Road, Ambedkar Junction, Institute of Science,",18.9067031,72.8147123,"Colaba, Mumbai, Maharashtra, India"
87,89.pdf,08/05/2025,10:20,08/05/2025,18:15," वुड हाउस रोड, कन्पीयन स्कुलच्या जवळ, कुलाबा मुंबई,   ","Wood House Road, Near Kanpiyan School, Colaba Mumbai,",18.917547,72.8290794,"Strand Cinema, Strand Rd, Apollo Bandar, Colaba, Mumbai, Maharashtra 400005, India"
88,90.pdf,10/05/2025,20:45,10/05/2025,23:35," एव्हरेस्ट स्टोअर, शुभ सागर हॉटेलच्या बाजुला, कुलाबा मार्केट, मुंबई,   ","Everest Store, Beside Shubh Sagar Hotel, Colaba Market, Mumbai,",19.0514817,72.8223577,"Pereira Rd, Mount Mary, Bandra West, Mumbai, Maharashtra 400050, India"
89,91.pdf,24/01/2025,01:00,24/01/2025,01:00," परेरा रोड, , वांद्रे पश्‍चिम, मुंबई 50, ","Perera Road, , Bandra West, Mumbai 50,",18.9216805,72.8331884,"No 4, New Airport Road, Apollo Bandar, Viman Nagar, Pune, Mumbai, Maharashtra 400001, India"
90,92.pdf,12/05/2025,04:00,12/05/2025,04:05," पी रामचंदानी रोड,जेट्टी HO5, जवळ,ताज हॉटेल मेन गेटसमोर,, कुलाबा, मुंबई,   ","P Ramchandani Road, Near Jetty HO5, Opposite Taj Hotel Main Gate,, Colaba, Mumbai,",18.9067031,72.8147123,"Colaba, Mumbai, Maharashtra, India"
91,93.pdf,12/05/2025,17:00,12/05/2025,21:15," लेदर वर्ल्ड डिझाईन डि2 स्केअर,, बी cost फूट वेअर, एस बी रोड,, कुलाबा, मुंबई, ","LEATHER WORLD DESIGN D2 SCARE,, B COST FOOT WEAR, S B ROAD,, COLABA, MUMBAI,",18.914574,72.8244574,"Shahid Bhagat Singh Rd, Colaba, Mumbai, Maharashtra, India"
92,94.pdf,08/05/2025,05:15,08/05/2025,06:00," एस बी एस रोड,ससुन डाक, मुख्य प्रवेशद्वार,समोरील बाजूस, कुलाबा मुंबई, ","SBS ROAD, SASSUN DAK, MAIN ENTRANCE, OPPOSITE, COLABA MUMBAI,",19.0214243,72.833497,"Swatantryaveer Savarkar Rd, Mumbai, Maharashtra, India"
93,95.pdf,18/12/2024,13:40,18/12/2024,14:00," एस व्ही एस रोड , , श्री सिध्दीविनायक मंदिर जवळ, , प्रभादेवी , ,मुंबई ","SVS Road, , Near Sri Siddhivinayak Mandir, , Prabhadevi, ,Mumbai",18.9228403,72.8338811,"WRFM+4HJ, opposite to Gateway of India, Apollo Bandar, Colaba, Mumbai, Maharashtra 400001, India"
94,96.pdf,11/05/2025,20:45,11/05/2025,20:50," छत्रपती शिवाजी महाराज पुतळयासम, गेट वे ऑफ इंडिया परीसर, कुलाबा मुंबई,   ","Chhatrapati Shivaji Maharaj Statue, Gateway of India Complex, Colaba Mumbai,",19.1495731,72.9298828,"Shop No - 3, Jamal Manjil, Sarvodaya Nagar, Bhandup West, Mumbai, Maharashtra 400078, India"
95,97.pdf,18/04/2025,19:00,18/04/2025,20:00," महाराजा हाँटेल समोर,, कार्डीयनल ग्रेसेस रोड, , अंधेरी पुर्व, मुंबई,   ","Opposite Maharaja Hotel,, Cardinal Graces Road, , Andheri East, Mumbai,",19.1110621,72.8655922,"J B Nagar, Andheri East, Mumbai, Maharashtra, India"
96,98.pdf,18/04/2025,22:00,18/04/2025,23:00," आशिर्वाद सोसायटी,जेबीनगर,, चकाला,अंधेरी पूर्व Aas 40006,   ","Ashirwad Society, JB Nagar,, Chakala, Andheri East Aas 40006,",19.1157705,72.8462247,"GK Gokhale Bridge, Andheri East, Mumbai, Maharashtra, India"
97,99.pdf,19/04/2025,01:00,19/04/2025,03:00," साईवाडी जंक्षनजवळ, गोखले ब्रिज दक्षिण वाहीनी सत्र, अंधेरी पुर्व , ","Near Saiwadi Junction, Gokhale Bridge South Channel Session, Andheri East,",19.1663499,72.8586234,"Western Express Hwy, India"
98,100.pdf,04/04/2025,09:55,04/04/2025,10:00," आपला दवाखाना बीएमसी गुंदवली, वेस्टर्न एक्सप्रेस हायवेला , लागुन अंधेरी पूर्व, मुंबई, ","Our Clinic BMC Gundawali, Western Express Highway, Lagoon Andheri East, Mumbai,",19.1040338,72.8592259,"Metro Avenue, Satya Nagar, Bamanwada, Andheri East, Mumbai, Maharashtra 400099, India"
99,101.pdf,20/04/2025,01:00,20/04/2025,01:10," टब जंक्षन,, अंधेरी पुर्व, मुंबई, ","Tub Junction,, Andheri East, Mumbai,",19.0484742,72.8273626,"50, KC Marg, HIG Colony, Mount Mary, Bandra West, Mumbai, Maharashtra 400050, India"
100,102.pdf,24/01/2025,00:45,24/01/2025,00:45," लालमिटटी ,, के सी मार्ग ,, वांद्रे पश्‍चिम मुंबई 50,   ","Lalmitti,, KC Marg,, Bandra West Mumbai 50,",19.1142059,72.8496151,"Saiwadi, Vijay Nagar, Andheri East, Mumbai, Maharashtra 400069, India"
101,103.pdf,21/04/2025,00:20,21/04/2025,01:30," गोखले ब्रिज दक्षिण वाहीनी सत्र, साईवाडी जंक्षनजवळ,, अंधेरी पुमुंबई , ","Gokhale Bridge South Channel Session, Near Saiwadi Junction, Andheri Mumbai,",19.1233127,72.8528516,"Old Nagardas Rd, Mumbai, Maharashtra, India"
102,104.pdf,21/04/2025,18:00,21/04/2025,18:10," जुना नागरदास रोड च्या बाजूस, रेल्वे लाईन लगतच्या, स्कायवकवर जाणाया,ब्रिजच्या जिन्याजवळ अंधेरी पु   ","On the side of Old Nagardas Road, next to the railway line, go to the skywalk, near the staircase of the bridge, Andheri Pu",19.1241576,72.85001989999999,"4VF2+M26, New Nagardas Rd, Mogra Village, Mogra Pada, Natwar Nagar, Andheri East, Mumbai, Maharashtra 400069, India"
103,105.pdf,21/04/2025,16:00,21/04/2025,16:05," पब्लिक ब्रीज, पिंपळेश्वर मंदिर, नागरदास रोड, , अंधेरी पूर्व मुंबई ,   ","Public Bridge, Pimpaleshwar Temple, Nagardas Road, Andheri East Mumbai,",19.1217335,72.8471253,"Andheri Public Pedestrian Brg, Mumbai, Maharashtra, India"
104,106.pdf,21/04/2025,17:00,21/04/2025,17:05," अंधेरी ईस्ट वेस्ट पब्लीक ब्रीज, शिव मंदिर च्या बाजूला,, अंधेरी पुर्व, मुंबई,  ","Andheri East West Public Bridge, Beside Shiv Mandir,, Andheri East, Mumbai,",19.0166847,72.8403763,"ground floor, Senapati Bapat Marg, beside Kohinoor Technical institute, opposite flowers and petals shop, Dadar West, Dadar, Mumbai, Maharashtra 400028, India"
105,107.pdf,03/02/2025,23:19,03/02/2025,23:25," सेनापती बापट मार्ग, दक्षिण वा, शिवसेना शाखेसमोर, मनिश मार्केट, दादर प मुंबई 28, ","Senapati Bapat Marg, South Wa, Opposite Shiv Sena Branch, Manish Market, Dadar P Mumbai 28,",19.1179928,72.84924199999999,"Andheri Old Ploice Line, 4R9X+5MX, Teli Gali, Andheri East, Mumbai, Maharashtra 400069, India"
106,108.pdf,21/04/2025,16:00,21/04/2025,16:05," पब्लिक ब्रीज, पिंपळेष्वर मंदिर, नागरदास रोड,, अंधेरी पूर्व मुंबई,सार्वजनिक पादचारी   ","Public Bridge, Pimpleshwar Mandir, Nagardas Road, Andheri East Mumbai, Public Pedestrian",19.1248877,72.8494037,"New Nagardas Rd, Natwar Nagar, Andheri East, Mumbai, Maharashtra 400069, India"
107,109.pdf,21/04/2025,17:30,21/04/2025,18:00," TWILL मंदीर जवळ,, नवीन नागरदास रोड,, अंधेरी पुर्व मुंबई ,   ","NEAR TWILL MANDER,, NEW NAGARDAS ROAD, ANDHERI EAST MUMBAI ,",19.1116523,72.85117869999999,"Koldongri, Andheri East, Mumbai, Maharashtra 400069, India"
108,110.pdf,22/04/2025,18:45,22/04/2025,19:30," वडारपाडा,, कोलडोंगरी , अंधेरी पु मुंबई ,   ","Vadarpada, Koldongri, Andheri PU Mumbai,",19.1178548,72.8631304,"Andheri East, Mumbai, Maharashtra, India"
109,111.pdf,23/04/2025,01:00,23/04/2025,01:10," अंधेरी रेल्वे स्टेशन जवळील रोड, वर, अंधेरी पुर्व मुंबई, ","Near Andheri Railway Station Road, Up, Andheri East Mumbai,",19.1201539,72.8476582,"Andheri, Railway Colony, Andheri East, Mumbai, Maharashtra 400053, India"
110,112.pdf,22/04/2025,20:15,22/04/2025,20:50," सेन्को गोल्ड अँण्ड डायमंड शप, अंधेरी मेट्रो स्टेशन, , अंधेरी पुर्व, मुंबई,  ","Senko Gold and Diamond Shop, Andheri Metro Station, , Andheri East, Mumbai,",19.0477202,72.82712599999999,"20, Bandra Reclamation Rd, Mount Mary, Bandra West, Mumbai, Maharashtra 400050, India"
111,113.pdf,02/01/2025,12:00,02/01/2025,19:00," रूम नं 02, चाळ नं 20, बांद्रा , रेक्लेमेशन टान्झिस्ट कम्प, , आलिया वर्जन हॉस्पिटच्या जवळ, वांद्रे प मुबंई ","ROOM NO 02, CHALL NO 20, BANDRA, RECLAMATION TANGIST COMP, , NEAR ALIA VERSION HOSPITAL, BANDRA P MUMBAI",19.0484742,72.8273626,"50, KC Marg, HIG Colony, Mount Mary, Bandra West, Mumbai, Maharashtra 400050, India"
112,114.pdf,24/01/2025,13:40,24/01/2025,13:40," अडाँप्ट सामाजिक संस्था , रंगशारदा हॉटेलच्या बाजुला,, बांद्रा पश्‍चिम,मुंबई 50,केसी मार्ग   ","ADOPT SOCIAL SOCIETY, NEXT TO RANGSHARADA HOTEL,, BANDRA WEST, MUMBAI 50, KC MARG",19.113645,72.8697339,"Andheri, Maharashtra 400059, India"
113,115.pdf,10/12/2024,14:00,20/12/2024,15:00," इंडसीण्ड बँक fer, शाखा- अंधेरी,  ","Indusind Bank fer, Branch- Andheri,",19.1110933,72.8515629,"Lane Number 2, Koldongri, Andheri East, Mumbai, Maharashtra 400069, India"
114,116.pdf,18/04/2025,12:00,18/04/2025,12:30," कोलडोंगरी, लेन नं 2,, निर्भय खालसा सोसायटी, , अंधेरी पुर्व मुंबई,   ","Koldongari, Lane No 2,, Nirbhay Khalsa Society, , Andheri East Mumbai,",19.1110933,72.8515629,"Lane Number 2, Koldongri, Andheri East, Mumbai, Maharashtra 400069, India"
115,117.pdf,18/04/2025,12:00,18/04/2025,12:30," कोलडोंगरी, लेन नं 2,, निर्भय खालसा सोसायटी, , अंधेरी पुर्व, मुंबई,   ","Koldongari, Lane No 2,, Nirbhay Khalsa Society, , Andheri East, Mumbai,",19.1087602,72.8562652,"Sahar Rd, Andheri East, Mumbai, Maharashtra, India"
116,118.pdf,25/02/2022,14:00,13/07/2024,13:00," केसरबाई चाळ सहार रोड,, तेली गल्ली Ha रोड,, अंधेरी पुर्व, मुंबई 69,   ","Kesarbai Chal Sahar Road, Teli Galli Ha Road, Andheri East, Mumbai 69,",19.1255768,72.8530246,"Parsi Panchayat Rd, Andheri East, Mumbai, Maharashtra 400069, India"
117,119.pdf,24/04/2025,00:25,24/04/2025,01:25," रामभुवन बार अँण्ड रेस्टॉरेन्ट, पारशी पंचायत रोड, अंधेरी पुर्व मुंबई ,   ","Rambhuvan Bar and Restaurant, Parshi Panchayat Road, Andheri East Mumbai,",19.0122794,72.8285777,"New Prabhadevi Rd, Prabhadevi, Mumbai, Maharashtra 400025, India"
118,120.pdf,03/07/2023,00:00,24/04/2024,00:00," 05, नागू सयाची वाडी,, पत्रा चाळ,निअर पावर हाउस, प्रभादेवी रोड,प्रभादेवी,मुंबई,   ","05, Nagu Sayachi Wadi, Patra Chal, Near Power House, Prabhadevi Road, Prabhadevi, Mumbai,",19.0353849,72.8423036,"Mahim, Mumbai, Maharashtra, India"
119,1003.pdf,09/02/2025,01:00,09/02/2025,01:00," कोंबडी गल्ली, माहीम काँजवे, बांद्रा पश्‍चिम मुंबई 50 , ","KOMBDI GALLI, MAHIM KANJAVE, BANDRA WEST MUMBAI 50 ,",19.1954106,72.86573229999999,"5VW8+579, Kandivali, Hanuman Nagar, Kandivali East, Mumbai, Maharashtra 400101, India"
120,1010.pdf,10/02/2025,00:00,10/02/2025,01:30," माउंटमेरी पोलीस चौकी , बिट क्र-3, परेरा रोड,, बांद्रा प मुंबई ,  ","MOUNTMARY POLICE CHOWKI, BIT NO-3, PERERA ROAD, BANDRA P MUMBAI,",24.8937383,74.6382635,"Street Number 3, Chandan Pura, Chittorgarh, Rajasthan 312001, India"
121,1012.pdf,01/03/2023,00:00,04/10/2024,00:00," feat कलनी, छीपा मोहल्ला,, गल्ली नं3, रतन बाग जवळ, , चित्तोडगढ, जिल्हा चित्तोडगढ, ,राजस्थान  ","feat Kalni, Chhipa Mohalla,, Galli No. 3, Near Ratan Bagh, , Chittorgarh, District Chittorgarh, ,Rajasthan",19.0595596,72.8295287,"Bandra West, Mumbai, Maharashtra, India"
122,1006.pdf,20/01/2025,00:00,20/01/2025,15:27," वांद्रे पश्‍चिम, मुंबई,   ","Bandra West, Mumbai,",19.0353849,72.8423036,"Mahim, Mumbai, Maharashtra, India"
123,1011.pdf,09/02/2025,21:00,10/02/2025,02:00," कोंबडी गल्ली, माहीम कजवे, , बांद्रा प, ","KOMBDI GALLI, MAHIM KAJVE, , BANDRA P,",19.0498586,72.8351883,"Western Express Hwy, Bandra West, Mumbai, Maharashtra, India"
124,1007.pdf,06/01/2025,18:45,06/01/2025,18:45," वेस्टर्न एक्सप्रेस हायवे ,, साउथ बॉन्ड यु ब्रिज जवळ ,, वांद्रे प मुंबई ,   ","Western Express Highway,, Near South Bond U Bridge,, Bandra P Mumbai,",19.0479326,72.8268879,"25, Suman Apartments, west bus depot, KC Marg, Reclamation, Bandra West, Mumbai, Maharashtra 400050, India"
125,1005.pdf,09/02/2025,11:30,09/02/2025,13:00," नेवल डिसुझा फुटबाँल ग्राउंड, पार्किंग, वांद्रे रिक्‍लेमेशन, , वांद्रे पश्‍चिम, मुंबई,   ","Naval D'Souza Football Ground, Parking, Bandra Reclamation, , Bandra West, Mumbai,",19.0524576,72.82198369999999,"50, BJ Road, Ranwar, Bandra West, Mumbai, Maharashtra 400050, India"
126,1008.pdf,09/02/2025,20:00,09/02/2025,20:10," Te बिल्डींगच्या समोरील , बस स्टाँप, बीजे रोड, , वांद्रे पश्‍चिम, मुंबई 50,   ","Opposite Te Building, Bus Stand, BJ Road, Bandra West, Mumbai 50,",19.0564895,72.8387903,"A-2, Gurunanak Rd, near National Restaurant, Bandra West, Mumbai, Maharashtra 400050, India"
127,1004.pdf,04/02/2025,20:30,09/02/2025,09:00," रूम नं ए -19, दुसरा माळा, , नूतन नगर को ऑप हो सोसायटी, बांद्रा तलाव समोर, गुरू नानक ,रोड, बांद्रा प, मुंबई 50  1 ","Room No. A-19, 2nd Mala, , Nutan Nagar Co Op Ho Society, Opposite Bandra Lake, Guru Nanak Road, Bandra P, Mumbai 50 1",19.0575891,72.8314259,"Prof. Almeida Park, Reminess, Prof. Almeda Pk Rd, 8th Rd, Bandra West, Mumbai, Maharashtra 400050, India"
128,1009.pdf,08/02/2025,18:00,08/02/2025,18:10," विनरीटा बिल्डींगच्या मुख्य , गेटजवर, अल्मेडा पार्क, , बांद्रा प मुंबई ","Main Gate of Vinreta Building, Alameda Park, Bandra, Mumbai",19.051016,72.8355244,"14, LK Mehta Marg, Reclamation, Bandra West, Mumbai, Maharashtra 400050, India"
129,1014.pdf,09/02/2025,22:30,10/02/2025,05:00," यु ब्रिज खाली, केसी मार्ग, लालमिट्टि, वांद्रे प मुबंई,  ","Below U Bridge, KC Marg, Lalmitti, Bandra P Mumbai,",19.0541202,72.8284443,"Waroda Rd, Ranwar, Bandra West, Mumbai, Maharashtra 400050, India"
130,1015.pdf,18/12/2024,12:40,18/12/2024,12:40," Safer अपार्टमेन्टचे टेरीसवरून, वरोडा रोड, बांद्रा पश्‍चिम, मु,   ","From Terrace of Safer Apartments, Waroda Road, Bandra West, Mu.",19.0595596,72.8295287,"Bandra West, Mumbai, Maharashtra, India"
131,1016.pdf,10/02/2025,10:15,10/02/2025,10:15," वांद्रे हायवे साऊथ बॉन्ड , वांद्रे प मुं 50,   ","Bandra Highway South Bond, Bandra Pm 50,",19.0605659,72.8303384,"Premalaya, 16th Rd, near Guru Nanak Park, Bandra West, Mumbai, Maharashtra 400050, India"
132,1013.pdf,14/01/2025,22:30,15/01/2025,05:30," प्रेमालया बिल्डींगच्या समोर,, गुरूनानक पार्क जवळ, 16 वा रोड, वांद्रे प मुबंई,   ","Opp Premalaya Building,, Near Guru Nanak Park, 16th Road, Bandra P Mumbai,",18.9581934,72.8320729,"Mumbai, Maharashtra, India"
133,1017.pdf,13/08/2024,00:00,10/02/2025,00:00," 701, रहेजा कमल, प्लॉट 202 , टीपीएस 03,28 वा Wa, वादे प मुंबई 50,   ","701, Raheja Kamal, Plot 202, TPS 03, 28th Wa, Vade P Mumbai 50,",19.0516479,72.83949799999999,"falak seva mandal Maulana Baba Lane, 3R2Q+MQ5, behind Jama Masjid, C Block BKC, Bandra West, Mumbai, Maharashtra 400050, India"
134,1018.pdf,04/01/2025,23:00,05/01/2025,09:00," फलकसेवा मंडळ मैदान, वांद्रे पश्‍चिम, मुंबई 50 ,   ","Falakseva Mandal Maidan, Bandra West, Mumbai 50,",19.0551942,72.83733149999999,"S.V. Road, Bandra West, Mumbai, Maharashtra 400050, India"
135,1019.pdf,23/11/2022,00:00,29/01/2025,15:56," 04, तळ मजला, अंतुबाई ब्लॉक,, 170,सागा शॉपिंग सेन्टर समोर,, एस व्ही रोड,बांद्रा वेस्ट,मुंबई-400050   ","04, GROUND FLOOR, ANTUBAI BLOCK,, 170, OPPOSITE SAGA SHOPPING CENTRE,, SV ROAD, BANDRA WEST, MUMBAI-400050",19.056377,72.82395670000001,"rabiya mansion, 44, Chimbai Rd, near Shop no 3, Chimbai Village, Bandra West, Mumbai, Maharashtra 400050, India"
136,1021.pdf,30/01/2024,00:00,29/01/2025,17:35," राबिया मेन्शन, 44 ,चिंबई रोड,, कोळीवाडा, बांद्रा पश्‍चिम, मुंबई -,-400050   ","Rabia Mansion, 44, Chimbai Road, Koliwada, Bandra West, Mumbai -,-400050",19.0472352,72.8402625,"Fisherman Colony, 2RWR+V4R, Ramgad, Mahim West, Mahim, Mumbai, Maharashtra 400016, India"
137,1022.pdf,05/02/2025,10:30,10/02/2025,23:30," फ्लँट क्र, 22,कांचन को-ऑप हाउसिंग सोसा, बिल्डींग नं 13, HIG कलनी, , Rated बस डेपो जवळ,,के सी रोड,वांद्रे पश्‍चिम मुंबई-400050   ","Flat No, 22, Kanchan Co-op Housing Sosa, Building No 13, HIG Kalni, , Near Rated Bus Depot,, KC Road, Bandre West Mumbai-400050",19.0585097,72.8332135,"1st Rd, TPS 4, Bandra West, Mumbai, Maharashtra 400050, India"
138,1020.pdf,06/03/2024,00:00,29/01/2025,16:31," 08, सन किस्ट/विंडलिफ ,, पहिला रस्ता, टीपीएस 4,, पहिला माळा, वॉटरफिल्ड रोड,,बांद्रा पश्‍चिम, मुंबई--400050   ","08, SUN KIST/WINDLIFE,, FIRST ROAD, TPS 4,, FIRST FLOOR, WATERFIELD ROAD,,BANDRA WEST, MUMBAI--400050",19.0536345,72.8336849,"Highland Court Apartments, Santosh Nagar, Bandra West, Mumbai, Maharashtra 400050, India"
139,1026.pdf,09/02/2025,17:30,09/02/2025,17:30," हाईलन्ड कोर्ट बिल्डींग मधील , वाँचमेन रूम, बाझार रोड , वांद्रे प मुबंई,   ","WATCHMEN'S ROOM, BAZAR ROAD, BANDRA, MUMBAI, IN HIGHLAND COURT BUILDING",19.0609346,72.8232834,"Perry Cross Rd, Bandra West, Mumbai, Maharashtra 400050, India"
140,1025.pdf,20/04/2024,00:00,29/10/2024,00:00," 202, कल्पक हॉँरमस, पेरी क्रॉस रोड,, वांद्रे प, मुंबई,   ","202, KALPAK HONRAMUS, PERRY CROSS ROAD,, BANDRA P, MUMBAI,",19.0595596,72.8295287,"Bandra West, Mumbai, Maharashtra, India"
141,1024.pdf,11/02/2025,17:00,11/02/2025,17:10," पाली नाकयाजवळ, , बॉम्बे स्टीटजवळ, बांद्रा पश्‍चिम, मुंबई 50 ,  ","Near Pali Nakaya, , Near Bombay St, Bandra West, Mumbai 50 ,",19.051016,72.8355244,"14, LK Mehta Marg, Reclamation, Bandra West, Mumbai, Maharashtra 400050, India"
142,1023.pdf,11/02/2025,16:30,11/02/2025,16:40," के सी मार्ग, एमटीएनएल, समोर, लालमिट्टी,, वांद्रे प,मुंबई,  ","KC Marg, MTNL, Opposite, Lalmitti,, Bandra P, Mumbai,",19.0444997,72.8200037,"Agnel Technical Education, Bandstand Promenade, Mount Mary, Bandra West, Mumbai, Maharashtra 400050, India"
143,1027.pdf,12/02/2025,16:00,12/02/2025,16:00," फादर अँन्गेल बस स्टाँपवरून , केन रोड वांद्रे पश्‍चिम मुंबई,   ","From Father Angel Bus Stand, Kane Road Bandra West Mumbai,",19.0595596,72.8295287,"Bandra West, Mumbai, Maharashtra, India"
144,1028.pdf,12/02/2025,16:30,12/02/2025,16:30," लालमिठ्ठी परिसर, वांद्रे प मु, ","Lalmitthi Precinct, Bandra PMU,",19.0510479,72.8385002,"1, 50, Swami Vivekanand Rd, Near Jama Masjid, C Block BKC, Qurese Nagar, Bandra West, Mumbai, Maharashtra 400050, India"
145,1029.pdf,07/01/2025,02:30,07/01/2025,02:30," लकी हाँटेलजवळील सिग्नल, एसव्ही रोड, वांद्रे पश्‍चिम, मुंबई 50,  1 ","Signal Near Lucky Hotel, SV Road, Bandra West, Mumbai 50, 1",19.0459022,72.8209537,"Kane Rd, Mount Mary, Bandra West, Mumbai, Maharashtra 400050, India"
146,1030.pdf,12/02/2025,18:00,12/02/2025,18:00," सिस्टर बंगलो बस 211स्टॉपवरून, केन रोड वांद्रे पश्‍चिम मुंबई,   ","From Sister Bungalow Bus 211 Stop, Kane Road Bandra West Mumbai,",19.0479366,72.8270418,"B.N.D. Reclamation Bus Station, KC Marg, Nityanand Nagar, ONGC Colony, Bandra West, Mumbai, Maharashtra 400050, India"
147,1031.pdf,12/02/2025,20:10,12/02/2025,20:10," नित्यानंदनगर झोपडपटटी, , रिक्लेमेशन बस डेपोसमोर, , वांद्रे प, मंबई, ","Nityanandnagar Slum, , Opposite Reclamation Bus Depot, , Bandra P, Mumbai,",19.0560816,72.82403750000002,"Chimbai Village, Bandra West, Mumbai, Maharashtra 400050, India"
148,1032.pdf,11/02/2025,15:00,11/02/2025,17:00," 106, ओम साई अपार्टमेंट, , दिलखुश अपार्टमेंट जवळ, , चिंबई, वांद्रे प मुबंई 50 ,   ","106, Om Sai Apartment, , Near Dilkush Apartment, , Chimbai, Bandra P Mumbai 50 ,",,,
149,1034.pdf,29/01/2025,00:00,29/01/2025,00:00," ट्रायोस , रोज मेरी अपा ,वांद्रेप मुं ,   ","Trios, Rose Mary Apa, Vandrep Mum,",19.051016,72.8355244,"14, LK Mehta Marg, Reclamation, Bandra West, Mumbai, Maharashtra 400050, India"
150,1033.pdf,13/02/2025,02:15,13/02/2025,02:15," यु ब्रीज जवळ, लाल मिटटी, वांद्रे प, मुंबई-50 ,   ","Near U Bridge, Lal Mitti, Bandre P, Mumbai-50,",19.0625008,72.8308923,"16th Rd, Khar West, Mumbai, Maharashtra 400050, India"
151,1037.pdf,13/02/2025,18:30,13/02/2025,18:30," तिसावा रस्ता ते मिया कबाब , वांद्रे पश्‍चिम मुंबई 50,  1 ","Tisava Rasta to Mia Kebab, Bandra West Mumbai 50, 1",18.9581934,72.8320729,"Mumbai, Maharashtra, India"
152,1035.pdf,13/02/2025,16:50,13/02/2025,16:50," लालमिठ्ठी परिसर,, द्रे प मुंबई 50 , ","Lalmitthi Precinct,, Dr. Mumbai 50,",19.0353849,72.8423036,"Mahim, Mumbai, Maharashtra, India"
153,1036.pdf,13/02/2025,18:00,13/02/2025,18:00," खेरवाडीकडुन माहीम काँजवे कडे, जाणारा रस्ता, वांद्रे प मुबंई 50, ","From Kherwadi to Mahim Kanjwe Road, Bandra P Mumbai 50,",19.0545819,72.8344499,"50, Chinchpokli Rd, Santosh Nagar, Bandra West, Mumbai, Maharashtra 400050, India"
154,1039.pdf,13/02/2025,18:30,14/02/2025,04:10," SIFT मर्कन्टाईल को , Hes बक चिंचपोकळी रोड, वांद्रे पश्‍चिम मुबई 50,  ","SIFT Mercantile Co, Hes Buck Chinchpokli Road, Bandra West Mumbai 50,",19.059534,72.8214028,"Jogger's Park, Sangeet Samrat Naushad Ali Rd, Bandra West, Mumbai, Maharashtra 400050, India"
155,1041.pdf,13/02/2025,20:00,14/02/2025,10:00," वांद्रे जाँगर्स पार्कजवळ,, कार्टर रोड वांद्रे पश्‍चिम मुंब,   ","NEAR JANGERS PARK BANDRA, CARTER ROAD BANDRA WEST MUMB,",19.0595596,72.8295287,"Bandra West, Mumbai, Maharashtra, India"
156,1038.pdf,14/02/2025,01:15,14/02/2025,01:15," THY नगर, IS स्टण्ड,, वांद्रे प मुबंई 50,   ","THY NAGAR, IS STAND,, BANDRA P MUMBAI 50,",19.051016,72.8355244,"14, LK Mehta Marg, Reclamation, Bandra West, Mumbai, Maharashtra 400050, India"
157,1040.pdf,07/01/2025,11:00,07/01/2025,11:00," वांद्रे वाहतुक विभाग कार्यालय,, रिक्‍लेमेशन ब्रिज खाली, , लाल मिट्टी » वांद्रे पश्‍चिम मुंबई 50 ","Bandra Transport Department Office, Below Reclamation Bridge, Lal Mitti » Bandra West Mumbai 50",19.1386175,72.8451695,"Swami Vivekanand Rd, India"
158,1042.pdf,14/02/2025,10:15,14/02/2025,10:20," इंडीयल ऑईल पेट्रोल पंप जवळ, , एस व्ही रोड, वांद्रे प मुंबई ,   ","Near Indian Oil Petrol Pump, , SV Road, Bandra P Mumbai ,",19.0595596,72.8295287,"Bandra West, Mumbai, Maharashtra, India"
159,1045.pdf,14/02/2025,16:20,14/02/2025,16:25," लालमिठ्ठी परिसर,, वांद्रे प मुंबई 50 ,  ","Lalmitthi Premises,, Bandre P Mumbai 50 ,",19.0595596,72.8295287,"Bandra West, Mumbai, Maharashtra, India"
160,1044.pdf,14/02/2025,16:15,14/02/2025,16:20," लालमिठ्ठी परिसर,, वांद्रे प मुंबई 50 ,  ","Lalmitthi Premises,, Bandre P Mumbai 50 ,",19.0595596,72.8295287,"Bandra West, Mumbai, Maharashtra, India"
161,1046.pdf,14/02/2025,15:00,14/02/2025,15:05," लालमिठ्ठी परिसर, , वांद्रे प मुंबई 50,  ","Lalmithi Premises, , Bandra P Mumbai 50,",19.0515721,72.83463139999999,"Reclamation, Bandra West, Mumbai, Maharashtra, India"
162,1043.pdf,13/02/2025,17:00,13/02/2025,17:00," बांद्रा रिक्‍लेमेशन, बांद्रा प मुंबई 50,   ","Bandra Reclamation, Bandra P Mumbai 50,",19.0353849,72.8423036,"Mahim, Mumbai, Maharashtra, India"
163,1049.pdf,14/02/2025,23:00,15/02/2025,02:00," माहिम काँजवे कडुन कोंबडी गल्ल, कडे जाणारा रस्ता, माता बालक , पुतळयाजवळ, वांद्रे पश्‍चिम, मु,  ","From Mahim Kanjwe Kadun Kombadi Gall, Road To, Mata Balak, Near Statue, Bandra West, Mu,",19.060927,72.8465307,"Bandra East, Mumbai, Maharashtra, India"
164,1047.pdf,14/02/2025,16:15,14/02/2025,16:20," लालमिठ्ठी परिसर, वांद्रे प मुंबई 50, ","Lalmithi Precinct, Bandre P Mumbai 50,",19.059906,72.8773938,"Qureshi Nagar, Kurla, Mumbai, Maharashtra, India"
165,1048.pdf,14/02/2025,17:31,14/02/2025,17:31," सार्वजनिक शौचालयाजवळील गेटजवळ , कुरेशी नगर, वांद्रेप मुंबई-,  ","NEAR GATE NEAR PUBLIC TOILET , KURESHI NAGAR, WANDREP MUMBAI-,",19.0458854,72.821935,"50, Kane Rd, Mount Mary, Bandra West, Mumbai, Maharashtra 400050, India"
166,1050.pdf,14/02/2025,23:00,14/02/2025,23:00," बन्डस्टड, केन रोड, , वांद्रे पष्चिम, मुंबई 50, ","BUNDSTUD, KANE ROAD, , BANDRA WEST, MUMBAI 50,",19.0527321,72.8369151,"1, Madam Wadi, Santosh Nagar, Bandra West, Mumbai, Maharashtra 400050, India"
167,1052.pdf,15/02/2025,03:10,15/02/2025,03:10," माहीम काँजवे, बांद्रा पश्‍चिम म,  1 ","Mahim Kanjwe, Bandra West, 1",19.0510539,72.8388575,"3R2Q+CGH, C Block BKC, Bandra West, Mumbai, Maharashtra 400050, India"
168,1051.pdf,07/01/2025,17:45,07/01/2025,17:45," कुरेशी नगर मैदान येथिल , सार्वजनिक शौचालयाच्या , भिंतीच्या आडोशाला,,वांद्रे पश्‍चिम मुंबई 50  ","Near Qureshi Nagar Maidan, Public Toilet, Wall Adoshala, Bandre West Mumbai 50",19.0552104,72.83253719999999,"Shop No. 1, BEAU PRIDE, Beaupride Apartment, 49, Hill Rd, Ranwar, Bandra West, Mumbai, Maharashtra 400050, India"
169,1054.pdf,15/02/2025,13:00,15/02/2025,13:00," ट्रायोज शोरूम समोर , हिल रोड वांद्रे पश्‍चिम, मुंबई,   ","Opposite Trio's Showroom, Hill Road Bandra West, Mumbai,",19.05523,72.8320402,"50, Hill Rd, Ranwar, Bandra West, Mumbai, Maharashtra 400050, India"
170,1053.pdf,15/02/2025,12:30,15/02/2025,12:30," हिल रोड,, वांद्रे पश्‍चिम मुंबई 50 ,   ","HILL ROAD,, BANDRA WEST MUMBAI 50 ,",19.0552006,72.8308311,"Hill Rd, Bandra West, Mumbai, Maharashtra 400050, India"
171,1056.pdf,15/02/2025,16:00,15/02/2025,16:00," हिलरोड , , वांद्रे पश्‍चिम , ","Hillroad, , Bandra West,",19.0515721,72.83463139999999,"Reclamation, Bandra West, Mumbai, Maharashtra, India"
172,1059.pdf,15/02/2025,23:00,16/02/2025,02:00," कोबंडी गल्ली रेक्लेमेशन , वांद्रे पश्‍चिम, मुंबई 50, ","Kobandi Galli Reclamation, Bandra West, Mumbai 50,",19.0468707,72.8234835,"Mount Mary, Bandra West, Mumbai, Maharashtra 400050, India"
173,1058.pdf,16/02/2025,00:30,16/02/2025,00:40," माउंटमेरी, वांद्रे पोलीस , बीट क्र 03 चौकी समोर,, बांद्रा पश्‍चिम मुंबई 50 , ","Mount Mary, Bandra Police, Beat No 03 Opposite Chowki,, Bandra West Mumbai 50,",19.0614446,72.8368915,"3, 30th Rd, next to Amarsons, Bandra West, Mumbai, Maharashtra 400050, India"
174,1055.pdf,28/01/2025,03:30,28/01/2025,03:30," व्हिला रोझा, प्लॉट नं 75, टीपीएस ll Fae नं 03,, 30 वा रोड, वान्द्रे प, मुंबई,   ","Villa Rosa, Plot No 75, TPS ll Fae No 03,, 30th Road, Bandre P, Mumbai,",19.0595596,72.8295287,"Bandra West, Mumbai, Maharashtra, India"
175,1057.pdf,16/02/2025,00:15,16/02/2025,00:20," शास्त्रीनगर, बीएमसी मैदाना, जवळ भिंतीच्या आडोशाला,, वांद्रे पश्‍चिम, मुंबई 50 , ","Shastri Nagar, BMC Maidana, Near Wall Adoshala,, Bandra West, Mumbai 50 ,",19.051016,72.8355244,"14, LK Mehta Marg, Reclamation, Bandra West, Mumbai, Maharashtra 400050, India"
176,1060.pdf,16/02/2025,16:15,16/02/2025,16:24," लालमिठ्ठी परिसर, वांद्रे ,पश्‍चिम मुंबई 50 ","Lalmitthi Area, Bandra, West Mumbai 50",19.0595596,72.8295287,"Bandra West, Mumbai, Maharashtra, India"
177,1061.pdf,16/02/2025,17:15,16/02/2025,17:15," लालमिठ्ठी परिसर, वांद्रे, प मुझुखबई 50 ,  ","Lalmithi Premises, Bandra, P Muzukhbai 50,",19.0595596,72.8295287,"Bandra West, Mumbai, Maharashtra, India"
178,1062.pdf,08/01/2025,03:00,08/01/2025,03:00," बन्ड स्टन्ड बांद्रा प मुंबई,  ","Bond Stand Bandra P Mumbai,",19.0510043,72.8293225,"A-791, Bandra Reclamation Rd, General Arunkumar Vaidya Nagar, Bandra West, Mumbai, Maharashtra 400050, India"
179,1064.pdf,16/02/2025,18:30,16/02/2025,22:00," लीलावती हॉस्पीटल जवळील जनरल, अरूणकुमार वैदय क्रीडांगण च्या , वांद्रे पश्‍चिम , मुंबई 50 ,   ","50, Arunkumar Vaidya Playground, General, Near Lilavati Hospital, Bandra West, Mumbai.",19.0566661,72.8377008,"Bandra Talao, Bandra West, Mumbai, Maharashtra 400050"
180,1063.pdf,16/02/2025,17:00,16/02/2025,17:00," पंजाब नॅशनल बँकसमोर,, उत्तरवाहीनी बांद्रा तलाव जवळ, वांद्रे प,   ","Opp.Punjab National Bank,,Near Bandra Lake North, Bandra W,",19.0790239,72.9080122,"Ghatkopar, Sindhu Wadi, Ghatkopar East, Mumbai, Maharashtra 400077, India"
181,1065.pdf,16/02/2025,20:30,16/02/2025,20:30," लिलावती हाँस्पीटल कडून , घाटकोपर कडे जाताना रेल्वे ब्री, च्या आधी वांद्रे पश्‍चिम,  ","From Lilavati Hospital, on the way to Ghatkopar, before the railway bridge, Bandra West,",19.0514817,72.8223577,"Pereira Rd, Mount Mary, Bandra West, Mumbai, Maharashtra 400050, India"
182,1067.pdf,16/02/2025,22:00,17/02/2025,02:00," माउंटमेरी पोलीस चैकी बिटक्र-3, परेरा रोड, बांद्रा प मुंबई, ","Mount Mary Police Station Bitkr-3, Perera Road, Bandra P Mumbai,",19.0595596,72.8295287,"Bandra West, Mumbai, Maharashtra, India"
183,1066.pdf,17/02/2025,00:40,17/02/2025,00:40," शास्त्रीनगर, बीएमसी मैदाना जवळ, भिंतीच्या आडोशाला, , वांद्रे पश्‍चिम, मुंबई 50 , ","Shastri Nagar, Near BMC Ground, Adoshala of Wall, , Bandra West, Mumbai 50 ,",19.0595596,72.8295287,"Bandra West, Mumbai, Maharashtra, India"
184,1068.pdf,16/02/2025,22:00,17/02/2025,02:00," कोंबडी गल्ली, पश्‍चिम दुतगती , मार्गकडे जाणारा रस्ता, येणारा रस्ता, वांद्रे पश्‍चिम, , ","KOMBDI GALLI, PASCHIM DUTGATI , ROAD TO MARG, ROAD TOWARDS, BANDRA WEST, ,",19.0561996,72.8332061,"Elco Market, B/107, Hill Rd, Ranwar, Bandra West, Mumbai, Maharashtra 400050, India"
185,1071.pdf,17/02/2025,08:50,17/02/2025,09:00," एल्को मार्केटसमोर , हिल रोड, मुंबई,   ","Opposite Elco Market, Hill Road, Mumbai,",19.0498503,72.83165149999999,"01 Rahul Nagar, Nityanand Nagar, Reclamation, Bandra West, Mumbai, Maharashtra 400050, India"
186,1069.pdf,17/04/2023,00:00,17/06/2024,00:00," रूम नं 02, राहुल नगर,, रेक्लेमेशन वांद्रे , पश्‍चिम मुंबई 50,   ","Room No 02, Rahul Nagar,, Reclamation Bandra, West Mumbai 50,",19.1548694,72.8578994,"6/22, Mhada Vanrai Colony, Aarey Milk Colony, Goregaon, Mumbai, Maharashtra 400065, India"
187,1070.pdf,16/02/2025,22:35,16/02/2025,22:40," नेस्को Biot क्रमांक 6 मध्ये ,, वनराई ,गोरेगावं, पुर्व मुंबई,   ","In Nesco Biot No. 6, Vanrai, Goregaon, East Mumbai,",19.0720024,72.8229417,"Off Carter Rd, Khar, Khar West, Mumbai, Maharashtra 400052, India"
188,1072.pdf,11/02/2025,20:45,11/02/2025,20:45," राजेश खन्ना यांच्या बंगल्याजवळ, कमीशनर ऑफीसजवळ, कार्टर रोड,, बांद्रा प मुबंई, ","NEAR RAJESH KHANNA'S BUNGALOW, NEAR COMMISSIONER'S OFFICE, CARTER ROAD, BANDRA P MUMBAI,",19.0482143,72.8202909,"BJ Road, Bandra West, Mumbai, Maharashtra 400050, India"
189,1074.pdf,18/02/2025,00:30,18/02/2025,00:30," छत्री गार्डन बी जे रोड, वांद्रे प मुबंई 50,   ","Chhatri Garden BJ Road, Bandra P Mumbai 50,",19.0599727,72.8222188,"Carter Rd, Bandra West, Mumbai, Maharashtra 400050, India"
190,1073.pdf,08/01/2025,15:00,08/01/2025,15:00," कात्रज गार्डनजवळ, कार्टर रोड, , वांद्रे प, मुंबई , ","Near Katraj Garden, Carter Road, , Bandra P, Mumbai ,",19.0468707,72.8234835,"Mount Mary, Bandra West, Mumbai, Maharashtra 400050, India"
191,1075.pdf,30/10/2024,00:00,06/02/2025,00:00," गोरा को ऑप होऊ सो, तळ मजला ,डॉ पीटर डायस रोड ,, माऊंट मेरी पीटर डायस अपार्टमेट,बांद्रा पश्‍चिम Aas --400050   ","Gora Ko Op Hoo So, Ground Floor, Dr. Peter Dyce Road,, Mount Mary Peter Dyce Apartment, Bandra West Aas --400050",19.0595596,72.8295287,"Bandra West, Mumbai, Maharashtra, India"
192,1076.pdf,18/02/2025,15:15,18/02/2025,15:15," 6 बी प्रायमस,3 रा माळा,स्टेट, बंक ऑफ इंडियाच्या वरच्या ,मजल्यावर, वांद्रे पश्‍चिम मुंबई   ","6B Primus, 3rd Mala, State, Above Bank of India, Floor, Bandra West Mumbai",19.0551355,72.83176929999999,"Bindiya Apartment, Ramdas Nayak Marg, Ranwar, Bandra West, Mumbai, Maharashtra 400050, India"
193,1078.pdf,01/08/2024,00:00,18/02/2025,00:00," शाप नंबर 1, 8 व 9, , बिंदीया अपार्टमेंट हिल रोड, , बांद्रा पश्‍चिम मुंबई 400050 , ","Shop No. 1, 8 & 9, , Bindia Apartment Hill Road, , Bandra West Mumbai 400050 ,",19.0468707,72.8234835,"Mount Mary, Bandra West, Mumbai, Maharashtra 400050, India"
194,1077.pdf,18/02/2025,00:30,18/02/2025,12:15," 303, 3 रा माळा, लुईसा अपार्टमेंट, सेंट जाँन बाप्टिस्ट रोड,, माउंटमेरी स्टेप्स, वांद्रे मुं,   ","303, 3RD FLOOR, LOUISA APARTMENT, ST JOHN BAPTIST ROAD,, MOUNTMARY STEPS, BANDRA MU,",19.0595596,72.8295287,"Bandra West, Mumbai, Maharashtra, India"
195,1080.pdf,16/02/2025,20:00,16/02/2025,20:00," गाडी जास्मीन स्टोअर सेंट, फ्रांसीस ए सी सी चर्च , वांद्रे प मुबंई 50,  ","GADI JASMINE STORE ST, FRANCIS ACC CHURCH, BANDRA P MUMBAI 50,",19.0595596,72.8295287,"Bandra West, Mumbai, Maharashtra, India"
196,1079.pdf,19/02/2025,02:15,19/02/2025,02:20," शास्त्रीनगर, बीएमसी मैदाना जवळ, भिंतीच्या आडोशात्रा,, वांद्रे पश्‍चिम, मुंबई 50,   ","Shastri Nagar, Near BMC Ground, Adoshatra, Bandra West, Mumbai 50,",19.0595596,72.8295287,"Bandra West, Mumbai, Maharashtra, India"
197,1081.pdf,19/02/2025,14:15,19/02/2025,14:15," बर्गरीकिग हाँटेलजवळ,, वरसकर मार्ग, वांद्रे, पश्‍चिम,, ","NEAR BURGARIKIG HOTEL,, VARASKAR MARG, BANDRA, WEST,,",19.0595596,72.8295287,"Bandra West, Mumbai, Maharashtra, India"
198,1082.pdf,19/02/2025,15:15,19/02/2025,15:15," लालमिठ्ठी परिसर, वांद्रे प म, ","Lalmithi Premises, Bandra P.M.,",19.0595596,72.8295287,"Bandra West, Mumbai, Maharashtra, India"
199,1086.pdf,19/02/2025,23:30,19/02/2025,23:30," चाळ नं 19 व 20 च्या मधील , ल्ली, ट्रान्झिंट कम्प,, वांद्रे पश्‍चिम, मुंबई 50 , ","Between Chall No. 19 & 20, Lilli, Transit Comp., Bandra West, Mumbai 50,",19.0595596,72.8295287,"Bandra West, Mumbai, Maharashtra, India"
200,1083.pdf,19/02/2025,16:15,19/02/2025,16:15," लालमिठ्ठी परिसर, वांद्रे प म, ","Lalmithi Premises, Bandra P.M.,",19.0445203,72.8381418,"2RVQ+R72 Mahim Causeway, Lady Jamshedji Rd, Mahim Koliwada, Mahim West, Mahim, Mumbai, Maharashtra 400050, India"
201,1085.pdf,19/02/2025,10:30,19/02/2025,10:30," बांद्रा पुर्व येथुन दुकानाचे , उधारीचे पैसे वेस्टर्न एक्स, प्रेस हायवेवर घेवुन येत असतांन,माहीम कजवेच्या पुढे यु ब्रीज  ","From Bandra East, you can get shop, loan money at Western X, Press Highway, U Bridge next to Mahim Kazway.",19.0595596,72.8295287,"Bandra West, Mumbai, Maharashtra, India"
202,1084.pdf,08/01/2025,15:20,08/01/2025,15:20," लालमिठ्ठी परिसर, वांद्रे प मुंबई 50 , ","Lalmithi Premises, Bandre P Mumbai 50,",19.0548399,72.84069029999999,"Bandra, Bairam Naupada, Bandra East, Mumbai, Maharashtra 400050, India"
203,1087.pdf,20/02/2025,13:20,20/02/2025,13:20," वांद्रे रेल्वे स्टशेन परिसर,, वांद्रे प मुबंई 50,  Beat No. (बीट क्र.): ","Bandra Railway Station Complex,, Bandra P Mumbai 50, Beat No. (Beat No.):",19.0539656,72.8326935,"Bazar Rd, Bandra West, Mumbai, Maharashtra 400050, India"
204,1089.pdf,21/02/2025,07:30,21/02/2025,07:30," नुरी TT ऑफ कंम्पनीज यांचे, नुरी होरीझन, मखलाई पार्क,, बझार रोड, वांद्रे पश्‍चिम, मुं,   ","of Nuri TT of Companies, Nuri Horizon, Makhlai Park,, Bazar Road, Bandra West, Mun.",19.0595596,72.8295287,"Bandra West, Mumbai, Maharashtra, India"
205,1090.pdf,21/02/2025,17:21,21/02/2025,17:21," लालमिठ्ठी परिसर, वांद्रे प , मुंबई 50 या ठिकाणी  ","Lalmithi Premises, Bandra P, Mumbai at 50",19.0595596,72.8295287,"Bandra West, Mumbai, Maharashtra, India"
206,1088.pdf,21/02/2025,01:56,21/02/2025,01:56," Faas मार्ग, fas रोड,, वांद्रे पश्‍चिम, मुंबई 50,   ","Faas Marg, fas road,, Bandra West, Mumbai 50,",19.0595596,72.8295287,"Bandra West, Mumbai, Maharashtra, India"
207,1091.pdf,21/02/2025,17:30,21/02/2025,17:30," लालमिठ्ठी परिसर, वांद्रे प ,मुबई 50 ठिकाणी ","Lalmithi area, Bandra P, Mumbai at 50 locations",19.139536,72.9238392,"Kombadi Galli, Farid Nagar, Bhandup West, Mumbai, Maharashtra 400078, India"
208,1092.pdf,21/02/2025,17:00,21/02/2025,17:00," कोंबडी गल्ली जवळ, रिक्लेमेशन ब्रिजखाली,, लालमिटटी, वांद्रेप  मुंबई-50 ,  ","Near Kombadi Galli, Under Reclamation Bridge,, Lalmitti, Wandrep Mumbai-50,",19.139536,72.9238392,"Kombadi Galli, Farid Nagar, Bhandup West, Mumbai, Maharashtra 400078, India"
209,1093.pdf,21/02/2025,22:00,22/02/2025,00:30," कोंबडी गल्ली,, ae Recerca, , वांद्रे पश्‍चिम, मुंबई 50, ","Kombadi Galli,, ae Recerca, , Bandra West, Mumbai 50,",19.0543881,72.8248109,"92-A, Hill Rd, opp. St. Andrews Church, Old Rajaram Wadi, Ranwar, Bandra West, Mumbai, Maharashtra 400050, India"
210,1094.pdf,21/02/2025,23:00,22/02/2025,01:00," खोजा फ्लोरिस्ट,, बांद्रा पश्‍चिम, मुंबई 50, ","Khoja Florist, Bandra West, Mumbai 50,",19.0624465,72.82679089999999,"Supéreme artveda, 50, Pali Mala Rd, Bandra West, Mumbai, Maharashtra 400050, India"
211,1095.pdf,08/01/2025,16:30,08/01/2025,16:30," पालीनाका बांद्रा पश्‍चिम, मुंबई-50,  ","Palinaka Bandra West, Mumbai-50,",19.05523,72.8320402,"50, Hill Rd, Ranwar, Bandra West, Mumbai, Maharashtra 400050, India"
212,1096.pdf,22/02/2025,08:00,22/02/2025,08:00," एल्को मार्केट समोर, हिल रोड,, वांद्रे पष्चिम मुंबई 50, ","Opposite Elco Market, Hill Road, Bandra West Mumbai 50,",19.0595596,72.8295287,"Bandra West, Mumbai, Maharashtra, India"
213,1097.pdf,22/02/2025,13:55,22/02/2025,13:55," णे नंदी गल्ली, वांद्रे, पश्‍चिम, ","Ne Nandi Galli, Bandra, West,",19.0552006,72.8308311,"Hill Rd, Bandra West, Mumbai, Maharashtra 400050, India"
214,1098.pdf,22/02/2025,15:30,22/02/2025,15:30," हिल रोड,वांद्रे पश्‍चिम मुंबई ,  ","Hill Road, Bandre West Mumbai,",18.9112903,72.8189652,"Sadhu Vaswani Marg, Mumbai, Maharashtra, India"
215,1099.pdf,22/02/2025,16:30,22/02/2025,16:30," साधू वासवाणी चैक,, वांदे पश्‍चिम, मुंबई 50,  ","Sadhu Vaswani Chaik, Vande West, Mumbai 50,",19.0515721,72.83463139999999,"Reclamation, Bandra West, Mumbai, Maharashtra, India"
216,1101.pdf,22/02/2025,22:00,22/02/2025,22:10," कोंबडी गल्ली, वांद्रे, रिक्लेमेशन, वांद्रे , वांद्रे पश्‍चिम, मुंबई, ","Kombadi Galli, Bandra, Reclamation, Bandra, Bandra West, Mumbai,",19.0595596,72.8295287,"Bandra West, Mumbai, Maharashtra, India"
217,1100.pdf,22/02/2025,22:40,22/02/2025,22:50," SHE रिपब्लीक आयस्क्रीम, शाँपच्या समोर पात्रीनाका , वांद्रे प मुंबई,   ","SHE REPUBLIC ICE CREAM, Opposite Shamp Patrinaka, Bandra P Mumbai,",19.0515721,72.83463139999999,"Reclamation, Bandra West, Mumbai, Maharashtra, India"
218,1102.pdf,22/02/2025,23:00,23/02/2025,03:00," कोंबडी गल्ली, वांद्रे , रिक्‍लेमेशन,वांद्रे पश्‍चिम, मुं, ","Kombadi Galli, Bandra, Reclamation, Bandra West, Mun,",19.0491441,72.8276867,"KC Marg, Bandra West, Mumbai, Maharashtra 400050, India"
219,1103.pdf,23/02/2025,13:20,23/02/2025,13:20," के सी मार्ग ट्रँगल vise, , वांद्रे पश्‍चिम, मुंबई 50, ","KC Marg Triangle vise, , Bandra West, Mumbai 50,",19.0235976,72.8378125,"Dadar West, Mumbai, Maharashtra, India"
220,121.pdf,04/02/2025,22:30,04/02/2025,22:40," मीनाताई फुल मार्केटच्या समोरून, दादर पश्‍चिम मुंबई,   ","Opposite Meenatai Full Market, Dadar West Mumbai,",19.1171246,72.8506268,"Teli Gali & Teli Galli Cross Rd, Sampada Society, Parsi Colony, Bima Nagar, Andheri East, Mumbai, Maharashtra 400069, India"
221,122.pdf,24/04/2025,19:30,24/04/2025,20:30," तेली गल्ली क्रॉस रोड, तेली गल्ली,अंधेरी पुर्व, मुंबई, ","Teli Galli Cross Road, Teli Galli, Andheri East, Mumbai,",19.124181,72.8473796,"Andheri Subway Rd, Mumbai, Maharashtra, India"
222,123.pdf,25/04/2025,01:00,25/04/2025,02:00," अंधेरी सब वे , अंधेरी पु मुंबई, ","Andheri Subway, Andheri Pu Mumbai,",19.1178548,72.8631304,"Andheri East, Mumbai, Maharashtra, India"
223,124.pdf,25/04/2025,02:00,25/04/2025,02:30," अंधेरी रेल्वे स्टेशन जवळील रोड, अंधेरी पुर्व मुंबई , ","Road Near Andheri Railway Station, Andheri East Mumbai,",19.0566661,72.8377008,"Bandra Talao, Bandra West, Mumbai, Maharashtra 400050"
224,125.pdf,24/01/2025,13:30,24/01/2025,14:15," दादर ते, वांद्रे तलाव वांद्रे पश्‍चिम 50,   ","Dadar to, Bandra Lake Bandra West 50,",19.1153975,72.84874049999999,"Gokhale Bridge, Andheri East, Mumbai, Maharashtra 400069, India"
225,126.pdf,26/04/2025,20:00,26/04/2025,20:15," गोखले ब्रिजखाली, सहार रोड,, अंधेरी पुर्व, मुंबई , ","Under Gokhale Bridge, Sahar Road, Andheri East, Mumbai,",19.1185184,72.8590172,"Gundavali, Andheri East, Mumbai, Maharashtra, India"
226,127.pdf,27/04/2025,04:00,27/04/2025,04:15," टाटाकंपनीच्या गेटसमोर,, साउथ बन्ड,गुंदवली बस स्टप,, अंधेरी पुर्व मुंबई, ","Opposite Tata Company Gate, South Bund, Gundvali Bus Stop, Andheri East Mumbai,",19.1132854,72.8479912,"The Vijay Nagar Society - Andheri (East Shop No. 6, The Vijay Nagar CHSL, Sahar Rd, Vijay Nagar, Andheri East, Mumbai, Maharashtra 400069, India"
227,128.pdf,10/05/2024,11:00,03/09/2024,17:00," शप नं 02, फेयर पिक Sc कम, विजय नगर, सहार रोड, डी मार्ट समोर,,अंधेरी पुर्व, मुंबई   ","Shop No 02, Fair Pick Sc Com, Vijay Nagar, Sahar Road, Opposite D Mart, Andheri East, Mumbai",19.0383098,72.8463408,"Pitamber Ln, New Dinkar Co Operative Housing Society, Mumbai, Maharashtra 400016, India"
228,129.pdf,22/07/2025,16:30,22/07/2025,16:30," पितांबर लेन,, डेविडा बिल्डींगसमोर, , माहिम पश्‍चिम मुंबई 16 ,   ","Pitambar Lane, Opposite Davida Building, Mahim West Mumbai 16,",19.0554159,72.8440879,"Anant Kanekar Marg, Bandra East, Mumbai, Maharashtra 400051, India"
229,130.pdf,21/04/2025,01:38,21/04/2025,01:50," एके रोडवर, चकाला मेट्रो स्टेषन च्या खात्री, अंधेरी पुर्व मुंबई ,   ","On AK Road, Near Chakala Metro Station, Andheri East Mumbai,",19.0337626,72.8448389,"2RMV+GW4, Mogul lane, Chatrapati Shivaji Maharaj Marg, VSNL Colony, Mahim, Mumbai, Maharashtra 400016, India"
230,131.pdf,22/07/2025,15:45,22/07/2025,15:45," छत्रपती शिवाजी महाराज मार्ग, बीएसएनएल काँलनी गेट जवळ, फुटपाथ माहिम प मुंबई,तेंडुलकर हाल समोर, -16   ","Chhatrapati Shivaji Maharaj Marg, Near BSNL Kalni Gate, Footpath Mahim P Mumbai, Opposite Tendulkar Hall, -16",19.1064645,72.8536809,"Andheri Flyover & Western Express Hwy, Navpada, Vile Parle East, Vile Parle, Mumbai, Maharashtra 400099, India"
231,132.pdf,28/04/2025,07:40,28/04/2025,08:30," वेस्टन एस्प्रेस हायवे , अंधेरी प्लायओव्हर ब्रीज चढाणी, दक्षिण वाहीनी अंधेरी पु ,   ","Weston Express Highway, Andheri Plyover Bridge Climb, South Channel Andheri Pu,",19.0235976,72.8378125,"Dadar West, Mumbai, Maharashtra, India"
232,133.pdf,04/02/2025,22:30,04/02/2025,22:40," मीनाताई फुल मार्केटच्या समोरून, दादर पश्‍चिम मुंबई,   ","Opposite Meenatai Full Market, Dadar West Mumbai,",19.0353849,72.8423036,"Mahim, Mumbai, Maharashtra, India"
233,134.pdf,23/07/2025,01:50,23/07/2025,01:50," माहीम स्लोप झोपडपटटी, जवळील समुद्रकिनारी, माहीम प, मुंबई   ","Mahim Slope Slum, Near Beach, Mahim P, Mumbai",19.1171246,72.8506268,"Teli Gali, Andheri East, Mumbai, Maharashtra 400069, India"
234,135.pdf,28/04/2025,19:40,28/04/2025,21:30," केशरबाई चाळ, तेली गल्ली Hea, रोड, तेली गल्ली, , अंधेरी पुर्व, मुंबई , ","Kesharbai Chal, Teli Galli Hea, Road, Teli Galli, , Andheri East, Mumbai ,",19.0523549,72.82512290000001,"100, Hill Rd, Ranwar, Bandra West, Mumbai, Maharashtra 400050, India"
235,136.pdf,24/01/2025,17:30,24/01/2025,17:35," परेरा रोड ला बन्ड स्टंड, मेहबूब स्टूडीओकडे समोर, बांद्रा प मुंबई 50, ","Perera Road La Bund Stand, Opposite Mehboob Studio, Bandra P Mumbai 50,",19.0406658,72.8465921,"Mahim, Shammi Nagar, Mahim, Mumbai, Maharashtra 400016, India"
236,137.pdf,23/07/2025,02:50,23/07/2025,02:50," माहिम जंक्शन,माहिम,मुंबई16   ","Mahim Junction, Mahim, Mumbai 16",19.1178548,72.8631304,"Andheri East, Mumbai, Maharashtra, India"
237,138.pdf,30/04/2025,00:30,30/04/2025,00:35," अंधेरी रेल्वे स्टेषन जवळील रोड, अंधेरी पूर्व, मूंबई , ","Road Near Andheri Railway Station, Andheri East, Mumbai,",19.0323115,72.8415483,"b, Cluster_mumbai_117 Jagruti Chs-A, Jagruti Chs, A/1, Mahim West, Mahim, Mumbai, Maharashtra 400016, India"
238,139.pdf,23/07/2025,16:20,23/07/2025,17:00," माहीम फिशरमन काँलनी,, बि न 01समोर,, माहीम पश्‍चिम मुंबई16,   ","Mahim Fisherman Colony, Opposite B No 01, Mahim West Mumbai 16,",19.120567,72.8517649,"Azad Rd, Azad Nagar, Andheri East, Mumbai, Maharashtra 400069, India"
239,140.pdf,30/04/2025,12:55,30/04/2025,12:59," मुंबई महानगर पालिका, के ais, बीएमसी ऑफिस परीसर,, गुंदवली, आझाद रोड,अंधेरी पूर्व मुंबई   ","Mumbai Municipal Corporation, K ais, BMC Office Premises, Gundvali, Azad Road, Andheri East Mumbai",19.0353849,72.8423036,"2RPR+5W3, Mahim West, Mahim, Mumbai, Maharashtra 400016, India"
240,141.pdf,23/07/2025,15:30,23/07/2025,16:00," वेलकम वेफर्स जवळ, माहिम फाटक, माहिम प मुंबई 16 ,  1 ","Near Welcome Wafers, Mahim Phatak, Mahim P Mumbai 16 , 1",19.1110621,72.8655922,"J B Nagar, Andheri East, Mumbai, Maharashtra, India"
241,142.pdf,01/05/2025,22:15,01/05/2025,22:25," मरोळ मच्छीमार्केट,, रयल बारच्या पाठिमागे,, जेबी नगर, अंधेरी पूर्व मंबई , ","Marol Fish Market,, Behind Royal Bar,, JB Nagar, Andheri East Mumbai,",19.0432253,72.842653,"Shop No 11, Ground Floor, Kumari Jethi T. Sipahimalani CHS Ltd Jethi Ben Colony, Mori Rd, Mahim, Mumbai, Maharashtra 400016, India"
242,143.pdf,23/07/2025,20:20,23/07/2025,20:20," कोटक महींद्रा Shad मोरी रोड, माहीम प, मुंबई 16,   ","Kotak Mahindra Shad Mori Road, Mahim P, Mumbai 16,",19.1248508,72.8500825,"Mishra Kunj, Mogra Village, Mogra Pada, Natwar Nagar, Jogeshwari East, Mumbai, Maharashtra 400069, India"
243,144.pdf,30/04/2025,22:00,02/05/2025,19:00," ऑफिस 6अ,, नागरदास Ha रोड, ,मिश्रा कुंज, अंधेरी पूर्व मुंबई ,   ","Office 6A, Nagardas Ha Road, Mishra Kunj, Andheri East Mumbai,",19.0155944,72.8392507,"2R8Q+6PJ, Senapati Bapat Marg, Sundar Kamla Nagar, Dadar West, Dadar, Mumbai, Maharashtra 400028, India"
244,145.pdf,12/09/2024,10:56,23/10/2024,14:53," A513, सेनापती बापट रोड  ठाण्या पासून दिशा Beat No. (बीट क्र.):  , सूंदर नगर , दादर प ,मूंबई-400028 ","A513, Senapati Bapat Road from Thane to Direction Beat No. (Beat No.): , Sundar Nagar, Dadar P, Mumbai-400028",19.0400277,72.8388141,"2, HMA Faqir St, The Mahim Makarand CHS, Mahim West, Mahim, Mumbai, Maharashtra 400016, India"
245,146.pdf,23/07/2025,22:25,23/07/2025,22:25," माहीम दर्गा मोहल्ला परीसर, माहीम प, , मुंबई,   ","Mahim Darga Mohalla Parisar, Mahim P, , Mumbai,",19.0514817,72.8223577,"Pereira Rd, Mount Mary, Bandra West, Mumbai, Maharashtra 400050, India"
246,147.pdf,24/01/2025,17:30,24/01/2025,17:35," परेरा रोड,मांउट मेरी बीट चौकी , जवळ वांद्रे पश्‍चिम मुबंई50, ","Perera Road, Mount Mary Beit Chowki, Near Bandra West Mumbai 50,",19.1157381,72.846412,"GK Gokhale Bridge, Mumbai, Maharashtra, India"
247,148.pdf,03/05/2025,01:00,03/05/2025,01:15," साईवाडी जंक्षनजवळ, गोखले ब्रिज दक्षिण वाहीनी सत्र, अंधेरी पु मुंबई , ","Near Saiwadi Junction, Gokhale Bridge South Canal Session, Andheri PU Mumbai,",19.0400602,72.84157569999999,"Shop No 1, Mahim Market, Swami Vivekanand Rd, near Dargah, Mahim West, Mahim, Mumbai, Maharashtra 400016, India"
248,149.pdf,23/07/2025,22:45,23/07/2025,22:45," माहीम दर्गामागील समुद्रकिनारी, माहीम प, मुंबई, ","Beach Behind Mahim Dargah, Mahim P, Mumbai,",19.1157381,72.846412,"GK Gokhale Bridge, Mumbai, Maharashtra, India"
249,150.pdf,03/05/2025,03:15,03/05/2025,03:34," साईवाडी जंक्शनजवळ,, गोखले ब्रिज दक्षिण वाहीनी सत्र, अंधेरी पु मुंबई  त ","Near Saiwadi Junction, Gokhale Bridge South Channel Session, Andheri PU Mumbai",19.1025614,72.8419045,"b, 52, Baji Prabhu Deshpande Marg, Navpada, Kamala Nagar, Vile Parle, Mumbai, Maharashtra 400056, India"
250,151.pdf,30/04/2025,05:15,30/04/2025,22:30," बी 52, जुनी पोलीस वसाहत, अंधेरी पुर्व, , मुंबई,   ","B 52, Old Police Colony, Andheri East, , Mumbai,",19.0377127,72.8437474,"Sai Ram Apartment, Bhagoji Keer Marg, Geeta Nagar, New Dinkar Co Operative Housing Society, Mahim, Mumbai, Maharashtra 400016, India"
251,152.pdf,24/07/2025,11:15,24/07/2025,11:45," शाप न1व2, हिंद ऑटो dea, साईराम अपार्टमेन्ट, भागोजी किर मार्ग, माहीम पश्‍चिम मुंबई 400016   ","Shap No 1 & 2, Hind Auto dea, Sairam Apartment, Bhagoji Kir Marg, Mahim West Mumbai 400016",19.1241633,72.847506,"Andheri Subway Rd, Andheri East, Mumbai, Maharashtra, India"
252,153.pdf,04/05/2025,00:15,04/05/2025,00:30," सम्र्हिस रोड, मोगरापाडा, अंधेरी सबवे जवळ,, अंधेरी पूर्व ,मुंबई   ","Samrhis Road, Mograpada, Near Andheri Subway,, Andheri East, Mumbai",19.11417,72.847601,"Vijay Nagar Society Andheri, Vijay Nagar Society, Sahar Rd, Vijay Nagar, Andheri East, Mumbai, Maharashtra 400069, India"
253,154.pdf,05/05/2025,23:15,05/05/2025,23:20," विजय नगर सोसायटी चे, समोरील फुटपाथवरती, अंधेरी पु मुंबई ,   ","Of Vijay Nagar Society, Opposite Footpath, Andheri PU Mumbai,",19.121481,72.85576689999999,"4VC4+H8R, Gundavali Gaothan, Andheri East, Mumbai, Maharashtra 400069, India"
254,155.pdf,08/05/2025,03:45,08/05/2025,03:50," अंधेरी सब वे, नविन नागरदास रोड, अंधेरी पुर्व, Ags, ","Andheri Sub Way, Navin Nagardas Road, Andheri East, Ags,",19.106523,72.8685083,"4V4C+C6V, Marol Pipeline Rd, Bamanpuri, Sai Nagar, Ashok Nagar, Andheri East, Mumbai, Maharashtra 400059, India"
255,156.pdf,02/05/2025,14:30,02/05/2025,15:30," बेस्ट क्र ए 32, मरोळ पाईपलाईन बस स्टापवरून, जेबीनगर ,अंधेरी पु मुंबई  ","Best No. A 32, From Marol Pipeline Bus Stop, JB Nagar, Andheri PU Mumbai",19.0155944,72.8392507,"2R8Q+6PJ, Senapati Bapat Marg, Sundar Kamla Nagar, Dadar West, Dadar, Mumbai, Maharashtra 400028, India"
256,157.pdf,12/09/2024,10:56,23/10/2024,14:53," A513, सेनापती बापट रोड  ठाण्या पासून दिशा Beat No. (बीट क्र.):  , सूंदर नगर , दादर प ,मूंबई-400028 ","A513, Senapati Bapat Road from Thane to Direction Beat No. (Beat No.): , Sundar Nagar, Dadar P, Mumbai-400028",19.0595596,72.8295287,"Bandra West, Mumbai, Maharashtra, India"
257,158.pdf,23/01/2025,01:00,23/01/2025,01:00," फायर ब्रिगेट, वांद्रे पश्‍चिम, ,   ","Fire Brigade, Bandra West, ,",19.1087602,72.8562652,"Sahar Rd, Andheri East, Mumbai, Maharashtra, India"
258,159.pdf,12/04/2025,20:00,12/04/2025,20:10," आगरकर चैक, सहार रोड,, बेस्ट बस क्र 433, अंधेरी पुर्व, ,मुंबई   ","Agarkar Chaik, Sahar Road,, Best Bus No. 433, Andheri East, ,Mumbai",19.1120959,72.867777,"Andheri - Kurla Rd, Andheri East, Mumbai, Maharashtra, India"
259,160.pdf,21/04/2025,00:10,21/04/2025,00:20," अंधेरी कुर्ला रोड, वेस्टर्न एक्सप्रेस हायवे सर्कल, अंधेरी पुर्व, मुंबई   ","Andheri Kurla Road, Western Express Highway Circle, Andheri East, Mumbai",19.118903,72.848235,"Andheri (E) Agarkar Chowk, Railway Colony, Andheri East, Mumbai, Maharashtra 400069, India"
260,161.pdf,16/04/2025,17:26,16/04/2025,17:35," आगरकर चैक,, अंधेरी पूर्व,मुंबई   ","Agarkar Chaik, Andheri East, Mumbai",19.1110621,72.8655922,"J B Nagar, Andheri East, Mumbai, Maharashtra, India"
261,162.pdf,08/05/2025,15:00,08/05/2025,15:15," आगरकर चैक , बस रूट क्र 335, जेबीनगर बस स्टप, अंधेरी पुर्व, मुंबई   ","Agarkar Chaik, Bus Route No. 335, JB Nagar Bus Stop, Andheri East, Mumbai",19.1259452,72.87305909999999,"Best Depot, M.I.D.C. Central Road, SIPZ, Seepz, Andheri East, Mumbai, Maharashtra 400093, India"
262,163.pdf,08/04/2025,20:00,09/04/2025,10:00," 415 बसमध्ये , अंधेरी बेस्ट डेपो, आगरकर chs, अंधेरी पुर्व मुंबई,   ","In 415 Bus, Andheri Best Depot, Agarkar chs, Andheri East Mumbai,",19.1255768,72.8530246,"Parsi Panchayat Rd, Andheri East, Mumbai, Maharashtra 400069, India"
263,164.pdf,28/03/2025,14:30,28/03/2025,14:40," सहार रोड, , पंचायत रोडजवळील फुटपाथवर, अंधेरी पूर्व ,मुंबई   ","Sahar Road, , On Footpath Near Panchayat Road, Andheri East, Mumbai",19.04279,72.8401844,"Mori Rd, Mahim West, Mahim, Mumbai, Maharashtra 400016, India"
264,165.pdf,24/07/2025,21:30,25/07/2025,22:00," मोरी रोड, , युनियन बंकेच्या समोर,, माहिम पश्‍चिम मुंबई16 ,   ","Mori Road, Opposite Union Bank, Mahim West Mumbai 16,",19.1058284,72.8685314,"Sahar Air Road, Ashok Nagar, Andheri East, Mumbai, Maharashtra 400099, India"
265,166.pdf,30/04/2025,08:30,30/04/2025,10:00," बर्ड फ्लाय सर्विसेस, स्टार हब,, सहार रोड, अंधेरी पुर्व, मुंबई ,   ","Bird Fly Services, Star Hub,, Sahar Road, Andheri East, Mumbai,",19.0400231,72.8414469,"Lady Jamshedji Rd, Mahim, Mumbai, Maharashtra, India"
266,167.pdf,26/07/2025,17:40,26/07/2025,17:40," एलजे रोड,, सीटी लाईफ सिनेमा समोर, बेस्ट बस स्टपचे, पाठीमागेआदास ,बेकरी समोर, माहिम प मंबई-16   ","LJ Road, Opposite CT Life Cinema, Best Bus Stop, Behind Addas, Opposite Bakery, Mahim P Mumbai-16",19.1233127,72.8528516,"Old Nagardas Rd, Andheri East, Mumbai, Maharashtra, India"
267,168.pdf,08/05/2025,17:00,08/05/2025,17:30," नागरदास रोड,, अंधेरी पुर्व मुंबई ,   ","NAGARDAS ROAD, ANDHERI EAST MUMBAI,",28.6737818,77.1733874,"3, Block M, Shastri Nagar, Delhi, 110052, India"
268,169.pdf,24/01/2025,18:30,24/01/2025,18:30," रूम नं 78, Cale नं 03 ,, शास्त्रीनगर , बांद्रा पश्‍चिम,,   ","Room No 78, Cale No 03,, Shastri Nagar, Bandra West,,",19.0164961,72.83520779999999,"Plot No, SUGEE SADAN, 399, Gokhale Rd S, opposite NMC School, Dadar West, Dadar, Mumbai, Maharashtra 400028, India"
269,170.pdf,08/02/2025,21:50,08/02/2025,22:05," गोखले रोड, आर बीएल बँकेचे ATM, दादर प मुंबई , ","Gokhale Road, RBL Bank ATM, Dadar P Mumbai,",19.0400277,72.8388141,"2, HMA Faqir St, The Mahim Makarand CHS, Mahim West, Mahim, Mumbai, Maharashtra 400016, India"
270,171.pdf,26/07/2025,18:30,26/07/2025,18:30," मगदुमशहा बाबा दर्गा पाठीमागे, दगडाच्या अडोशाला, , माहिम पश्‍चिम मुंबई 16 , ","Behind Magdumshah Baba Dargah, Stone Adoshala, , Mahim West Mumbai 16 ,",19.1087513,72.8563088,"Sahar Rd, Mumbai, Maharashtra, India"
271,172.pdf,08/05/2025,21:25,08/05/2025,21:35," बेस्ट बस क्र 433 मधुन आगरकर चो, सहार रोड, अंधेरी पु मुंबई ,   ","From Best Bus No. 433 to Agarkar Cho, Sahar Road, Andheri PU Mumbai,",19.0472614,72.8393573,"Daryasarang Rd, Mahim, Mumbai, Maharashtra 400016, India"
272,173.pdf,27/07/2025,00:10,27/07/2025,00:10," दर्यासारंग कोळी समाज चाळ, झोपडपटटी,, माहीम प,मुंबई   ","Daryasarang Koli Samaj Chal, Shopadpatti, Mahim P, Mumbai",19.1177998,72.8551621,"Service Rd, Andheri East, Mumbai, Maharashtra, India"
273,174.pdf,08/05/2025,04:50,08/05/2025,05:00," कलिस्टा अपार्टमेंटच्या समोर , असलेल्या सर्विस रोडवर ,अंधेरी पूर्व मुंबई  ","Opposite Kalista Apartment, On Service Road, Andheri East Mumbai",19.0370512,72.8409633,"Kapad Bazar Rd, Mahim West, Mahim, Mumbai, Maharashtra 400016, India"
274,175.pdf,27/07/2025,01:10,27/07/2025,01:10," स्टेपडइन बार च्या बाहेर, कापड बाझार रोड, माहिम पश्‍चिम मुंबई 400016, ","Outside Steppedin Bar, Kapad Bazar Road, Mahim West Mumbai 400016,",19.032012,72.8401043,"Mahim West, Mahim, Mumbai, Maharashtra, India"
275,176.pdf,27/07/2025,01:12,27/07/2025,01:12," कापड बाझार US, HUSA बार च्या बाहेर, माहिम पश्‍चिम मुंबई 400016, ","Kappa Bazar US, Off HUSA Bar, Mahim West Mumbai 400016,",19.1198242,72.846531,"Andheri, Railway Colony, Andheri East, Mumbai, Maharashtra 400053, India"
276,177.pdf,09/05/2025,11:30,09/05/2025,11:35," अंधेरी रेल्वे स्थानकाच्या बाहे, सबवे जाणाऱ्या रस्त्यावर, अंधेरी, पुर्व, मुंबई,  ","Beside Andheri Railway Station, Subway Road, Andheri, East, Mumbai,",19.032012,72.8401043,"Mahim West, Mahim, Mumbai, Maharashtra, India"
277,178.pdf,27/07/2025,01:17,27/07/2025,01:17," कापड बाझार US, HUSA बार च्या बाहेर, माहिम पश्‍चिम मुंबई 400016, ","Kappa Bazar US, Off HUSA Bar, Mahim West Mumbai 400016,",19.1178548,72.8631304,"Andheri East, Mumbai, Maharashtra, India"
278,179.pdf,19/04/2025,18:30,19/04/2025,18:40," अंधेरी रेल्वे स्टेशन शेजारील , मार्केट, अंधेरी पुर्व , मुंबई,   ","Near Andheri Railway Station, Market, Andheri East, Mumbai,",19.0498586,72.8351883,"Western Express Hwy, Bandra West, Mumbai, Maharashtra, India"
279,180.pdf,24/01/2025,20:30,24/01/2025,23:00," कोंबडी गल्ली, वेस्टर्न , एक्सप्रेस हायवे वांद्रे प 4, ","KOMBDI GALLI, WESTERN , EXPRESS HIGHWAY BANDRA P 4,",19.032012,72.8401043,"Mahim West, Mahim, Mumbai, Maharashtra, India"
280,181.pdf,27/07/2025,01:20,27/07/2025,01:20," कापड बाझार US, HUSA बार च्या बाहेर, माहिम पश्‍चिम ,मुंबई 400016 ","Kappa Bazar US, Off HUSA Bar, Mahim West, Mumbai 400016",19.0164961,72.83520779999999,"Plot No, SUGEE SADAN, 399, Gokhale Rd S, opposite NMC School, Dadar West, Dadar, Mumbai, Maharashtra 400028, India"
281,182.pdf,08/02/2025,21:50,08/02/2025,22:05," गोखले रोड, आर बीएल बँकेचे ATM, दादर प मुंबई , ","Gokhale Road, RBL Bank ATM, Dadar P Mumbai,",19.1235666,72.853916,"Nicolas Wadi Rd, Andheri East, Mumbai, Maharashtra, India"
282,183.pdf,09/05/2025,12:30,09/05/2025,12:40," रिजन्सी हटेल समोर,, निकोलसवाडी, गुंदवली, अंधेरी पूर्व ,मुंबई   ","Opposite Regency Hutel,, Nicholaswadi, Gundawali, Andheri East, Mumbai",19.0335689,72.8505479,"Takandas Kataria Marg, Matunga East, Mumbai, Maharashtra, India"
283,184.pdf,01/04/2023,00:01,27/07/2025,10:30," नायकमोबाईल, टि एच कटारीया मार्ग,, मांटुगा रेसीडेन्सी वेल्फेअर , CHAM हाँटेल जवळ, ,भगत गल्ली,मांटुगा पश्‍चिम मुंबई-400016   ","Nayakmobile, T H Kataria Marg, Mantuga Residency Welfare, Near CHAM Hotel, Bhagat Galli, Mantuga West Mumbai-400016",19.108207,72.8795629,"Metro Station Marol Naka, Marol, Andheri East, Mumbai, Maharashtra 400059, India"
284,185.pdf,18/04/2025,10:30,18/04/2025,10:40," मरोळ मेट्रो स्टेशनचे वशरूम, अंधेरी पुर्व मुंबई,   ","Marol Metro Station Washroom, Andheri East Mumbai,",19.0370458,72.8390644,"2RPQ+RJ8, Kapad Bazar Rd, Mahim Bazar, Kapad Bazar, Mahim West, Mahim, Mumbai, Maharashtra 400016, India"
285,186.pdf,27/07/2025,23:00,27/07/2025,23:10," ओल्ड फिश मार्केट, पाकीजा बेकरीच्या मागे, कडल रोड,माहीम प, मुंबई ","Old Fish Market, Behind Pakija Bakery, Cuddle Road, Mahim P, Mumbai",19.1233127,72.8528516,"Old Nagardas Rd, Andheri East, Mumbai, Maharashtra, India"
286,187.pdf,26/04/2025,18:00,26/04/2025,18:20," नागरदास रोड,, अंधेरी पूर्व मुंबई ,   ","NAGARDAS ROAD, ANDHERI EAST MUMBAI,",19.032012,72.8401043,"Mahim West, Mahim, Mumbai, Maharashtra, India"
287,188.pdf,28/07/2025,01:00,28/07/2025,01:15," सायन माहिम लिंग रोड, रहेजा हॉस्पीटल समोर, माहीम पष्चिम, मुंबई 16, ","Sion Mahim Ling Road, Opposite Raheja Hospital, Mahim West, Mumbai 16,",19.1238103,72.8547841,"UMASHANKAR TIWARI Chawl, Ramdular Tiwari compound, Old Nagardas Cross Rd, Gundavali Gaothan, Andheri East, Mumbai, Maharashtra 400069, India"
288,189.pdf,28/04/2025,14:00,28/04/2025,14:30," तिवारी चायवाला, जवळील सार्वजनिक बाथरूम, गुंदवली अंधेरी पुर्व, मुंबई,  ","Tiwari Chaiwala, Near Public Bathroom, Gundawali Andheri East, Mumbai,",19.0384518,72.8435699,"St Gabriel Rd, New Dinkar Co Operative Housing Society, Mahim, Mumbai, Maharashtra 400016, India"
289,190.pdf,28/07/2025,01:30,28/07/2025,02:00," ग्रबीयल रोड, कनोसा हायस्कुल जवळ, माहीम पष्चिम, मुंबई 16, ","Grabial Road, Near Kanosa High School, Mahim West, Mumbai 16,",19.051016,72.8355244,"14, LK Mehta Marg, Reclamation, Bandra West, Mumbai, Maharashtra 400050, India"
290,191.pdf,24/01/2025,19:15,24/01/2025,19:15," लालमिट्टी जवळील फुटपाथवरती , वांद्रे प मुबंई, ","On Footpath Near Lalmitti, Bandra P Mumbai,",19.1198242,72.846531,"Andheri, Railway Colony, Andheri East, Mumbai, Maharashtra 400053, India"
291,192.pdf,08/05/2025,21:00,08/05/2025,21:30," अंधेरी रेल्वे स्टेशन ते , साकीनाका असा प्रवास करत, वेस्टर्न एक्सप्रेस हायवेच्या ख,अंधेरी पू मुंबई   ","Traveling from Andheri Railway Station to Sakinaka, Western Express Highway B, Andheri Po Mumbai",19.0382394,72.842099,"Lady Jamshedji Rd, Mahim West, Mahim, Mumbai, Maharashtra, India"
292,193.pdf,28/07/2025,12:00,28/07/2025,12:15," एलजे रोड, , मेराज हॉटेल समोर , माहिम पश्‍चिम,मुंबई 16,   ","LJ Road, Opposite Meraj Hotel, Mahim West, Mumbai 16,",19.0192343,72.81716519999999,"116, Golfa Devi Temple Rd, Koliwada, Worli, Mumbai, Maharashtra 400030, India"
293,194.pdf,02/02/2025,22:15,02/02/2025,22:30," 116, गोल्फादेवी रोड, पाखारी गल्ली , वरळी कोळीवाडा,मुंबई   ","116, Golfadevi Road, Pakhari Galli, Worli Koliwada, Mumbai",19.1195128,72.847903,"Agarkar Chowk, Railway Colony, Andheri East, Mumbai, Maharashtra 400069, India"
294,195.pdf,09/05/2025,19:15,09/05/2025,19:30," आगरकर चौक बस स्टप,, अंधेरी पूर्व, Aas,   ","Agarkar Chowk Bus Stop,, Andheri East, Aas,",19.0159674,72.8401283,"Shop No.14-B, Tower Building, Plot No. 241, Senapati Bapat Marg, opposite Ram Gopal Industrial Estate, Dadar West, Dadar, Mumbai, Maharashtra 400028, India"
295,196.pdf,28/07/2025,14:30,28/07/2025,14:30," तुलसी पाईप रोड,फुटपाथवर, , उन्नती सोसायटी समोर,, माहिम मुंबई 16 ,   ","TULSI PIPE ROAD, ON PAVEMENT, , OPPOSITE UNNATI SOCIETY,, MAHIM MUMBAI 16 ,",19.1122228,72.8673215,"Andheri - Kurla Rd, Mumbai, Maharashtra, India"
296,197.pdf,08/05/2025,19:15,08/05/2025,19:30," अंधेरी कुर्ला रोड, होली फमीली चर्च सिग्लवर,, चकाला, ,अंधेरी पुर्व, मुंबई  ","ANDHERI KURLA ROAD, HOLY FAMILY CHURCH SIGLWAR,, CHAKALA, ANDHERI EAST, MUMBAI",19.0453588,72.8434817,"2RWV+49X, Mahim - Sion Link Rd, Naya Nagar, Baba Saheb Ambedkar Nagar, Mahim, Mumbai, Maharashtra 400016, India"
297,198.pdf,28/07/2025,06:30,28/07/2025,15:00," राहते घर , नयानगर झोपडपट्टी,, रहेजा हस्पीटलचे समोर,,माहिम पश्‍चिम, मुंबई 400016   ","Residency House, Nayanagar Slum, Opposite Raheja Hospital, Mahim West, Mumbai 400016",19.1122228,72.8673215,"Andheri - Kurla Rd, Mumbai, Maharashtra, India"
298,199.pdf,09/05/2025,23:00,10/05/2025,00:30," अंधेरी कुर्ला रोड,, चकाला पेट्रोल पंपाजवळ सिग्नलवर, अंधेरी पुर्व, मुंबई  त ","Andheri Kurla Road, On Signal Near Chakala Petrol Pump, Andheri East, Mumbai",19.0389887,72.84002219999999,"Mahim Lohar Chawl, Mahim West, Mahim, Mumbai, Maharashtra 400016, India"
299,200.pdf,28/07/2025,18:30,28/07/2025,18:30," कापड बाजार रोड,, लोहार चाळ येथे फुटपाथ वर , माहिम पश्‍चिम मुंबई 16,   ","Cloth Bazaar Road, On Footpath at Lohar Chal, Mahim West Mumbai 16,",18.9581934,72.8320729,"Mumbai, Maharashtra, India"
300,201.pdf,27/04/2025,08:00,27/04/2025,11:30," 504, ऑलटेन हॉटेल , आगरकर चोक ONT पु मुंबई ,   ","504, Olten Hotel, Agarkar Chowk ONT PU Mumbai,",19.0595596,72.8295287,"Bandra West, Mumbai, Maharashtra, India"
301,1112.pdf,25/02/2025,08:00,25/02/2025,08:00," सार्वजनिक सुलभ शौचालय, लालमिटी, बांद्रा प, मुंबई ;   ","Public Accessible Toilet, Lalmithi, Bandra P, Mumbai ;",19.139536,72.9238392,"Kombadi Galli, Farid Nagar, Bhandup West, Mumbai, Maharashtra 400078, India"
302,1108.pdf,23/02/2025,22:00,24/02/2025,02:30," कोंबडी गल्ली, वेस्टर्न एक्सप्र, वांद्रे प मुबंई50, ","KOMBDI GALLI, WESTERN EXPRESS, BANDRA P MUMBAI 50,",19.0489832,72.820672,"BJ Road, Bandra West, 400050, India"
303,1104.pdf,23/02/2025,20:30,23/02/2025,20:30," मन्नत बंगल्यासमोरील बस स्टाँप, बी जे रोड,वांद्रे पश्‍चिम,मुं,   ","Bus Stand Opposite Mannat Bungalow, BJ Road, Bandre West, Mun,",19.0595596,72.8295287,"Bandra West, Mumbai, Maharashtra, India"
304,1106.pdf,01/01/2025,12:30,01/01/2025,13:00," व्हरायटी स्टोअर्स जवळ, बाजारा, वांद्रे प मुबंई 50,  ","Near Variety Stores, Bazaar, Bandra P Mumbai 50,",19.0544038,72.8375416,"1st Rd, S.V. Road, Bandra West, Mumbai, Maharashtra 400050, India"
305,1110.pdf,28/11/2024,00:00,28/11/2024,00:00," रूम नं 202, साई सागर सोस, सोसायटी, वांद्रे पश्‍चिम,,मुंबई 400050   ","Room No 202, Sai Sagar Sos, Society, Bandra West, Mumbai 400050",19.139536,72.9238392,"Kombadi Galli, Farid Nagar, Bhandup West, Mumbai, Maharashtra 400078, India"
306,1105.pdf,23/02/2025,23:00,24/02/2025,01:00," कोंबडी गल्ली, वांद्रे Recta, वांद्रे पषिचम, मुंबई 50, ","50, Kombadi Galli, Bandre Recta, Bandre Pashicham, Mumbai,",19.0602719,72.8362006,"Shop no.14, mall, 24th&33rd road, Bandra West, Mumbai, Maharashtra 400050, India"
307,1109.pdf,19/02/2025,01:00,19/02/2025,07:00," शाप क्र14, रिझवी गार्डन जवळ ,, मिनारा मस्जिद समोर,, रिक्‍लेमेशन रोड,,बांद्रा पश्‍चिम,मुंबई 50   ","Shop No.14, Near Rizvi Garden,, Opposite Minara Masjid,, Reclamation Road,, Bandra West, Mumbai 50",19.0552006,72.8308311,"Hill Rd, Bandra West, Mumbai, Maharashtra 400050, India"
308,1111.pdf,24/02/2025,20:30,24/02/2025,20:30," Vat स्टुडीओ, चेरी फिक शाँप जवळ, हिल रोड, वांद्रे प मुबंई,   ","Vat Studio, Near Cherry Fick Shampoo, Hill Road, Bandra, Mumbai,",19.0551998,72.8243492,"SHEKRI HOUSE,, 112, Chimbai Rd, behind St. Andrew's Church, Bandra West, Mumbai, Maharashtra 400050, India"
309,1107.pdf,15/12/2024,10:30,15/12/2024,10:30," 112 चिंबई ,, सेंन्ट न्डूज चर्चच्या , पाठीमागे, चिंबई ,,बांद्रा पश्‍चिम मुंबई 50  ","112 CHIMBAI ,, BEHIND ST NDO'S CHURCH, CHIMBAI ,, BANDRA WEST MUMBAI 50",19.0556421,72.83324680000001,"Ground Floor, Mezzanine and lower, Ground floor, Shop No. 1, 2, High peak chs ltd, 3 & 4 Hilton, Hill Rd, opp. Elco Arcade, W, Bandra West, Mumbai, Maharashtra 400050, India"
310,1113.pdf,25/02/2025,14:30,25/02/2025,14:30," कोटक महिंद्रा बंक समोर,, हिल रोड, वांद्रे पश्‍चिम, मुं,   ","Opp Kotak Mahindra Bunk,, Hill Road, Bandra West, Mun,",19.059334,72.8281503,"St Cyril Rd, Bandra West, Mumbai, Maharashtra 400050, India"
311,1116.pdf,28/07/2023,16:00,01/01/2024,00:00," फलट क्रमांक 601,602 6वा माळा , काॉँझ-इन बिल्डींग सेंट सिरिल , रोड वांद्रे प मुंबई 50 ,   ","Flat No. 601,602 6TH FLOOR, CAUNZ-IN BUILDING ST. CYRIL, ROAD BANDRA P MUMBAI 50,",16.6166719,74.1078459,"Shiroli, Maharashtra 416001, India"
312,1118.pdf,18/02/2024,00:00,08/01/2025,00:00," मु पो कुलाची शिरोली, , तालुका - हातकलंकडे,, जिल्हा - कोल्हापुर,   ","Mu Po Kulachi Shiroli, , Taluka - Hatkalnade,, District - Kolhapur,",19.0562415,72.8343024,"355, Ramdas Nayak Marg, Hill, Road, opposite Marks N Spencer, Bandra West, Mumbai, Maharashtra 400050, India"
313,1117.pdf,26/02/2025,00:50,26/02/2025,00:55," the nest पहिला माळा, , हॉटेल मेट्रो पलेस, हिल रोड,, वांद्रे पश्‍चिम,  मुंबई 50,  ","the nest First Floor, Hotel Metro Palace, Hill Road, Bandra West, Mumbai 50,",19.0595596,72.8295287,"Bandra West, Mumbai, Maharashtra, India"
314,1115.pdf,25/02/2025,14:30,25/02/2025,14:30," लालमिठ्ठी परिसर, वांद्रे प मु, ","Lalmitthi Precinct, Bandra PMU,",19.0595596,72.8295287,"Bandra West, Mumbai, Maharashtra, India"
315,1121.pdf,26/02/2025,15:15,26/02/2025,15:15," कोंबडी गल्ली, , वांद्रे पश्‍चिम मुंबई 50, ","KOMBDI GALLI, , BANDRA WEST MUMBAI 50,",19.0595596,72.8295287,"Bandra West, Mumbai, Maharashtra, India"
316,1114.pdf,25/02/2025,14:35,25/02/2025,14:35," लव्ह गार्डन परिसर, कोंबडी गल्ल, वांद्रे प मुबंई 50,  ","Love Garden Complex, Kombadi Gall, Bandra P Mumbai 50,",19.060927,72.8465307,"Bandra East, Mumbai, Maharashtra, India"
317,1119.pdf,26/02/2025,14:30,26/02/2025,14:30," लालमिठ्ठी परिसर, फुटपाथवर,, वांद्रे प मुंबई 50 , ","Lalmithi Area, On Footpath,, Bandre P Mumbai 50 ,",19.0595596,72.8295287,"Bandra West, Mumbai, Maharashtra, India"
318,1120.pdf,26/02/2025,15:30,26/02/2025,15:30," लालमिठ्ठी परिसर, , फुटपाथवर ,, वांद्रे पश्‍चिम मुंबई 50, ","LALMITHI COMPLEX, , ON PAVEMENT ,, BANDRA WEST MUMBAI 50,",19.0595596,72.8295287,"Bandra West, Mumbai, Maharashtra, India"
319,1122.pdf,26/02/2025,15:15,26/02/2025,15:15," कोंबडी गल्ली, , वांद्रे पश्‍चिम मुंबई 50, ","KOMBDI GALLI, , BANDRA WEST MUMBAI 50,",19.0595596,72.8295287,"Bandra West, Mumbai, Maharashtra, India"
320,1123.pdf,19/08/2023,00:00,19/08/2023,00:00," सीटी सर्व्हे ऑफीस, , म्हैसुर भवन, 4 व 5 माळा, , बांद्रा प, मुंबई 50,  ","CT Survey Office, , Mysore Bhavan, 4 & 5 Mala, , Bandra P, Mumbai 50,",19.0606564,72.8218326,"Kanta road, Bandra West, Mumbai, Maharashtra 400050, India"
321,1129.pdf,09/01/2025,15:00,09/01/2025,15:00," ओटरस क्लब,काटर रोड,, वांद्रे पश्‍चिम, मुंबई 50,   ","Otters Club, Katter Road, Bandra West, Mumbai 50,",19.051016,72.8355244,"14, LK Mehta Marg, Reclamation, Bandra West, Mumbai, Maharashtra 400050, India"
322,1125.pdf,27/02/2025,14:15,27/02/2025,14:15," लालमिठ्ठी परिसर, फुटपाथवर ,, वांद्रे पश्‍चिम मुंबई 50, ","Lalmitthi Area, On Footpath,, Bandra West Mumbai 50,",19.0545819,72.8344499,"50, Chinchpokli Rd, Santosh Nagar, Bandra West, Mumbai, Maharashtra 400050, India"
323,1127.pdf,27/02/2025,14:30,27/02/2025,15:00," संतोष गरेज ,, चिंचपोकळी रोड,, बांद्रा पश्‍चिम ,मुंबई 50,   ","Santosh Garage,, Chinchpokli Road,, Bandra West, Mumbai 50,",19.0595596,72.8295287,"Bandra West, Mumbai, Maharashtra, India"
324,1128.pdf,03/08/2024,00:00,05/09/2024,00:00," रूम नं ए 22, , कमलपुश्प सोसायटी, , वांद्रे पश्‍चिम, मुंबई 50,   ","Room No A 22, , Kamalpushp Society, , Bandra West, Mumbai 50,",19.058555,72.841946,"161, Kherwadi Rd, MHB Colony, Bandra Terminus, Naupada Village, Bandra East, Mumbai, Maharashtra 400051, India"
325,1132.pdf,28/02/2025,01:30,28/02/2025,01:40," जैन मंदीर जवह बाजार रोड, ,वांद्रे प मुंबई 50 ,   ","Jain Mandir Jawah Bazar Road, Bandre P Mumbai 50,",19.0353849,72.8423036,"Mahim, Mumbai, Maharashtra, India"
326,1124.pdf,26/02/2025,20:30,26/02/2025,20:30," माहीम खाडी ब्रीज जवळ,, खाडी लगत,बीएमसीची लोखंडीचे, आडोशाला ,साउथ बॉन्ड वर, वांद्‌,  ","Near Mahim Khadi Bridge, Adjacent to Khadi, BMC's Railway, Adoshala, On South Bond, Vand,",19.0595596,72.8295287,"Bandra West, Mumbai, Maharashtra, India"
327,1126.pdf,27/02/2025,14:25,27/02/2025,14:25," कोंबडी गल्ली, , बांद्रा पश्‍चिम मुंबई 50, ","KOMBDI GALLI, , BANDRA WEST MUMBAI 50,",19.0552006,72.8308311,"Hill Rd, Bandra West, Mumbai, Maharashtra 400050, India"
328,1130.pdf,03/08/2024,00:00,20/08/2024,00:00," 164 सेलाव्ही Fars, 164,मकडोनल्ड समोर हिल रोड, वांद्रे प मुंबई,   ","164 Selavy Fars, 164, Opposite Macdonald Hill Road, Bandra P Mumbai,",19.0561007,72.8339903,"400, 050, Waterfield Road, Bandra West, Mumbai, Maharashtra 400050, India"
329,1131.pdf,12/02/2025,21:00,12/02/2025,21:10," बीएमसी सार्वजनिक सुलभ, शौचालय समोर, पटेलनगरी,, शास्त्रीनगर, बांद्रा प, मुंबई, ","BMC Public Access, Opposite Toilet, Patelnagari,, Shastrinagar, Bandra P, Mumbai,",19.0667827,72.8333849,"Raheja Building, Bandra West, Mumbai, Maharashtra 400052, India"
330,1134.pdf,27/02/2025,03:00,27/02/2025,03:30," रहेजा बिल्डींग, तवा हॉटेल, बांद्रा प, मुंबई,   ","Raheja Building, Tawa Hotel, Bandra P, Mumbai,",19.05523,72.8320402,"50, Hill Rd, Ranwar, Bandra West, Mumbai, Maharashtra 400050, India"
331,1140.pdf,09/01/2025,17:00,09/01/2025,17:00," हिल रोड, वांद्रे पश्‍चिम, मुंबई 50,  ","Hill Road, Bandra West, Mumbai 50,",19.0551942,72.83733149999999,"S.V. Road, Bandra West, Mumbai, Maharashtra 400050, India"
332,1136.pdf,28/02/2025,00:30,28/02/2025,00:30," मदर अँन्ड सन स्टच्युजवळ , एस व्ही रोड वांद्रे पश्‍चिम मुं,  1 ","Near Mother and Son Statue, SV Road Bandra West Mun, 1",19.0595596,72.8295287,"Bandra West, Mumbai, Maharashtra, India"
333,1135.pdf,28/02/2025,17:05,28/02/2025,17:05," लव्ह गार्डन परिसर, कोंबडी गल्ल, वांद्रे प मुबंई,  ","Love Garden Precinct, Kombadi Gall, Bandra P Mumbai,",19.0539656,72.8326935,"Bazar Rd, Bandra West, Mumbai, Maharashtra 400050, India"
334,1141.pdf,28/02/2025,22:30,28/02/2025,22:30," मच्छी मार्केट समोर,पितळवाडी,, बाजार रोड, वांद्रे पश्‍चिम, मुं,   ","Opposite Macchi Market, Pitalwadi, Bazar Road, Bandra West, Mun.",19.0558286,72.8373322,"Swami Vivekanand Rd, Bandra West, Mumbai, Maharashtra, India"
335,1137.pdf,28/02/2025,19:00,28/02/2025,19:10," एसव्हीरोडकडुन रेल्वे स्टेशन , कडे AON रोडवर बांद्रा तलाव , फुटपाथवर, वान्द्रे प, मुंबई ,  ","From SV Road to Railway Station, on AON Road to Bandra Lake, on Footpath, Bandra P, Mumbai,",19.139536,72.9238392,"Kombadi Galli, Farid Nagar, Bhandup West, Mumbai, Maharashtra 400078, India"
336,1133.pdf,28/02/2025,03:00,28/02/2025,03:05," कोंबडी गल्ली जवळ,, रिक्‍्लेमेशन ब्रिजखाल्री, , लालमिट्ठी, वांद्रेप  मुंबई-50,  ","Near Kombadi Galli,, Reclamation Brijkhalri, , Lalmitthi, Wandrep Mumbai-50,",19.0539656,72.8326935,"Bazar Rd, Bandra West, Mumbai, Maharashtra 400050, India"
337,1142.pdf,28/02/2025,22:30,28/02/2025,22:30," मच्छी मार्केट समोर,पितळवाडी,, बाजार रोड, वांद्रे पश्‍चिम, मुं,   ","Opposite Macchi Market, Pitalwadi, Bazar Road, Bandra West, Mun.",19.0491441,72.8276867,"KC Marg, Bandra West, Mumbai, Maharashtra 400050, India"
338,1139.pdf,28/02/2025,22:15,28/02/2025,22:20," कोंबडी गल्ली, के सी मार्ग , लालमटटी वांद्रे प मुंबई ,   ","KOMBDI GALLI, KC MARG, LALMATTI BANDRA P MUMBAI,",19.0530943,72.8404424,"3R3R+65P BUS DEPOT, PLOT NO.2, near Bandra, C Block BKC, SHASTRI NAGAR, Bandra West, Mumbai, Maharashtra 400050, India"
339,1138.pdf,28/02/2025,22:30,28/02/2025,22:40," शास्त्री नगर बस डेपोच्या मोकळय, मैदानामध्ये पडक्या भिंतीच्या ,  आडोशाला, स्टेशन जवळ,,वांद्रे, पश्‍चिम, मुंबई 1 ","Shastri Nagar Bus Depot Open Ground, Fallen Wall, Adoshala, Near Station, Bandra, West, Mumbai 1",19.0595596,72.8295287,"Bandra West, Mumbai, Maharashtra, India"
340,1143.pdf,28/02/2025,23:40,28/02/2025,23:50," लालमिट्टी, नर्गिसदत्तनगर, , वांद्रे पश्‍चिम मुंबई 50,   ","Lalmitty, Nargisduttanagar, , Bandra West Mumbai 50,",19.0595596,72.8295287,"Bandra West, Mumbai, Maharashtra, India"
341,1144.pdf,28/02/2025,23:40,28/02/2025,23:50," लालमिट्टी, नर्गिसदत्तनगर, , वांद्रे पश्‍चिम मुंबई 50,   ","Lalmitty, Nargisduttanagar, , Bandra West Mumbai 50,",19.0595596,72.8295287,"Bandra West, Mumbai, Maharashtra, India"
342,1145.pdf,28/02/2025,23:30,28/02/2025,23:40," आपला दवाखाना जवळील, मोकळया जागेत शास्त्री नगर,, वांद्रे पश्‍चिम मुंबई,  ","Our clinic is near by, in open space Shastri Nagar, Bandra West Mumbai,",19.0595596,72.8295287,"Bandra West, Mumbai, Maharashtra, India"
343,1146.pdf,28/02/2025,23:30,28/02/2025,23:40," आपला दवाखाना जवळील, मोकळया जागेत शास्त्री नगर,, वांद्रे पश्‍चिम मुंबई,  ","Our clinic is near by, in open space Shastri Nagar, Bandra West Mumbai,",19.0515529,72.8327674,"KC Marg, Reclamation, Bandra West, Mumbai, Maharashtra 400050, India"
344,1149.pdf,28/02/2025,23:25,28/02/2025,23:35," वांद्रे रिकलेमेशन फ्लाय ओव्हर, पश्‍चिम, मुंबई ,  व्हर, ब्रिजच्या खाली, Revert, वांद्रे ","Bandra Reclamation Fly Over, West, Mumbai, Ver, Under Bridge, Revert, Bandra",19.0595596,72.8295287,"Bandra West, Mumbai, Maharashtra, India"
345,1147.pdf,28/02/2025,23:55,28/02/2025,23:55," लव्ह गार्डन परिसर,, कोंबडी गल्ली, वांद्रे प, मुं, ","Love Garden Premises,, Kombadi Galli, Bandra P, Mun,",19.0504144,72.8375614,"14, LK Mehta Marg, Reclamation, Bandra West, Mumbai, Maharashtra 400050, India"
346,1151.pdf,06/01/2025,15:30,07/01/2025,11:30," बांद्रा अग्निशमन केंद्र, एलके, मेहता मार्ग,, बांद्रा पश्‍चिम, मुं,   ","Bandra Fire Station, LK, Mehta Marg,, Bandra West, Mun,",19.0515529,72.8327674,"KC Marg, Reclamation, Bandra West, Mumbai, Maharashtra 400050, India"
347,1150.pdf,28/02/2025,23:25,28/02/2025,23:35," वांद्रे रिकलेमेशन फ्लाय ओव्हर, पश्‍चिम, मुंबई ,  व्हर, ब्रिजच्या खाली, Revert, वांद्रे ","Bandra Reclamation Fly Over, West, Mumbai, Ver, Under Bridge, Revert, Bandra",19.0595596,72.8295287,"Bandra West, Mumbai, Maharashtra, India"
348,1148.pdf,28/02/2025,23:55,28/02/2025,23:55," लव्ह गार्डन परिसर,, कोंबडी गल्ली, वांद्रे प, मुं, ","Love Garden Precinct,, Kombadi Galli, Bandra P, Mun,",19.0772858,72.8674286,"3VG8+WX7, Church Rd, Kolivery Village, Kunchi Kurve Nagar, Kalina, Santacruz East, Mumbai, Maharashtra 400029, India"
349,1153.pdf,01/03/2025,00:30,01/03/2025,00:40," शास्त्रीनगर, बीएमसी मैदान, , वांद्रे पश्‍चिम, मुंबई 50,   ","Shastri Nagar, BMC Ground, , Bandra West, Mumbai 50,",19.0813949,72.8498401,"23, Oasis, Nehru Road, Vakola, Santacruz East, 3RMX+3HQ, Demello Compound, Ashok Nagar, Santacruz East, Mumbai, Maharashtra 400055, India"
350,1154.pdf,01/03/2025,00:40,01/03/2025,00:50," यु ब्रिज खाली, सार्वजनिक , शोंचालयाचे जवळ,, लालमिट्टी, वांद्रे प  मुंबई , ","Under U Bridge, Public, Near Shonchalaya,, Lalmitty, Bandra P Mumbai,",19.05523,72.8320402,"50, Hill Rd, Ranwar, Bandra West, Mumbai, Maharashtra 400050, India"
351,1157.pdf,01/03/2025,15:30,01/03/2025,15:30," बाटा शोरूम जवळ,, हिल रोड वर,, वांद्रे, पश्‍चिम, मुंबई 50, ","NEAR BATA SHOWROOM,, ON HILL ROAD,, BANDRA, WEST, MUMBAI 50,",19.051016,72.8355244,"14, LK Mehta Marg, Reclamation, Bandra West, Mumbai, Maharashtra 400050, India"
352,1161.pdf,28/02/2025,10:30,28/02/2025,10:30," आपला दवखाना समोर लालमिट्टी, वांद्रे प मुबंई 50,   ","Opposite Apa Davkhana Lalmitti, Bandre P Mumbai 50,",19.05523,72.8320402,"50, Hill Rd, Ranwar, Bandra West, Mumbai, Maharashtra 400050, India"
353,1158.pdf,01/03/2025,15:30,01/03/2025,15:30," बाटा शोरूम जवळ,, हिल रोड वर,, वांद्रे, पश्‍चिम, मुंबई 50, ","NEAR BATA SHOWROOM,, ON HILL ROAD,, BANDRA, WEST, MUMBAI 50,",19.0813949,72.8498401,"23, Oasis, Nehru Road, Vakola, Santacruz East, 3RMX+3HQ, Demello Compound, Ashok Nagar, Santacruz East, Mumbai, Maharashtra 400055, India"
354,1155.pdf,01/03/2025,00:40,01/03/2025,00:50," यु ब्रिज खाली, सार्वजनिक , शोंचालयाचे जवळ,, लालमिट्टी, वांद्रे प  मुंबई , ","Under U Bridge, Public, Near Shonchalaya,, Lalmitty, Bandra P Mumbai,",19.0813949,72.8498401,"23, Oasis, Nehru Road, Vakola, Santacruz East, 3RMX+3HQ, Demello Compound, Ashok Nagar, Santacruz East, Mumbai, Maharashtra 400055, India"
355,1156.pdf,01/03/2025,00:40,01/03/2025,00:50," यु ब्रिज खाली, सार्वजनिक , शोंचालयाचे जवळ,, लालमिट्टी, वांद्रे प  मुंबई , ","Under U Bridge, Public, Near Shonchalaya,, Lalmitty, Bandra P Mumbai,",19.0595596,72.8295287,"Bandra West, Mumbai, Maharashtra, India"
356,1159.pdf,02/03/2025,00:30,02/03/2025,00:30," लालमट्टी, अल्लीयावर , जंग हॉस्पिटल समोर,, वांद्रे प मुबई 50,   ","LALMATTI, ALLIYAWAR, OPPOSITE JUNG HOSPITAL,, BANDRA P MUMBAI 50,",19.0513393,72.83235069999999,"3R3M+23F, Rangsharda Marg, Bandra Reclamation Flyover, near Lilavati Hospital, Nityanand Nagar, A Block BKC, Bandra West, Mumbai, Maharashtra 400050, India"
357,1160.pdf,02/03/2025,00:45,02/03/2025,00:45," रंगशारदा हाँटेल जवळ, राहुल नगर, भुयारी मार्गा जवळ, वांद्रेप, ","Near Rangsarada Hotel, Rahul Nagar, Near Subway, Wandrep,",19.0511024,72.83596109999999,"Nargis Dutt Nagar, Reclamation, Bandra West, Mumbai, Maharashtra 400050, India"
358,1162.pdf,09/01/2025,18:00,09/01/2025,18:00," यु ब्रीज खाली, , नर्गिस दत्त नगर परिसर, वांद्रे पष्चिम, मुंबई 50,  ","Below U Bridge, , Nargis Dutt Nagar Area, Bandra West, Mumbai 50,",19.0595596,72.8295287,"Bandra West, Mumbai, Maharashtra, India"
359,1163.pdf,02/03/2025,01:00,02/03/2025,01:30," 145 क्लबजवळील परिसरामध्ये, वांद्रे पश्‍चिम मुंबई 50,   ","50, BANDRA WEST MUMBAI, NEAR 145 CLUB PREMISES",19.0595596,72.8295287,"Bandra West, Mumbai, Maharashtra, India"
360,1165.pdf,03/03/2025,10:45,03/03/2025,10:45," लकी हॉटेल जंक्शन,वांद्रे पश्च,  ","Lucky Hotel Junction, Bandra West,",19.0558286,72.8373322,"Swami Vivekanand Rd, Bandra West, Mumbai, Maharashtra, India"
361,1167.pdf,03/03/2025,15:10,03/03/2025,15:10," पेट्रोलपंपसमोर, लकी जंक्शन, , एस व्ही रोड वांद्रे प मुबंई,  ","Opposite Petrol Pump, Lucky Junction, , SV Road Bandra P Mumbai,",19.0595596,72.8295287,"Bandra West, Mumbai, Maharashtra, India"
362,1164.pdf,01/03/2025,17:40,01/03/2025,17:50," कल्याण ज्वेलर्स, मोतीमहल अँपेक, बिल्डींग, सीटिएस नं एफ/902,, प्लॉट नं 116, जक्शन वाँटर फिल,वांद्रे प मुबंई  ","Kalyan Jewellers, Motimahal Ampek, Building, Cts No F/902,, Plot No 116, Junction Wanter Phil, Bandra P Mumbai",19.0597648,72.8372392,"3R5P+WV5, Swami Vivekanand Rd, Tata Blocks, Bandra West, Mumbai, Maharashtra 400050, India"
363,1166.pdf,03/03/2025,12:10,03/03/2025,12:10," साधु वासवानी गार्डन,, टर्नर रोड जंक्शन, वांद्रे पश्च, ","Sadhu Vaswani Garden, Turner Road Junction, Bandra West,",19.062203,72.8341912,"30th Rd, Bandra West, Mumbai, Maharashtra 400050, India"
364,1170.pdf,01/03/2025,00:00,02/03/2025,00:00," 601, फाॉँन्र्यन हेरीटेज, सरगम काँ, ऑप हो सो लि 30 वा सता, , वांद्रे पश्‍चिम, मुंबई ,   ","601, Fawnrian Heritage, Sargam Con, Op Ho So Ltd 30th Sata, , Bandra West, Mumbai ,",19.0538911,72.83764910000001,"Bld no-9, Bandra Junction of S.V. Road, &, Hill Rd, Madam Wadi, Santosh Nagar, Bandra West, Mumbai, Maharashtra 400050, India"
365,1169.pdf,26/03/2022,00:00,26/03/2022,00:00," लकी हाँटेल एस व्ही रोड  ठाण्या पासून दिशा Beat No. (बीट क्र.):  , वांद्रे प मुंबई 50, ","Direction Beat No. from Lucky Hotel SV Road Thane. (Beat No.): , Bandre P Mumbai 50,",19.0595596,72.8295287,"Bandra West, Mumbai, Maharashtra, India"
366,1168.pdf,03/03/2025,17:10,03/03/2025,17:10," लव्ह गार्डन परिसर, कोंबडी गल्ल, वांद्रे प मुबंई 50,  ","Love Garden Complex, Kombadi Gall, Bandra P Mumbai 50,",19.0511024,72.83596109999999,"Nargis Dutt Nagar, Reclamation, Bandra West, Mumbai, Maharashtra 400050, India"
367,1171.pdf,04/03/2025,02:20,04/03/2025,02:20," नर्गिस दत्त नगर, लाल मिट्टी , जवळ, वांद्रे पश्‍चिम, मुंबई 50,   ","Nargis Dutt Nagar, Near Lal Mitti, Bandra West, Mumbai 50,",19.0772858,72.8674286,"3VG8+WX7, Church Rd, Kolivery Village, Kunchi Kurve Nagar, Kalina, Santacruz East, Mumbai, Maharashtra 400029, India"
368,1172.pdf,04/03/2025,02:15,04/03/2025,02:20," शास्त्रीनगर, बीएमसी मैदान,, वांद्रे पश्‍चिम मुंबई 50 ,   ","Shastri Nagar, BMC Ground,, Bandra West Mumbai 50 ,",19.0595596,72.8295287,"Bandra West, Mumbai, Maharashtra, India"
369,1173.pdf,09/01/2025,14:45,09/01/2025,14:45," यु ब्रीज खाली, वांद्रे प, मुंबई , ","Below U Bridge, Bandra West, Mumbai,",19.1386175,72.8451695,"Swami Vivekanand Rd, India"
370,1174.pdf,27/03/2023,00:00,04/03/2025,14:00," सिव्हर स्टोन हॉस्पिटलिटी, नुरा मोहंमद बिल्डीग,, साई बाबा sited समोर, एस ,व्ही रोड, बांद्रा पश्‍चिम, मुं  ","Siver Stone Hospitality, Noora Mohammed Bldg., Opposite Sai Baba sited, S V Road, Bandra West, Mun",19.05234,72.8376024,"3R2Q+W2Q, Bazar Rd, Santosh Nagar, Bandra West, Mumbai, Maharashtra 400050, India"
371,1177.pdf,04/03/2025,23:00,04/03/2025,23:00," अंजुमन गल्स स्कुल, , बाजार रोड, वांद्रे प मुबंई,   ","Anjuman Girls School, , Bazar Road, Bandra P Mumbai,",19.057534,72.83935919999999,"3R5Q+2P9, SG Joshi Marg, Patkar Blocks, Bandra West, Mumbai, Maharashtra 400050, India"
372,1180.pdf,05/03/2025,18:00,05/03/2025,21:30," सिद्रा गारमेंट,एस एस गारमेंट, HFA कलेक्शन, , बाला सावंत रोड, बांद्रा पश्‍चिम, मुंबई 50  ","Sidra Garment, SS Garment, HFA Collection, , Bala Sawant Road, Bandra West, Mumbai 50",19.0524578,72.83794309999999,"Shop No. 07/341, Madina Building, Bazar Rd, near Bostan Restaurant, Santosh Nagar, Bandra West, Mumbai, Maharashtra 400050, India"
373,1181.pdf,15/06/2005,00:00,14/12/2023,00:00," लिलावती किर्तीलाल मेहता , मेडीकल ट्रस्ट ,, वांद्रे पश्‍चिम मुंबई 400050,   ","Lilavati Kirtilal Mehta, Medical Trust, Bandra West Mumbai 400050,",19.0593105,72.82191139999999,"50, Carter Rd, Bandra West, Mumbai, Maharashtra 400050, India"
374,1175.pdf,04/03/2025,16:30,04/03/2025,16:30," कात्रज गार्डनजवळ,, कार्टर रोड, , वांद्रे पश्‍चिम मुंबई 50, ","NEAR KATRAJ GARDEN,, CARTER ROAD, , BANDRA WEST MUMBAI 50,",19.0593105,72.82191139999999,"50, Carter Rd, Bandra West, Mumbai, Maharashtra 400050, India"
375,1176.pdf,04/03/2025,16:30,04/03/2025,16:30," कात्रज गार्डनजवळ, , कार्टर रोड, , वांद्रे पश्‍चिम मुंबई 50, ","NEAR KATRAJ GARDEN, , CARTER ROAD, , BANDRA WEST MUMBAI 50,",19.0511024,72.83596109999999,"Nargis Dutt Nagar, Reclamation, Bandra West, Mumbai, Maharashtra 400050, India"
376,1178.pdf,24/02/2025,00:00,24/02/2025,00:00," 577, नर्गिसदत्त नगर, लालमिट्टी,, वांद्रे पश्‍चिम, मुंबई 50,   ","577, Nargisdutt Nagar, Lalmitty,, Bandre West, Mumbai 50,",19.0510479,72.8385002,"50, Swami Vivekanand Rd, Near Jama Masjid, C Block BKC, Qurese Nagar, Bandra West, Mumbai, Maharashtra 400050, India"
377,1179.pdf,05/03/2025,17:00,05/03/2025,17:10," फायर ब्रिगेड कंम्पाऊंड शेजारी, क्लाँक टॉवर जवळ, एस व्हि , रोड, वांद्रेप मुंबई-50 ,  ","NEAR FIRE BRIGADE COMPOUND, NEAR CLANK TOWER, S V ROAD, VANDREP MUMBAI-50,",19.0595841,72.8324293,"Saqib CHS, Junction of 24th &, Turner Rd, Bandra West, Mumbai, Maharashtra 400050, India"
378,1182.pdf,05/03/2025,22:25,05/03/2025,22:25," तवा हॉटेल, , वांद्रे पश्‍चिम, मुंबई 50,   ","Tawa Hotel, , Bandra West, Mumbai 50,",19.0551249,72.82726880000001,"St Andrews Rd, Bandra West, Mumbai, Maharashtra 400050, India"
379,1184.pdf,04/01/2025,16:00,05/01/2025,18:00," गेट नं 03 चे समोर,, होली फमिली हाँस्पीटल, , सेंट अँन्डर्युज रोड, वांद्रे प,   ","Opposite Gate No. 03, Holy Family Hospital, St. Andrews Road, Bandra P,",19.1078238,72.8638828,"Silver Point, Dr Karanjia Marg, Bamanpuri, J.B. Nagar, Tarun Bharat, Andheri East, Mumbai, Maharashtra 400059, India"
380,1183.pdf,20/11/2024,00:00,20/11/2024,00:00," Fete नं 1101, व्हाईट रोझ , को-ऑपरेटिव्ह हाउसिंग सोसायटी , सीटीएसनं सी/550,4 पेरी wre रोड वांद्रे प मुबंई  ","Fete No. 1101, White Rose, Co-operative Housing Society, CTS No. C/550, 4 Perry Wre Road Bandra P Mumbai",19.05523,72.8320402,"50, Hill Rd, Ranwar, Bandra West, Mumbai, Maharashtra 400050, India"
381,1189.pdf,06/03/2025,23:00,06/03/2025,23:10," गुडलक वाईन्स शाँप समोरील , फुटपाथवर हिल रोड, , वांद्रे पश्‍चिम मुंबई 50,   ","Opposite Goodluck Wines Champ, Footpath Hill Road, Bandra West Mumbai 50,",19.0595596,72.8295287,"Bandra West, Mumbai, Maharashtra, India"
382,1185.pdf,06/03/2025,17:10,06/03/2025,17:10," लव्ह गार्डन परिसर, कोंबडी Ta, वांद्रेप मुबंई,  ","Love Garden Area, Kombadi Ta, Bandrep Mumbai,",19.0515721,72.83463139999999,"Reclamation, Bandra West, Mumbai, Maharashtra, India"
383,1188.pdf,06/03/2025,13:30,06/03/2025,13:35," कोकावाडी, वांद्रे रिक्‍लेमेशन, , सुन्नी Ae च्या मागे,, वांद्रे पश्‍चिम ,  ","Kokawadi, Bandra Reclamation, , Behind Sunni Ae,, Bandra West,",19.0595596,72.8295287,"Bandra West, Mumbai, Maharashtra, India"
384,1186.pdf,06/03/2025,17:10,06/03/2025,17:10," लव्ह गार्डन परिसर, कोंबडी Ta, वांद्रे प मुबंई,  ","Love Garden Complex, Kombadi Ta, Bandra P Mumbai,",19.05523,72.8320402,"50, Hill Rd, Ranwar, Bandra West, Mumbai, Maharashtra 400050, India"
385,1190.pdf,06/03/2025,10:48,06/03/2025,10:48," ग्लोबल माँलसमोरील सिग्नल,, हिल रोड,, वांद्रे पश्‍चिम, मुंबई 50 ,  ","Signal Opposite Global Mall, Hill Road, Bandra West, Mumbai 50,",19.0489832,72.820672,"BJ Road, Bandra West, 400050, India"
386,1187.pdf,11/09/2017,00:00,10/01/2024,00:00," 21 सरीता अपार्टमेंट, बि विंग,, बि जे रोड, बन्डस्टन्डवांद्रे ,   ","21 SARITA APARTMENT, B WING,, B J ROAD, BUNDSTANDWANDRE,",19.0595596,72.8295287,"Bandra West, Mumbai, Maharashtra, India"
387,1192.pdf,07/03/2025,23:00,08/03/2025,01:00," कोंबडी गल्ली, वांद्रे पश्‍चिम,, ","KOMBDI GALLI, BANDRA WEST,,",19.0592059,72.8329134,"3R5M+M5M, Turner Rd, Bandra West, Mumbai, Maharashtra 400050, India"
388,1191.pdf,03/03/2025,13:00,03/03/2025,15:30," UA ज्वेल्स, शप नं ,1/2, एएन चेंबर्स, तवा हटेलच्या , समोर, टर्नर रोड, बांद्रा प,  ","UA Jewels, Shop No, 1/2, AN Chambers, Opposite Tawa Hutel, Turner Road, Bandra P,",19.0554927,72.8335661,"39, Hill Rd, opp. Elco Market, Santosh Nagar, Bandra West, Mumbai, Maharashtra 400050, India"
389,1193.pdf,08/03/2025,19:00,08/03/2025,19:30," सागर कलेक्शन जवळ,, एल्को हॉटेलच्या समोर, , हिल रोड, बांद्रा पश्‍चिम मुंबई ,   ","Near Sagar Collection,, Opposite Elco Hotel, , Hill Road, Bandra West Mumbai ,",19.0543881,72.8248109,"92-A, Hill Rd, opp. St. Andrews Church, Old Rajaram Wadi, Ranwar, Bandra West, Mumbai, Maharashtra 400050, India"
390,1194.pdf,08/03/2025,23:00,09/03/2025,01:00," खोजा फ्लोरिस्ट, , बांद्रा पश्‍चिम, मुंबई 50 , ","Khoja Florist, , Bandra West, Mumbai 50 ,",19.0353849,72.8423036,"Mahim, Mumbai, Maharashtra, India"
391,1198.pdf,10/03/2025,02:30,10/03/2025,02:40," कोंबडी गल्ली, यु ब्रिजच्याखातरी, माहीम कजवजवळ, बांद्रा प,  ","Kombadi Galli, Near U Bridge, Near Mahim Kajaw, Bandra P,",19.0595596,72.8295287,"Bandra West, Mumbai, Maharashtra, India"
392,1199.pdf,10/03/2025,17:10,10/03/2025,17:10," कोंबडी गल्ली,, वांद्रे पश्‍चिम मुंबई 50, ","KOMBDI GALLI,, BANDRA WEST MUMBAI 50,",19.0595596,72.8295287,"Bandra West, Mumbai, Maharashtra, India"
393,1196.pdf,09/03/2025,06:00,09/03/2025,10:00," सिलिंक टोलप्लाझा ,बांद्रा पमु,   ","Silink Toll Plaza, Bandra Pamu,",19.0886595,72.8339937,"Dheeraj Heritage Residency, Linking Rd, near Gol Garden, Daulat Nagar, Santacruz (West), Mumbai, Maharashtra 400054, India"
394,1195.pdf,09/01/2025,17:50,09/01/2025,17:50," शास्त्री नगर, पटेल नगरी,, रेल्वे स्टेशन जवळ, वांद्रे प, मुंबई,  ","Shastri Nagar, Patel Nagri,, Near Railway Station, Bandra P, Mumbai,",19.0492142,72.8225511,"2RXF+M2M, Mount Mary Rd, Mt Mary, Bandra West, Mumbai, Maharashtra 400050, India"
395,1197.pdf,09/03/2025,23:00,09/03/2025,23:10," सेंट स्टिफन चर्चजवळ,, माउंटमेरी रोड,, वांद्रे प मुंबई,  1 ","NEAR ST STEPHEN'S CHURCH,, MOUNTMARY ROAD,, BANDRA P MUMBAI, 1",19.0595596,72.8295287,"Bandra West, Mumbai, Maharashtra, India"
396,1200.pdf,10/03/2025,17:10,10/03/2025,17:10," कोंबडी गल्ली, , वांद्रे पश्‍चिम मुंबई 50, ","KOMBDI GALLI, , BANDRA WEST MUMBAI 50,",19.0595596,72.8295287,"Bandra West, Mumbai, Maharashtra, India"
397,1201.pdf,10/03/2025,15:15,10/03/2025,15:15," लालमिठ्ठी परिसर, , वांद्रे पश्‍चिम मुंबई 50, ","LALMITHI COMPLEX, , BANDRA WEST MUMBAI 50,",19.0595596,72.8295287,"Bandra West, Mumbai, Maharashtra, India"
398,1202.pdf,10/03/2025,16:15,10/03/2025,16:15," लालमिठ्ठी परिसर, , वांद्रे पश्‍चिम मुंबई 50 , ","LALMITHI COMPLEX, , BANDRA WEST MUMBAI 50 ,",19.0591843,72.8325507,"Turner Heights, 601, Gurunanak Rd, Bandra West, Mumbai, Maharashtra 400050, India"
399,1203.pdf,08/03/2025,20:15,10/03/2025,10:15," चे Reet बँरन्डचे अँडमिनीस, ऑफीस, 601, टर्नर हाईटस,, गुरूनानक रोड, बांद्रा प, मुं, ","Office, 601, Turner Heights, Guru Nanak Road, Bandra P, MU,",19.0484742,72.8273626,"50, KC Marg, HIG Colony, Mount Mary, Bandra West, Mumbai, Maharashtra 400050, India"
400,1204.pdf,11/03/2025,02:40,11/03/2025,02:40," आयकाँनिक बिल्डींग ,केसी मार्ग , ,बांद्रा पश्‍चिम,मुंबई 50 ,   ","Iconic Building,KC Marg,,Bandra West,Mumbai 50,",19.0595596,72.8295287,"Bandra West, Mumbai, Maharashtra, India"
401,1208.pdf,11/03/2025,16:40,11/03/2025,16:40," कुरेशी नगर,, वांद्रे प,   ","Qureshi Nagar,, Bandra P,",19.056793,72.8277303,"St, Andrew's School, Bandra West, Mumbai, Maharashtra 400050, India"
402,1207.pdf,08/03/2025,18:30,08/03/2025,18:30," सेंट अँन्ड्रयुज स्कुल,, वांद्रे पश्‍चिम मुंबई 50,   ","ST ANDREW'S SCHOOL,, BANDRA WEST MUMBAI 50,",19.0595596,72.8295287,"Bandra West, Mumbai, Maharashtra, India"
403,1210.pdf,11/03/2025,15:15,11/03/2025,15:15," लालमिठ्ठी परिसर,, वांद्रे प मुबई 50, ","Lalmitthi Precinct, Bandra P Mumbai 50,",19.0593105,72.82191139999999,"50, Carter Rd, Bandra West, Mumbai, Maharashtra 400050, India"
404,1206.pdf,09/01/2025,22:40,09/01/2025,22:40," ऑर्टर्स क्लबच्या पुढे, कार्टर रोड,, वांद्रे पश्‍चिम, मुंबई 50,   ","50, CARTER ROAD, BANDRA WEST, MUMBAI, BESIDE ORTER'S CLUB.",19.0595596,72.8295287,"Bandra West, Mumbai, Maharashtra, India"
405,1209.pdf,11/03/2025,16:15,11/03/2025,16:15," लालमिठ्ठी परिसर, वांद्रे प मुंबई 50 , ","Lalmithi Premises, Bandre P Mumbai 50,",19.0539656,72.8326935,"Bazar Rd, Bandra West, Mumbai, Maharashtra 400050, India"
406,1205.pdf,10/03/2025,22:30,10/03/2025,22:30," बाजार रोड , वांद्रे प मुंबई, ","Bazar Road, Bandre P Mumbai,",19.1450698,72.830015,"433, Off New Link Rd, Adarsh Nagar, Jogeshwari West, Mumbai, Maharashtra 400102, India"
407,1212.pdf,12/03/2025,06:40,12/03/2025,06:40," एच पी पेट्रोल पंपसमोर,, लकी हॉटेल जंक्शन, , बांद्रा पश्‍चिम मुंबई 50,   ","Opposite HP Petrol Pump,, Lucky Hotel Junction, , Bandra West Mumbai 50,",19.0595596,72.8295287,"Bandra West, Mumbai, Maharashtra, India"
408,1211.pdf,11/03/2025,10:20,11/03/2025,17:25," धर्मा कॉर्नर स्टोन,सरकार हिरीट, बी विंग,1 ला माळा,ताज लॅण्डच्य, बाजुस बांद्रा पश्‍चिम मुंबई 50,-400050   ","Dharma Corner Stone,Sarkar Hirit,B Wing,1st Mala,Taj Landachya,Bajus Bandra West Mumbai 50,-400050",19.0469576,72.8196297,"Bandstand Promenade, Bandra West, Mumbai, Maharashtra 400050, India"
409,1213.pdf,05/03/2025,11:22,05/03/2025,11:22," वांद्रे बँन्ड ,स्टाँणड , वांद्रे प मुबंई 50,   ","Bandra Band, Standard, Bandra P Mumbai 50,",19.0526077,72.8333205,"01, KC Marg, Reclamation, Bandra West, Mumbai, Maharashtra 400050, India"
410,1214.pdf,12/03/2025,04:00,12/03/2025,04:00," आलीवर जंग हाँस्पीटलचे गेट , नं 01 समोर के सी मार्ग, वांद्रे पश्‍चिम मुंबई 50, ","Aliwar Jung Hospital Gate, No 01 Opposite KC Marg, Bandra West Mumbai 50,",18.431656,73.842957,"Modak Vasti, Pune, Maharashtra 411046, India"
411,1216.pdf,24/06/2023,13:45,24/06/2023,13:55," श्रीगणेश ज्वेलर्स, शप नं 07,, GANG दत्त सदन, मोडक वस्ती,,जांभुळवाडी,आंबेगांव Weyer   ","Shriganesh Jewellers, Shop No. 07,, GANG Dutt Sadan, Modak Vasti,, Jambhulwadi, Ambegaon Weyer",19.0475315,72.82850959999999,"Nityanand Nagar, A Block BKC, Bandra West, Mumbai, Maharashtra 400050, India"
412,1218.pdf,10/01/2025,02:30,10/01/2025,02:30," रुम नं 32,, नित्यानंद नगर, ओ एन जी सी च्या, पाठीमागे, बांद्रा RecA, , बांद्रा पश्‍चिम मुंबई 50,   ","ROOM NO 32, NITYANAND NAGAR, BEHIND ONGC, BANDRA RECA, , BANDRA WEST MUMBAI 50,",19.0498586,72.8351883,"Western Express Hwy, Bandra West, Mumbai, Maharashtra, India"
413,1215.pdf,12/03/2025,15:30,12/03/2025,15:30," रेल्वे ब्रीजच्या वर, पश्‍चिम , द्रुतगती महामार्ग,दक्षिणवाहीनी, वांद्रे पश्‍चिम, मुंबई 50 ,   ","Above Railway Bridge, West, Expressway, South Channel, Bandra West, Mumbai 50,",19.0491441,72.8276867,"KC Marg, Bandra West, Mumbai, Maharashtra 400050, India"
414,1220.pdf,13/03/2025,09:30,13/03/2025,11:00," 81 औरेट बिल्डींग समोरील जागेत, केसी मार्ग, अलियावर जंग हाँ, वांद्रे प मुबंई ,   ","81 Opp. Auret Building, KC Marg, Aliwar Jang Ha, Bandra P Mumbai,",19.0484742,72.8273626,"a, 50, KC Marg, HIG Colony, Mount Mary, Bandra West, Mumbai, Maharashtra 400050, India"
415,1219.pdf,13/03/2025,14:10,13/03/2025,14:10," रंगशारदा हाँटेल जवळ ,, नर्गिसदत्त नगर ,के सी मार्ग , वांद्रे, पश्‍चिम,  मंबई 50,  (a) Direction and distance from P.S. (पोलिस ठाण्या पासून दिशा Beat No. (बीट क्र.): ","Near Rangsarada Hotel,, Nargisdutt Nagar, K C Marg, Bandra, West, Mumbai 50, (a) Direction and distance from P.S. (Direction Beat No. from Police Station):",31.7084558,76.9300956,"School Bazar, Samkhetar, Mandi, Himachal Pradesh 175001, India"
416,1221.pdf,14/03/2025,04:30,14/03/2025,07:30," सात नंबर म्युनिसिपल मराठी, स्कूल च्या बाहेर, बाझार रोड,, स्कूल च्या बाहेर, बाझार रोड,,   ","Sat No. Municipal Marathi, Outside School, Bazar Road,, Outside School, Bazar Road,,",19.0586105,72.82648680000001,"42, St Andrews Rd, Bandra West, Mumbai, Maharashtra 400050, India"
417,1217.pdf,01/01/2025,03:20,01/01/2025,03:30," बांद्रा जिमखाना जंक्शन, , सेंट अँड्युज रोड,, बांद्रा प मुंबई,   ","Bandra Gymkhana Junction, , St Andrews Road,, Bandra P Mumbai,",19.0575182,72.8387509,"Comet Building, Telco, Gurunanak Rd, opp. Bandra, Patkar Blocks, Bandra West, Mumbai, Maharashtra 400050, India"
418,1222.pdf,14/03/2025,16:15,14/03/2025,16:15," वांद्रे तलावाच्या जवळील फुटपा, कोमेट बिल्डींगच्या समोर, गुरुनानक रोड, वांद्रेप मुंबई,  ","Footpath Near Bandre Lake, Opposite Comet Building, Guru Nanak Road, Bandrep Mumbai,",19.05523,72.8320402,"50, Hill Rd, Ranwar, Bandra West, Mumbai, Maharashtra 400050, India"
419,1223.pdf,14/03/2025,19:00,14/03/2025,19:00," सागरिका गणेश मंदिर जवळ, , पाल्री हिल, , वांद्रे पश्‍चिम मुंबई 50,  ","Near Sagarika Ganesh Temple, , Palry Hill, , Bandra West Mumbai 50,",19.0613023,72.8245911,"New Kantwadi Rd, Bandra West, Mumbai, Maharashtra 400050, India"
420,1224.pdf,14/03/2025,17:15,14/03/2025,17:15," न्यूकांतवाडी कंपाउंड,, पेरी wre रोड, , वांद्रे पश्‍चिम, मुंबई 50,   ","NEWKANTWADI COMPOUND, PERI WRE ROAD, , BANDRA WEST, MUMBAI 50,",19.046283,72.8283366,"2RWH+G88, Reclamation, Bandra West, Mumbai, Maharashtra 400050, India"
421,1225.pdf,14/03/2025,23:00,15/03/2025,02:00," MSRDC ,, रेक्लेमेशन ,, वांद्रे पश्‍चिम मुंबई 50, ","MSRDC ,, Reclamation ,, Bandra West Mumbai 50,",19.0543881,72.8248109,"92-A, Hill Rd, opp. St. Andrews Church, Old Rajaram Wadi, Ranwar, Bandra West, Mumbai, Maharashtra 400050, India"
422,1228.pdf,15/03/2025,23:00,16/03/2025,01:00," खोजा फ्लोरिस्ट,, बांद्रा पश्‍चिम, मुंबई 50, ","Khoja Florist, Bandra West, Mumbai 50,",19.0543881,72.8248109,"92-A, Hill Rd, opp. St. Andrews Church, Old Rajaram Wadi, Ranwar, Bandra West, Mumbai, Maharashtra 400050, India"
423,1230.pdf,15/03/2025,23:00,16/03/2025,01:00," खोजा फ्लोरिस्ट,, बांद्रा पश्‍चिम, मुंबई 50 , ","Khoja Florist,, Bandra West, Mumbai 50 ,",19.0511024,72.83596109999999,"Nargis Dutt Nagar, Reclamation, Bandra West, Mumbai, Maharashtra 400050, India"
424,1227.pdf,15/03/2025,18:30,15/03/2025,18:30," नर्गिसदत्त नगर, लालमिट्टी, , वांद्रे प मुबंई50,   ","Nargisdutt Nagar, Lalmitty, , Bandra P Mumbai 50,",19.0595596,72.8295287,"Bandra West, Mumbai, Maharashtra, India"
425,1231.pdf,16/03/2025,15:15,16/03/2025,15:15," लालमिठ्ठी परिसर, , फुटपाथवर ,, वांद्रे पश्‍चिम मुंबई 50 , ","LALMITHI COMPLEX, , ON PAVEMENT ,, BANDRA WEST MUMBAI 50 ,",19.059534,72.8214028,"Jogger's Park, Sangeet Samrat Naushad Ali Rd, Bandra West, Mumbai, Maharashtra 400050, India"
426,1229.pdf,10/01/2025,11:10,10/01/2025,11:10," डिलाईट अपार्टमेंटच्या बाहेर, , जगर्स पार्क जवळ, , पेरी क्रॉस रोड, sar पश्‍चिम मुंबई 50   ","Off Delight Apartments, , Near Jaggers Park, , Perry Cross Road, sar West Mumbai 50",19.053579,72.839282,"Bandra Bus Depot, B Block BKC, Bandra West, Mumbai, Maharashtra 400050, India"
427,1226.pdf,15/03/2025,17:10,15/03/2025,17:10," वांद्रे बस डेपो, स्टेशन रोड, वांद्रे प मुबंई 50,  ","Bandra Bus Depot, Station Road, Bandra P Mumbai 50,",19.0595596,72.8295287,"Bandra West, Mumbai, Maharashtra, India"
428,1232.pdf,16/03/2025,17:10,16/03/2025,17:10," कोंबडी गल्ली,, वांद्रे पश्‍चिम मुंबई 50, ","KOMBDI GALLI,, BANDRA WEST MUMBAI 50,",19.051016,72.8355244,"14, LK Mehta Marg, Reclamation, Bandra West, Mumbai, Maharashtra 400050, India"
429,1233.pdf,15/03/2025,23:00,15/03/2025,23:00," सारंग सौचालय च्या वरती, लालमिट्टी, रेक्लेमेशन, वांद्रे,   ","Above Sarang Souchalaya, Lalmitti, Reclamation, Bandra,",19.0539656,72.8326935,"Bazar Rd, Bandra West, Mumbai, Maharashtra 400050, India"
430,1234.pdf,17/03/2025,00:15,17/03/2025,00:15," बाजार रोड, जैन मंदिर जवळ , वांद्रे प मुबंई 50,   ","Bazar Road, Near Jain Temple, Bandra P Mumbai 50,",19.0543881,72.8248109,"92-A, Hill Rd, opp. St. Andrews Church, Old Rajaram Wadi, Ranwar, Bandra West, Mumbai, Maharashtra 400050, India"
431,1235.pdf,16/03/2025,23:00,17/03/2025,01:00," खोजा फ्लोरिस्ट, बांद्रा पश्‍चि, ","Khoja Florist, Bandra West,",19.0456511,72.8234315,"Raut sadan, 50, Kadeshwari Mandir Rd, Mount Mary, Bandra West, Mumbai, Maharashtra 400050, India"
432,1236.pdf,17/03/2025,11:00,17/03/2025,11:00," गणेश मंदिर समोर, ,कडेश्वरी मंदिर रोड, ,वांद्रे पश्‍चिम, मुंबई 50,   ","Opposite Ganesh Temple, Kadeshwari Mandir Road, Bandra West, Mumbai 50,",19.0468707,72.8234835,"Mount Mary, Bandra West, Mumbai, Maharashtra 400050, India"
433,1237.pdf,17/03/2025,09:30,17/03/2025,09:30," डॉपिटर डायस रोड,माउंट मेरी, वांद्रे पश्‍चिम, मुंबई 50,   ","Dopiter Dyce Road, Mount Mary, Bandra West, Mumbai 50,",19.0595596,72.8295287,"Bandra West, Mumbai, Maharashtra, India"
434,1238.pdf,17/03/2025,17:00,17/03/2025,17:00," बिल्डींग क्रमांक-388 हुसेनी , कंपाउंड, जैन मंदीराच्या बाजुला, वांद्रे प मुंबई या बिल्डींगचे , दुकान गाळे क्रमांक 1 व 2  1 ","Building No.-388 Hussaini, Compound, Beside Jain Temple, Bandra P Mumbai, Shop No. 1 & 2 1",19.0598743,72.8341039,"Plot no 117, Shop, no 4, 28th Rd, Bandra West, Mumbai, Maharashtra 400050, India"
435,1242.pdf,19/03/2025,01:00,19/03/2025,01:00," HOTEL Arbab,, 28 वा रस्ता,, वांद्रे पश्‍चिम, मुंबई 50 ,   ","HOTEL ARBAB,, 28TH ROAD,, BANDRA WEST, MUMBAI 50 ,",19.0539656,72.8326935,"Bazar Rd, Bandra West, Mumbai, Maharashtra 400050, India"
436,1239.pdf,10/03/2025,22:15,10/03/2025,22:15," रुम नं 5/सी, 339, ख्वाजा चाळ,, बाजार रोड, बांद्रा प मुंबई ,   ","Room No 5/C, 339, Khwaja Chal,, Bazar Road, Bandra P Mumbai,",19.0542135,72.8395105,"Bandra (W), B Block BKC, Bandra West, Mumbai, Maharashtra 400050, India"
437,1240.pdf,10/01/2025,18:20,10/01/2025,18:20," माहीम कजवे, दक्षिणवाहीन,, पश्‍चिम द्रुतगती मार्ग, , बांद्रा प,   ","Mahim Kajway, Dakshinwain,, Western Expressway, , Bandra W,",19.0595596,72.8295287,"Bandra West, Mumbai, Maharashtra, India"
438,1241.pdf,25/02/2025,23:00,26/02/2025,07:00," फ्लँट न॑ 202, 2 रा मजला, , फेव्हरेट बिल्डींग, , डिमान्टी पार्क रोड, वांद्रे पश्‍चिम, मुंबई 50  ","Flat No 202, 2nd Floor, , Favorite Building, , Dimanti Park Road, Bandra West, Mumbai 50",19.0595596,72.8295287,"Bandra West, Mumbai, Maharashtra, India"
439,1245.pdf,19/03/2025,17:10,19/03/2025,17:10," लव्ह गार्डन परिसर, , कोंबडी गल्ली, वांद्रे प, मु,  ","Love Garden Premises, , Kombadi Galli, Bandra P, Mu,",19.0595596,72.8295287,"Bandra West, Mumbai, Maharashtra, India"
440,1243.pdf,18/03/2025,23:25,18/03/2025,23:30," रुम नं 6, सर्वे नं 19/496,, ट्रान्झिस्ट कॅम्पच्या जवळ, , चाळ नं 30, stat Recent, eT रोड,बांद्रा वेस्ट, 50  1 ","ROOM NO 6, SURVEY NO 19/496,, NEAR TRANSIT CAMP, , CHAL NO 30, STAT RECENT, ET ROAD, BANDRA WEST, 50 1",19.0622895,72.82934589999999,"Dheeraj Swapna, Pali Market, Pali Hill, Mumbai, Maharashtra 400050, India"
441,1246.pdf,19/03/2025,22:30,19/03/2025,22:30," धिरज स्वप्ना बिल्डींगच्या मुख, गेट समोर, पंजाबी स्वीटच्या , बाजुला, पालीनाका, बांद्रा प म,  ","Dhiraj Swapna Building Opposite Gate, Beside Punjabi Sweets, Palinaka, Bandra Pm,",19.0558826,72.8332005,"46, Hill Rd, Ranwar, Bandra West, Mumbai, Maharashtra 400050, India"
442,1244.pdf,06/03/2025,00:00,18/03/2025,00:00," 603, एल्को रिसेडन्सी, , एल्को मार्केटच्या पाठीमागे,, बांद्रा पश्‍चिम, मुंबई 50 ,  ","603, ELCO RESIDENCY, , BEHIND ELCO MARKET,, BANDRA WEST, MUMBAI 50 ,",19.0549675,72.8532054,"R10, E E, Block BKC, Bandra Kurla Complex, Bandra East, Mumbai, Maharashtra 400051, India"
443,1247.pdf,15/03/2025,00:00,16/03/2025,23:50," एम एस ई बी गेस्ट हॉउस , वांद्रे प मुबंई ,   ","MSEB Guest House, Bandra, Mumbai,",19.0491441,72.8276867,"KC Marg, Bandra West, Mumbai, Maharashtra 400050, India"
444,1248.pdf,20/03/2025,10:00,20/03/2025,10:30," 696, च्या समोरील टेबलवर,,नर्गीस दत, केसी मार्ग, अलियावरजंग, हाँस्पीटलजवळ, वांद्रे प, मु,   ","696, ON THE TABLE IN FRONT OF,,NARGIS DUTT, KC MARG, ALIAWARJUNG, NEAR HOSPITAL, BANDRA P, MU,",19.0535138,72.8292861,"Church St, Ranwar, Bandra West, Mumbai, Maharashtra 400050, India"
445,1251.pdf,11/01/2025,00:30,11/01/2025,00:30," अँड्र्युज चर्च ,, सेंट stot रोड,, वांद्रे पश्‍चिम, मुंबई 50, ","ANDREW'S CHURCH,, ST STOT ROAD,, BANDRA WEST, MUMBAI 50,",19.0595596,72.8295287,"Bandra West, Mumbai, Maharashtra, India"
446,1250.pdf,20/03/2025,17:10,20/03/2025,17:10," लव्ह गार्डन परिसर,, कोंबडी गल्ली, वांद्रे प, मु,  ","Love Garden Premises,, Kombadi Galli, Bandra P, Mu,",19.0510043,72.8293225,"A-791, Bandra Reclamation Rd, General Arunkumar Vaidya Nagar, Bandra West, Mumbai, Maharashtra 400050, India"
447,1252.pdf,06/03/2025,00:00,15/03/2025,00:00," फ्लट नं 32, बिल्डींग नं 19,, ऑफिसर्स काँटर्स, आयईएस काँलेज, गेट नं 04 जवळ, लिलावती हॉस्प,वांद्रे प मुं   ","FLAT NO 32, BUILDING NO 19, OFFICER'S COUNTERS, IES COLLEGE, NEAR GATE NO 04, LILAVATI HOSPITAL, BANDRA PMU",19.0595596,72.8295287,"Bandra West, Mumbai, Maharashtra, India"
448,1249.pdf,19/03/2025,04:00,19/03/2025,17:00," सफ्रांन हॉटेल जवळ,, नुतन नगर, वांद्रे तलावाशेजारी, वांद्रे प मुबंई ,  ","Near Safran Hotel,, Nutan Nagar, Beside Bandra Lake, Bandra P Mumbai,",19.0353849,72.8423036,"Mahim, Mumbai, Maharashtra, India"
449,1256.pdf,22/03/2025,00:20,22/03/2025,00:20," कोंबडी गल्ली, माहीम काँजवे, , बांद्रा पश्‍चिम मुंबई 50, ","KOMBDI GALLI, MAHIM KANJAVE, , BANDRA WEST MUMBAI 50,",19.0616682,72.8364451,"36th Rd, Bandra West, Mumbai, Maharashtra 400050, India"
450,1255.pdf,15/01/2012,00:00,15/06/2024,00:00," 36 वा रास्ता वांद्रे पमुंबई , वांद्रे प मुबंई 50,   ","36TH ROAD BANDRA MUMBAI 50 BANDRA P MUMBAI,",19.0819623,72.8413916,"Santacruz Bus Stop West, Santacruz Railway Station Rd, Railway Colony, Santacruz (West), Mumbai, Maharashtra 400054, India"
451,1253.pdf,21/03/2025,13:30,21/03/2025,14:00," सांताक्रुझ बस आगार , बडा मस्जिदसमोरील बस स्टॉप, वांद्रे पश्‍चिम, मुंबई 50 येथे ,   ","Santacruz Bus Stand, Bus Stop Opposite Bada Masjid, Bandra West, Mumbai at 50,",19.0469879,72.8280406,"Reclamation , Rajiv Gandhi Sea Link, Project Office, KC Marg, Mount Mary, Bandra West, Mumbai, Maharashtra 400050, India"
452,1257.pdf,21/03/2025,03:00,22/03/2025,02:00," एमएसआरडिसी ऑफिस जवळ,, Ravage, राजीव गांधी सि- ल, केसी मार्ग, वांद्रे प, मुं, ","Near MSRDC Office,, Ravage, Rajiv Gandhi Sil-, KC Marg, Bandra P, Mun,",19.0554321,72.8280534,"132, Hill Rd, Bandra West, Mumbai, Maharashtra 400050, India"
453,1254.pdf,20/03/2025,15:45,21/03/2025,12:20," 51/बी, रिबेलो हाउस, 132, होली फमिली हाँस्पीटनजवळ,, हिल रोड, वांद्रे पश्‍चिम, मुं,   ","51/B, REBELLO HOUSE, 132, NEAR HOLY FAMILY HOSPITAL, HILL ROAD, BANDRA WEST, MU.",19.0595596,72.8295287,"Bandra West, Mumbai, Maharashtra, India"
454,1259.pdf,22/03/2025,11:00,22/03/2025,11:00," पेरी HA रोड जंक्शन ,, वांद्रे पश्चीम मुंबई 50,  ","PERI HA ROAD JUNCTION ,, BANDRA WEST MUMBAI 50,",19.0607362,72.8242285,"12, 24C, Bandra West, Mumbai, Maharashtra 400050, India"
455,1258.pdf,01/01/2018,00:00,31/08/2021,00:00," रूम नं 12, , 1,आनंद सागर बिल्डिंग नं 24,, वांद्रे पश्‍चिम, मुंबई 50,   ","Room No 12, 1, Anand Sagar Building No 24, Bandra West, Mumbai 50,",19.05523,72.8320402,"50, Hill Rd, Ranwar, Bandra West, Mumbai, Maharashtra 400050, India"
456,1260.pdf,22/03/2025,15:00,22/03/2025,15:10," बेस्ट बस H 214 ,, एल्को मार्केट च्या समोर ,, हिल रोड ,,बांद्रा पश्‍चिम,मुंबई 50   ","BEST BUS H 214,,Opposite Elco Market,,Hill Road,,Bandra West,Mumbai 50",19.0523008,72.82929109999999,"Bhujbal Knowledge City, Reclamation, Bandra West, Mumbai, Maharashtra 400050, India"
457,1261.pdf,21/03/2025,08:30,21/03/2025,15:30," रिशीकुल स्कुल, लिलावती , हॉस्पीटल समोर, वांद्रे पश्‍चि,   ","Rishikul School, Lilavati, Opposite Hospital, Bandra West,",19.0550103,72.82538650000001,"50, Chimbai Rd, Bandra West, Mumbai, Maharashtra 400050, India"
458,1262.pdf,11/01/2025,00:50,11/01/2025,00:50," सेंट अँण्डूज चर्च समोर, , चिंबई रोड,, वांद्रे पश्‍चिम, मुंबई 50 , ","Opposite St. Andrew's Church, , Chimbai Road,, Bandra West, Mumbai 50 ,",19.0595596,72.8295287,"Bandra West, Mumbai, Maharashtra, India"
459,1263.pdf,22/03/2025,23:00,23/03/2025,02:00," कोंबडी गल्ली, वांद्रे Rees, वांद्रे प मुं,  ","Kombadi Galli, Bandra Rees, Bandra Pm,",19.0595596,72.8295287,"Bandra West, Mumbai, Maharashtra, India"
460,1265.pdf,22/03/2025,23:00,23/03/2025,03:00," कोंबडी गल्ली, वांद्रे पश्‍चिम, ","KOMBDI GALLI, BANDRA WEST,",19.0469879,72.8280406,"Reclamation , Rajiv Gandhi Sea Link, Project Office, KC Marg, Mount Mary, Bandra West, Mumbai, Maharashtra 400050, India"
461,1264.pdf,22/03/2025,23:00,23/03/2025,02:00," एमएसआरडिसी ऑफिस जवळ, , रिक्लेमेशन, राजीव गांधी सि- ल, वांद्रे प मुं, ","Near MSRDC Office, , Reclamation, Rajiv Gandhi Sil, Bandra Pm,",19.0353849,72.8423036,"Mahim, Mumbai, Maharashtra, India"
462,1267.pdf,22/03/2025,23:00,23/03/2025,02:00," माहिम काँजवे ब्रिजखाली, , वांद्रे प मुबंई ,  ","Under Mahim Kanjway Bridge, , Bandra P Mumbai ,",18.9706014,72.82200639999999,"Mumbai South, Maharashtra"
463,1266.pdf,23/03/2025,00:45,23/03/2025,00:45," लव मुंबई, साउथ बॉन्ड, Racketeer यु ब्रिजखाली, aaa, ae प  मुबंई,  Beat No. (बीट क्र.): ","Love Mumbai, South Bond, Racketeer Under You Bridge, aaa, ae p Mumbai, Beat No. (Beat No.):",19.0469879,72.8280406,"Reclamation , Rajiv Gandhi Sea Link, Project Office, KC Marg, Mount Mary, Bandra West, Mumbai, Maharashtra 400050, India"
464,1268.pdf,22/03/2025,23:00,23/03/2025,02:00," एमएसआरडिसी ऑफिस जवळ, रिक्‍्लेमेशन, राजीव गांधी सिल्रिग, केसी मार्ग, वांद्रे प, मुंब,  ","Near MSRDC Office, Reclamation, Rajiv Gandhi Silrig, KC Marg, Bandra P, Mumbai,",19.0504724,72.82699889999999,"Rose Minar, 87, Chapel Rd, Annexe, Reclamation, Bandra West, Mumbai, Maharashtra 400050, India"
465,1269.pdf,23/03/2025,06:30,23/03/2025,08:30," वांद्रे वरळी सिंलिक येथील वरळी, कडुन वांद्रेकडे येणारा नार्थ , बॉन्ड वांद्रे वरळी टोल प्लाझा,वांद्रे पश्‍चिम मुंबई 50  ","Worli at Bandra Worli Sinlik, Kadu North to Bandra, Bond Bandra Worli Toll Plaza, Bandra West Mumbai 50",19.0427527,72.84057539999999,"Lady Jamshedji Rd, Mahim West, Mahim, Mumbai, Maharashtra 400016, India"
466,1270.pdf,23/10/2024,00:00,23/03/2025,00:00," 1345, ,मगदुमिया नगर सोसायटी,, काँजवे रोड, माहिम चर्च, मुंबई 16,   ","1345, ,Magadumia Nagar Society,, Kanjway Road, Mahim Church, Mumbai 16,",19.0515721,72.83463139999999,"Reclamation, Bandra West, Mumbai, Maharashtra, India"
467,1271.pdf,23/03/2025,23:00,24/03/2025,01:00," कोबंडी गल्ली, , वांद्रे रिकलेमेशन, , वांद्रे पश्‍चिम, मुंबई 50, ","KOBANDI GALLI, , BANDRA RECLAMATION, , BANDRA WEST, MUMBAI 50,",19.0469879,72.8280406,"Reclamation , Rajiv Gandhi Sea Link, Project Office, KC Marg, Mount Mary, Bandra West, Mumbai, Maharashtra 400050, India"
468,1272.pdf,23/03/2025,22:00,24/03/2025,02:00," एम एस आर डी सी ,, बांद्रा पश्‍चिम , मुंबई 50 , ","MSRDC, Bandra West, Mumbai 50,",19.0539656,72.8326935,"Bazar Rd, Bandra West, Mumbai, Maharashtra 400050, India"
469,1274.pdf,24/03/2025,13:00,24/03/2025,13:00," हनुमान मंदिर, बाजार रोड,, वांद्रे पश्‍चिम मुंबई, ","HANUMAN TEMPLE, BAZAAR ROAD,, BANDRA WEST MUMBAI,",19.0785345,72.873103,"Shastri Nagar Rd, Kolivery Village, Kalina, Santacruz East, Mumbai, Maharashtra 400029, India"
470,1273.pdf,11/01/2025,00:15,11/01/2025,00:15," शास्त्री नगर बस,, स्टेशन जवळ, वांद्रे, , पश्‍चिम, मुंबई, ","Shastri Nagar Bus,, Near Station, Bandra, , West, Mumbai,",19.0545486,72.8345301,"12, Chinchpokli Rd, Santosh Nagar, Bandra West, Mumbai, Maharashtra 400050, India"
471,1276.pdf,25/03/2025,08:00,25/03/2025,08:00," 30, गोन्साल्वीस वाडी, 12, , चिंचपोकळी रोड, वांद्रे , पश्‍चिम, मुंबई 50,   ","30, GONSALVIS WADI, 12, , CHINCHPOKLI ROAD, BANDRA, WEST, MUMBAI 50,",19.0434614,72.82465739999999,"2RVF+9VM, Mount Mary, Bandra West, Mumbai, Maharashtra 400050, India"
472,1275.pdf,24/03/2025,17:35,24/03/2025,17:35," वांद्रे कडुन वरळीच्या दिशेने , जाणा-या लेन नं 05, वांद्रे, वरळी सी लिंक टोल प्लाझा,वांद्रे प मुं 50  ","From Bandra towards Worli, Lane No. 05, Bandra, Worli C Link Toll Plaza, Bandra PM 50",19.0510539,72.8388575,"3R2Q+CGH, C Block BKC, Bandra West, Mumbai, Maharashtra 400050, India"
473,1277.pdf,23/03/2025,03:30,23/03/2025,04:30," कुरेशी नगर , वांद्रे प मुं 50,   ","Qureshi Nagar, Bandra P M 50,",19.0544011,72.8404015,"Bandra Railway Station, 402, 14th Rd, near Bandra, C Block BKC, Bandra West, Mumbai, Maharashtra 400050, India"
474,1279.pdf,26/03/2025,15:30,26/03/2025,15:30," वांद्रे रेल्वे स्टेशनच्या बाज, रोडवर, वांद्रे पश्‍चिम मुंबई 50,  ","50, Bandra West Mumbai Road, Beside Bandra Railway Station,",19.05523,72.8320402,"50, Hill Rd, Ranwar, Bandra West, Mumbai, Maharashtra 400050, India"
475,1278.pdf,17/03/2025,17:30,17/03/2025,17:30," कोटक महिंद्रा बक एटीएम सेंटर,, एल्को मार्केट समोर, हिल रोड,, वांद्रे पश्‍चिम, मुंबई 50 , ","Kotak Mahindra Buck ATM Center,, Opposite Elco Market, Hill Road,, Bandra West, Mumbai 50 ,",19.0544011,72.8404015,"Bandra Railway Station, 402, 14th Rd, near Bandra, C Block BKC, Bandra West, Mumbai, Maharashtra 400050, India"
476,1280.pdf,26/03/2025,15:30,26/03/2025,15:30," वांद्रे रेल्वे स्टेशनच्या , बाजुला, रोडवर, वांद्रे पश्‍चिम मुंबई 50,  ","50, Bandra West Mumbai Road, Beside Bandra Railway Station,",18.4667775,73.8827742,"Kondhwa Main Rd, Pune, Maharashtra, India"
477,1282.pdf,22/08/2018,17:30,22/08/2018,18:00," गंगाधाम चौक ते कात्रज कोढवा रो,   ","Gangadham Chowk to Katraj Kodhwa Row,",19.053579,72.839282,"Bandra Bus Depot, B Block BKC, Bandra West, Mumbai, Maharashtra 400050, India"
478,1281.pdf,26/03/2025,21:15,26/03/2025,21:15," यादगार हाँटेल समोर,, बांद्रा बस डेपो ,, बांद्रा प मुंबई ; ","Opposite Yadgar Hotel,, Bandra Bus Depot,, Bandra P Mumbai;",19.0539656,72.8326935,"Bazar Rd, Bandra West, Mumbai, Maharashtra 400050, India"
479,1284.pdf,05/10/2023,00:00,28/12/2024,00:00," ट्रान्सीट कॅम्प चाळ नं 1 जवळ, राजीव नगर, बांद्रा रेकलैमशन, व, मदनी मंझिल,501,पाचवा माळा,,बाजार रोड,बांद्रा पश्‍चिम, मु-400050  ","NEAR TRANSIT CAMP CHAL NO 1, RAJIV NAGAR, BANDRA CLAIM, AND, MADNI MANZIL, 501, PACHWA MALA,, BAZAR ROAD, BANDRA WEST, MU-400050",19.0510312,72.8358737,"3R2P+C96, 174/15, Nargis Dutt Nagar, Reclamation, Bandra West, Mumbai, Maharashtra 400050, India"
480,1283.pdf,27/03/2025,23:30,28/03/2025,05:00," रूम क्र184, पहिला माळा, चाळ क्र 15, , नर्गिसदत्त नगर, केसी , बांद्रा पश्‍चिम, मुंबई 50 ,   ","Room No. 184, First Floor, Chal No. 15, Nargis Dutt Nagar, KC, Bandra West, Mumbai 50,",19.0595596,72.8295287,"Bandra West, Mumbai, Maharashtra, India"
481,1286.pdf,28/03/2025,11:54,28/03/2025,11:54," एस व्ही सी को ऑपरेटीव्ह बँक,, प्लॉट क्र 118, रमानी व्हिला, , तळमजला, टर्नर रोड,, बांद्रा पश्‍चिम, मुंबई 50   ","SVC Co Operative Bank,, Plot No 118, Ramani Villa, , Ground Floor, Turner Road,, Bandra West, Mumbai 50",19.0614152,72.8387058,"4th Floor, Kakad Bhavan, WESTERN RAILWAY STAFF COLONY, 30th Rd, opposite Gaiety Galaxy Cinema, Western Railway Staff Colony, Tata Blocks, Bandra West, Mumbai, Maharashtra 400050, India"
482,1288.pdf,27/03/2025,21:30,28/03/2025,00:45," गेईटी गॅलेक्सी सिनेमाचे गेटचे, बाहेरील रस्त्यावर,वांद्रे पश्‍चिम, मुंबई-400050   ","Gaiety Galaxy Cinema Gate, Outer Road, Bandra West, Mumbai-400050",19.054771,72.83382089999999,"3R3M+WG4, Bohra Masjid Gali, Santosh Nagar, Bandra West, Mumbai, Maharashtra 400050, India"
483,1289.pdf,28/03/2025,23:00,29/03/2025,00:45," कोंबडी गल्ली, वांद्रे पश्‍चिम,मुंबई-400050 ","Kombadi Galli, Bandra West, Mumbai-400050",,,
484,1285.pdf,21/08/2018,21:00,22/08/2018,06:00," साईराज मोबाईल शपी काकडेवस्ती ,   ","Sairaj Mobile Shapi Kakadevsti,",19.0535573,72.8367742,"50, Bazar Rd, Madam Wadi, Santosh Nagar, Bandra West, Mumbai, Maharashtra 400050, India"
485,1287.pdf,28/03/2025,11:30,28/03/2025,11:30," बीपीई/ बॉम्बे प्रेसीडन्सी , एज्युकेशन सोसायटी स्कुलचे , गेटसमोर, बाजार रोड,,बांद्रा पश्‍चिम मुंबई 50   ","BPE/ BOMBAY PRESIDENCY, EDUCATION SOCIETY SCHOOL, GATESMORE, BAZAAR ROAD, BANDRA WEST MUMBAI 50",19.0543881,72.8248109,"92-A, Hill Rd, opp. St. Andrews Church, Old Rajaram Wadi, Ranwar, Bandra West, Mumbai, Maharashtra 400050, India"
486,1290.pdf,29/03/2025,00:45,29/03/2025,01:10," बी जे रोड, खोजा फ्लोरिस्ट समोर, वांद्रे पश्‍चिम,मुंबई-400050 ","B J Road, Opposite Khoja Florist, Bandra West, Mumbai-400050",19.0584373,72.8365007,"11, Sujata Niwas, W, Swami Vivekanand Rd, Bandra West, Mumbai, Maharashtra 400050, India"
487,1291.pdf,31/01/2023,00:00,01/03/2025,00:00," जीरा गल्ली,, कोंडाजी बिल्डिंग जवळ,, एस व्ही रोड वांद्रे,पश्‍चिम मुंबई - 400050   ","JEERA GALLI, NEAR KONDAJI BUILDING, SV ROAD BANDRA, WEST MUMBAI - 400050",19.0523549,72.82512290000001,"100, Hill Rd, Ranwar, Bandra West, Mumbai, Maharashtra 400050, India"
488,1292.pdf,28/03/2025,13:00,28/03/2025,13:00," गुडलक Welt, , मेहबुब स्टुडिओजवळ,, बांद्रा पश्‍चिम, मुंबई 50,   ","Goodluck Welt, , Near Mehbub Studio,, ​​Bandra West, Mumbai 50,",19.0544011,72.8404015,"Bandra Railway Station, 402, 14th Rd, near Bandra, C Block BKC, Bandra West, Mumbai, Maharashtra 400050, India"
489,1293.pdf,28/03/2025,15:00,28/03/2025,16:00," वांद्रे रेल्वे स्टेशन परीसर ,, बांद्रा पश्‍चिम मुंबई 50,  ","Bandra Railway Station Area, Bandra West Mumbai 50,",19.0539656,72.8326935,"Bazar Rd, Bandra West, Mumbai, Maharashtra 400050, India"
490,1295.pdf,15/12/2023,00:00,16/12/2024,00:00," डी, इंदिराजी नगर,हनुमान गल्ली,, बाजार रोड,शाहीन बिल्डिंग जवळ,, बांद्रा पश्‍चिम, मुंबई-,-400050 ","D, Indiraji Nagar, Hanuman Galli,, Bazaar Road, Near Shaheen Building,, Bandra West, Mumbai-,-400050",19.0595596,72.8295287,"Bandra West, Mumbai, Maharashtra, India"
491,1294.pdf,28/03/2025,21:30,29/03/2025,10:30," Fortes अपार्टमेन्ट समोर, , पीटर डायस रोड,, बांद्रा पश्‍चिम, मुंबई 50,   ","Opposite Fortes Apartment, , Peter Dyce Road,, Bandra West, Mumbai 50,",19.0524576,72.82198369999999,"50, BJ Road, Ranwar, Bandra West, Mumbai, Maharashtra 400050, India"
492,1298.pdf,30/03/2025,00:00,30/03/2025,02:00," खोजा फ्लोरिस्ट समोर, , बी जे रोड, , वांद्रे पश्‍चिम, मुंबई 50 , ","Opposite Khoja Florist, , BJ Road, , Bandra West, Mumbai 50 ,",19.0595596,72.8295287,"Bandra West, Mumbai, Maharashtra, India"
493,1296.pdf,29/03/2025,23:00,30/03/2025,00:45," कोंबडी गल्ली,, वांद्रे पश्‍चिम, मुंबई 50, ","50, KOMBDI GALLI, BANDRA WEST, MUMBAI,",19.059304,72.8341845,"Turner Rd, Bandra West, Mumbai, Maharashtra 400050, India"
494,1299.pdf,30/03/2025,12:30,30/03/2025,12:30," टर्नर रोड, वांद्रे पश्‍चिम, , मुंबई 50 येथे, ","TURNER ROAD, BANDRA WEST, , MUMBAI AT 50,",19.0389751,72.8462095,"Room No 14, Rajab, Building 457, 1, MMC Cross Rd Number 2, Bethany Co-Operative Housing Society, Mahim West, Mahim, Mumbai, Maharashtra 400016, India"
495,1297.pdf,29/03/2025,22:00,29/03/2025,22:00," रूम क्र 14 च्या बाहेर,, नित्यानंदनगर चाळ, , बांद्रा पश्‍चिम, मुंबई 50, ","OFF ROOM NO 14,, NITYANANDAGAR CHAL, , BANDRA WEST, MUMBAI 50,",19.0595596,72.8295287,"Bandra West, Mumbai, Maharashtra, India"
496,1301.pdf,01/04/2025,15:15,01/04/2025,15:20," लालमिठ्ठी परिसर,, वांद्रे प मुंबई 50, ","Lalmitthi Premises,, Bandre P Mumbai 50,",19.0595596,72.8295287,"Bandra West, Mumbai, Maharashtra, India"
497,1300.pdf,31/03/2025,07:40,31/03/2025,07:50," पेरी क्रांस मस्जीदच्या बाहेर,, पेरी wre रोड, , वांद्रे पश्‍चिम मुबंई 50,   ","Off Perry Crans Masjid, Perry Wre Road, Bandra West Mumbai 50,",19.0595596,72.8295287,"Bandra West, Mumbai, Maharashtra, India"
498,1302.pdf,01/04/2025,16:30,01/04/2025,16:40," लालमिठ्ठी परिसर,, वांद्रे प मुंबई 50 , ","Lalmitthi Premises,, Bandre P Mumbai 50 ,",19.0595596,72.8295287,"Bandra West, Mumbai, Maharashtra, India"
499,1303.pdf,01/04/2025,16:20,01/04/2025,16:20," बडे मियाँ gita,, वांद्रे पश्‍चिम मुंबई येथून , लिकींग रोड,  ","Bade Miyan Gita, from Bandra West Mumbai, Licking Road,",19.0484742,72.8273626,"50, KC Marg, HIG Colony, Mount Mary, Bandra West, Mumbai, Maharashtra 400050, India"
500,1309.pdf,01/04/2025,23:00,02/04/2025,00:30," वांद्रे यु ब्रिज खाली, , लालमिट्टि, के सी मार्ग, , वांद्रे पश्‍चिम मुबंई 50   ","Bandra U Bridge Below, , Lalmitti, KC Marg, , Bandra West Mumbai 50",19.0595596,72.8295287,"Bandra West, Mumbai, Maharashtra, India"
501,1306.pdf,11/01/2025,06:30,11/01/2025,06:30," डॉ. पिटर डायस रोड,, राँयल बिल्डींगजवळ, , वांद्रे पश्‍चिम, मुंबई 50,  ","Dr. Peter Dyce Road,, Near Royal Building, , Bandra West, Mumbai 50,",19.051016,72.8355244,"14, LK Mehta Marg, Reclamation, Bandra West, Mumbai, Maharashtra 400050, India"
502,1310.pdf,30/03/2025,10:45,30/03/2025,10:45," जाकीर सर्विसींग सेंटर जवळ,, नर्गिसदत्तमगर, लालमिट्टी, , टेलीफोन एक्सचेंज जवळ,,वांद्रे पश्‍चिम मुंबई 50   ","NEAR JAKIR SERVICING CENTER,,NARGISDATTMAGAR,LALMITTI,,NEAR TELEPHONE EXCHANGE,,BANDRA WEST MUMBAI 50",19.0514817,72.8223577,"Pereira Rd, Mount Mary, Bandra West, Mumbai, Maharashtra 400050, India"
503,1305.pdf,01/04/2025,21:30,01/04/2025,21:30," परेरा रोड,, माउंट मेरी चर्च,, वांद्रे पश्‍चिम मुंबई 50, ","PERERA ROAD,, MOUNT MARY CHURCH,, BANDRA WEST MUMBAI 50,",19.0539684,72.83937449999999,"3R3Q+HPQ, B Block BKC, Government Colony, Bandra East, Mumbai, Maharashtra 400050, India"
504,1312.pdf,02/04/2025,23:15,02/04/2025,23:40," शास्त्रीनगर बेस्ट डेपो , समोरील रस्त्यावर,, बांद्रा पश्‍चिम,मुंबई 50 ,  ","Shastrinagar Best Depot, Opposite Road,, Bandra West, Mumbai 50,",19.059304,72.8341845,"Turner Rd, Bandra West, Mumbai, Maharashtra 400050, India"
505,1311.pdf,02/04/2025,16:27,02/04/2025,16:27," पोपले इर्टनल, टर्नर रोड,, , वांद्रे पष्चिम, मुंबई , पश्‍चिम, मुंबई ,  ","POPLE IRTNAL, TURNER ROAD,, , BANDRA WEST, MUMBAI , WEST, MUMBAI ,",19.0621201,72.8283263,"Pali Market Rd, Bandra West, Mumbai, Maharashtra 400050, India"
506,1307.pdf,02/04/2025,02:00,02/04/2025,02:00," मंथनअँम्बेसी बिल्डींगच्या समोर, बँक ऑफ इंडियाच्या बाजूला, , पाली मार्केट रोड, ,वांद्रे पश्‍चिम, मुंबई 50   ","Opposite Manthanambasi Building, Beside Bank of India, Pali Market Road, Bandra West, Mumbai 50",19.0594726,72.8314809,"50, Gurunanak Rd, Bandra West, Mumbai, Maharashtra 400050, India"
507,1304.pdf,01/04/2025,23:15,02/04/2025,00:23," वांद्रे तलावाच्या जवळील फुटपाथ, वर, HAC बिल्डींगच्या समोर, , गुरूनानक रोड,,वांद्रेप मुंबई 50  ","Footpath Near Bandre Lake, Above, Opposite HAC Building, Guru Nanak Road, Bandrep Mumbai 50",19.0510479,72.8385002,"50, Swami Vivekanand Rd, Near Jama Masjid, C Block BKC, Qurese Nagar, Bandra West, Mumbai, Maharashtra 400050, India"
508,1308.pdf,01/04/2025,22:30,01/04/2025,22:30," मुगलाई हॉटेल ,, बांद्रा तलाव,एस व्ही रोड,, बांद्रा पश्‍चिम मुंबई 50,  ","Mughlai Hotel,, Bandra Lake, SV Road,, Bandra West Mumbai 50,",19.051016,72.8355244,"14, LK Mehta Marg, Reclamation, Bandra West, Mumbai, Maharashtra 400050, India"
509,1313.pdf,03/04/2025,02:00,03/04/2025,07:00," रूम नं 47,, राहुलनगर चाळ, , लालमिट्टी,, वांद्रे पश्‍चिम, मुंबई-50,   ","Room No. 47, Rahulnagar Chal,, Lalmitti,, Bandra West, Mumbai-50,",19.0543881,72.8248109,"92-A, Hill Rd, opp. St. Andrews Church, Old Rajaram Wadi, Ranwar, Bandra West, Mumbai, Maharashtra 400050, India"
510,1318.pdf,04/04/2025,23:00,05/04/2025,01:00," खोजा फ्लोरिस्ट,, बांद्रा पश्‍चिम, मुंबई 50, ","Khoja Florist, Bandra West, Mumbai 50,",19.0562814,72.83432119999999,"1st Floor, Hotel Metro Palace, Hill Rd, opposite Marks & Spencer, above Barbeque Nation, Bandra West, Mumbai, Maharashtra 400050, India"
511,1317.pdf,11/01/2025,21:55,11/01/2025,21:55," द नेस्ट हाँटेल, पहिला माळा, , हाँटेल मेट्रोपँलेस शेजारी,हिल , रोड,मार्क अँण्ड स्पेन्सरच्या ,विरूद्ध बाजूस,वांद्रे प मुंबई -400050   ","The Nest Hotel, 1st Mala, , Beside Hotel Metropolis, Hill, Road, Opposite Mark & ​​Spencer, Bandra P Mumbai-400050",19.0418807,72.85782499999999,"Transit Camp, Rajiv Gandhi Nagar, Dharavi, Mumbai, Maharashtra 400017, India"
512,1320.pdf,05/04/2025,02:00,05/04/2025,02:00," लियाकत गॅरेज समोर,, ट्रान्झीट कॅम्प,, वाद्रे पश्‍चिम मुंबई - 50 ,   ","Opposite Liaquat Garage,, Transit Camp,, Vadre West Mumbai - 50,",19.051016,72.8355244,"14, LK Mehta Marg, Reclamation, Bandra West, Mumbai, Maharashtra 400050, India"
513,1315.pdf,04/04/2025,05:30,04/04/2025,05:40," नरगिसदत्त नगर, लालमिटटी,, वांद्रे पश्‍चिम मुंबई 50,   ","Nargisdutt Nagar, Lalmitti,, Bandra West Mumbai 50,",19.0515721,72.83463139999999,"Reclamation, Bandra West, Mumbai, Maharashtra, India"
514,1321.pdf,05/04/2025,23:00,06/04/2025,01:00," कोंबडी गल्ली, वांद्रे , रिक्‍लेमेशन, वांद्रे WIAA, ","Kombadi Galli, Bandra, Reclamation, Bandra WIAA,",19.0514817,72.8223577,"Pereira Rd, Mount Mary, Bandra West, Mumbai, Maharashtra 400050, India"
515,1316.pdf,04/04/2025,19:00,04/04/2025,19:10," माउंटमेरी पोलीस चौकी , बिट क्र-3, परेरा रोड, , बांद्रा प मुंबई , ","Mount Mary Police Station, Bit No-3, Perera Road, , Bandra P Mumbai,",19.0595596,72.8295287,"Bandra West, Mumbai, Maharashtra, India"
516,1314.pdf,02/04/2025,17:30,03/04/2025,17:30," लव्ह मुंबई गार्डन,, यु ब्रिज च्या खाली, , वांद्रे पश्‍चिम, मुंबई 50 ,  1 ","Love Mumbai Garden, Under U Bridge, , Bandra West, Mumbai 50 , 1",19.0353849,72.8423036,"Mahim, Mumbai, Maharashtra, India"
517,1319.pdf,05/04/2025,02:00,05/04/2025,02:00," माहीम खाडी ब्रीज जवळ, , खाडी लगत,बीएमसीची लोखंडीचे, बँरीकेटींगच्या आडोशाला ,,साउथबॉन्डवर,वांद्रे प मुंबई   ","Near Mahim Khadi Bridge, Adjacent to Khadi, BMC's Iron, Barricading Adoshala,, On South Bond, Bandra P Mumbai",19.0515721,72.83463139999999,"Reclamation, Bandra West, Mumbai, Maharashtra, India"
518,1322.pdf,05/04/2025,20:00,05/04/2025,20:10," वांद्रे ते सिलिंकच्या दिशेने , रेक्लेमेशन गार्डनजवळ , वांद्रे पश्‍चिम मुंबई ,  ","From Bandra to Silink, Near Reclamation Garden, Bandra West Mumbai,",19.0353849,72.8423036,"Mahim, Mumbai, Maharashtra, India"
519,1323.pdf,06/04/2025,00:45,06/04/2025,00:55," माहीम खाडी ब्रीज जवळ, खाडी लगत, बीएमसीची लोखंडीचे strc, साउथ बॉन्ड वर, वांद्रे प मुं,  ","Near Mahim Khadi Bridge, Bay Adjacent, Iron strc of BMC, Above South Bond, Bandra Pm,",19.0511024,72.83596109999999,"Nargis Dutt Nagar, Reclamation, Bandra West, Mumbai, Maharashtra 400050, India"
520,1324.pdf,06/04/2025,07:00,06/04/2025,07:10," नर्गीस दत्त नगर, आलीवर जंग , हॉस्पीटल वांद्रे रेक्लेमेशन, वांद्रे पश्‍चिम मुंबई 50 ,   ","Nargis Dutt Nagar, Aliwar Jung, Hospital Bandra Reclamation, Bandra West Mumbai 50,",19.0523549,72.82512290000001,"100, Hill Rd, Ranwar, Bandra West, Mumbai, Maharashtra 400050, India"
521,1327.pdf,07/04/2025,14:30,07/04/2025,14:30," परेरा रोड ला बॅन्ड स्टँन्ड , कडून मेहबूब स्टूडीओकडे समोर , विरूध्द दिशेनेवांद्रे प मुं 50,  ","Band Stand on Perera Road, Opposite to Mehboob Studio, Opposite Bandra 50,",19.0353849,72.8423036,"Mahim, Mumbai, Maharashtra, India"
522,1326.pdf,07/04/2025,02:00,07/04/2025,02:00," कोंबडी गल्ली, माहीम काँजवे,, वांद्रे प मुबई 50, ","KOMBDI GALLI, MAHIM KANJVE,, BANDRA P MUMBAI 50,",19.05523,72.8320402,"50, Hill Rd, Ranwar, Bandra West, Mumbai, Maharashtra 400050, India"
523,1325.pdf,06/04/2025,14:40,06/04/2025,15:30," कोहीनूर हॉटेल जवळ,, हिल रोड वर, , वांद्रे पश्‍चिम, मंबई 50, ","NEAR KOHINOOR HOTEL,, ON HILL ROAD, , BANDRA WEST, MUMBAI 50,",19.0658238,72.82318219999999,"50, Sangeet Samrat Naushad Ali Rd, Shirley, Bandra West, Mumbai, Maharashtra 400050, India"
524,1329.pdf,11/01/2025,01:00,11/01/2025,01:00," ओटर्स क्लबसमोर, , संगीत सम्राट नोशादअली रोड, , बांद्रा पश्‍चिम  मुंबई 50, ","Opposite Otters Club, , Sangeet Samrat Noshad Ali Road, , Bandra West Mumbai 50,",19.0594726,72.8314809,"50, Gurunanak Rd, Bandra West, Mumbai, Maharashtra 400050, India"
525,1330.pdf,07/04/2025,19:10,07/04/2025,19:10," डी टी डी सी एक्सप्रेस , ऑफीसचे समोर,, गुरूनानक रोड,,बांद्रा पश्‍चिम मुंबई 50 ","DTDC Express,Opposite Office,,Guru Nanak Road,Bandra West Mumbai 50",19.0458854,72.821935,"50, Kane Rd, Mount Mary, Bandra West, Mumbai, Maharashtra 400050, India"
526,1328.pdf,01/01/2025,18:00,01/01/2025,19:00," ताजलन्ड हॉटेल केन रोड , वांद्रे पश्‍चिम मुंबई 50 ,  ","Tajland Hotel Kane Road, Bandra West Mumbai 50,",19.0661724,72.9278436,"01, 5, Bus Depot Rd, Govandi Slums, Govandi West, Adasa Nagar, Shivaji Nagar, Mumbai, Maharashtra 400043, India"
527,1332.pdf,08/04/2025,12:45,08/04/2025,12:45," प्लाट नं 01, गल्ली नं 05, , बस डेपो जवळ, शास्त्री नगर,, वांद्रे प मुबंई 50,  ","Plot No 01, Lane No 05, , Near Bus Depot, Shastri Nagar, Bandra P Mumbai 50,",19.0512751,72.8274187,"64, MT Carmel Rd, St Sebastian Colony, Mount Mary, Bandra West, Mumbai, Maharashtra 400050, India"
528,1331.pdf,07/04/2025,14:00,07/04/2025,18:00," फ्लँट नं13, सन बिम सी एच एस,, 64 माउंट कार्मेल रोड,, लिलावती हाँस्पीटल समोर, ,वांद्रे पश्‍चिम मुंबई 50   ","FLAT NO 13, SUN BIM CHS,, 64 MOUNT CARMEL ROAD,, OPPOSITE LILAVATI HOSPITAL, ,BANDRA WEST MUMBAI 50",19.0661724,72.9278436,"01, 5, Bus Depot Rd, Govandi Slums, Govandi West, Adasa Nagar, Shivaji Nagar, Mumbai, Maharashtra 400043, India"
529,1333.pdf,08/04/2025,12:45,08/04/2025,12:45," प्लॉट नं 01, गल्ली नं 05, , बस डेपो जवळ, शास्त्री नगर,, वांद्रे प मुबंई 50,  ","Plot No 01, Lane No 05, , Near Bus Depot, Shastri Nagar,, Bandra P Mumbai 50,",19.0511024,72.83596109999999,"Nargis Dutt Nagar, Reclamation, Bandra West, Mumbai, Maharashtra 400050, India"
530,1334.pdf,09/04/2025,15:00,09/04/2025,18:00," सार्वजनिक शौचालय, , नर्गिस दत्त नगर, वांद्रेप,मु,   ","Public Toilet, , Nargis Dutt Nagar, Wandrep, Mu,",19.0675328,72.8336642,"Shop No 1, Danda Road, Linking Rd, opposite Citywalk Shoes Store, Khar, Khar West, Mumbai, Maharashtra 400052, India"
531,1339.pdf,10/04/2025,20:30,10/04/2025,20:45," मौलाना बाबा ,, सुफी सुलतान नक्सबंदी दर्गा, , बडी मस्जीदचे पाठीमागे, ,बांद्रा पश्‍चिम, मुंबई   ","Maulana Baba, Sufi Sultan Naxbandi Dargah, Behind Badi Masjid, Bandra West, Mumbai",19.0684559,72.8245216,"Rizvi Educational Complex, Off Carter Rd, Rizvi Complex, Chuim, Bandra West, Mumbai, Maharashtra 400050, India"
532,1338.pdf,10/04/2025,20:15,10/04/2025,20:15," रिजवी गार्डन, , एमईटी काँलेजच्या पाठीमागे, , वांद्रे पश्‍चिम मुंबई 50,   ","Rizvi Garden, , Behind MET College, , Bandra West Mumbai 50,",19.0625044,72.8293971,"Shop Nos. 3 & 7, Dheeraj Arcade,Opp Jude Wines, Dr Ambedkar Road, Pali Mala Rd, Bandra West, Mumbai, Maharashtra 400050, India"
533,1335.pdf,09/04/2025,21:45,09/04/2025,21:45," धिरज आर्केड बिल्डींग समोर,, पंजाब स्विट बाजुला, पाली नाका, वांद्रे प मुबंई 50, ","Opposite Dhiraj Arcade Building,, Punjab Sweet Bajula, Pali Naka, Bandra P Mumbai 50,",19.052489,72.8345596,"KC Marg, Reclamation, Bandra West, Mumbai, Maharashtra 400050, India"
534,1340.pdf,12/01/2025,14:20,12/01/2025,14:25," रंगशारदा परिसर केसीमार्ग , बांद्रा रिक्‍लेमेशन, मुबंई,   ","Rangsarada Complex KC Marg, Bandra Reclamation, Mumbai,",19.0521491,72.8285452,"Chapel Rd, Bandra West, Mumbai, Maharashtra 400050, India"
535,1336.pdf,12/11/2024,00:00,12/11/2024,00:00," Fete नं सी/37, अँडीनल , बिल्डींग, चपल रोड,, वांद्रे पश्‍चिम, मुंबई  40005,   ","Fete No. C/37, Andinal Building, Chappell Road, Bandra West, Mumbai 40005,",19.0595596,72.8295287,"Bandra West, Mumbai, Maharashtra, India"
536,1342.pdf,08/04/2025,22:30,09/04/2025,02:00," गेम प्लासिओ क्लब,, बांद्रा पश्‍चिम, मंबई,   ","Game Plasio Club, Bandra West, Mumbai,",19.0595596,72.8295287,"Bandra West, Mumbai, Maharashtra, India"
537,1337.pdf,10/04/2025,16:05,10/04/2025,16:05," कोंबडी गल्ली, माताबालक, पुतळयाच्या मागील बाजसू, , वांद्रे प मुंबई,   ","Kombadi Galli, Matabalak, Behind the Statue, Bandra, Mumbai,",19.0595596,72.8295287,"Bandra West, Mumbai, Maharashtra, India"
538,1341.pdf,11/04/2025,21:00,11/04/2025,21:00," फ्लट नं 03, tale नं 71 ए,, फातिमा लाँज,पेरी क्राँस रोड,, बांद्रा प, मुंबई 50,  ","Flat No 03, Tale No 71A, Fatima Lounge, Perry Crans Road, Bandra P, Mumbai 50,",19.0595596,72.8295287,"Bandra West, Mumbai, Maharashtra, India"
539,1343.pdf,12/04/2025,18:00,12/04/2025,18:00," मन्नत बंगल्याचे समोर असणा-या, बस स्टाँपवरून बस क्रमांक 211, वांद्रे प मुबई 50,   ","Bus No. 211, Bandra P Mumbai 50, from bus stand opposite Mannat Bungalow.",19.0521491,72.8285452,"Chapel Rd, Bandra West, Mumbai, Maharashtra 400050, India"
540,1344.pdf,12/04/2025,23:00,13/04/2025,02:00," रूम नं 104, सिसीलिया बिल्डी, चपेल रोड, बांद्रा पश्‍चिम,मुं,   ","Room No 104, Cecilia Bldg., Chapel Road, Bandra West, Mun.",19.05523,72.8320402,"50, Hill Rd, Ranwar, Bandra West, Mumbai, Maharashtra 400050, India"
541,1346.pdf,13/04/2025,19:00,13/04/2025,19:00," हिल रोड, , वांद्रे पश्‍चिम, मुंबई 50,   ","Hill Road, , Bandra West, Mumbai 50,",19.0595596,72.8295287,"Bandra West, Mumbai, Maharashtra, India"
542,1345.pdf,01/04/2023,00:00,13/04/2025,00:00," बे व्हुव बिल्डींग बँन्डस्टड, , वांद्रे पश्‍चिम मुंबई 50,   ","BAY VUE BUILDING BANDSTUD, , BANDRA WEST MUMBAI 50,",19.051016,72.8355244,"14, LK Mehta Marg, Reclamation, Bandra West, Mumbai, Maharashtra 400050, India"
543,1349.pdf,14/04/2025,05:00,14/04/2025,05:00," लालमिट्टी चिमणीजवळ , वांद्रे प मुबई 50,   ","Near Lalmitti Chimni, Bandra P Mumbai 50,",19.0594726,72.8314809,"50, Turner Rd, Bandra West, Mumbai, Maharashtra 400050, India"
544,1348.pdf,14/04/2025,03:00,14/04/2025,03:00," टर्नर रोड,, बांद्रा पश्‍चिम मुंबई 50,   ","TURNER ROAD,, BANDRA WEST MUMBAI 50,",19.0552006,72.8308311,"Hill Rd, Bandra West, Mumbai, Maharashtra 400050, India"
545,1347.pdf,13/04/2025,19:45,13/04/2025,19:45," हिल रोड ,, प्रेमसन कापड दुकानाशेजारील, आर्टीफिशीअल ज्वेलरीच्या स्टॉल,बांद्रा पश्‍चिम मुंबई 50   ","Hill Road,, Next To Premson Cloth Shop, Artificial Jewelery Stalls, Bandra West Mumbai 50",19.05523,72.8320402,"50, Hill Rd, Ranwar, Bandra West, Mumbai, Maharashtra 400050, India"
546,1350.pdf,27/03/2025,00:00,14/04/2025,19:50," शाप नंबर 10,व 01, डायमंड TAG, बांद्रा पोलीस , समोर, हिल रोड,बांद्रा पश्‍चिम , मुंबई 50 ","Shop No. 10, 01, Diamond Tag, Bandra Police, Opposite, Hill Road, Bandra West, Mumbai 50",19.0418249,72.8587585,"Shop No 20, Block Number 5, Transit Camp, Block No 1, Dharavi, Mumbai, Maharashtra 400017, India"
547,1351.pdf,12/01/2025,15:00,12/01/2025,15:00," लकी हॉटेलजवळ, , एसव्हीरोडवर, वांद्रे पश्‍चिम, मुंबई ,   ","Near Lucky Hotel, , On SV Road, Bandra West, Mumbai ,",19.0595596,72.8295287,"Bandra West, Mumbai, Maharashtra, India"
548,1352.pdf,14/04/2025,19:30,14/04/2025,19:40," रेल्वे स्टेशन रोड ,, fer रोड बांद्रा प मुंबई,   ","Railway Station Road,,fer Road Bandra P Mumbai,",19.0484742,72.8273626,"50, KC Marg, HIG Colony, Mount Mary, Bandra West, Mumbai, Maharashtra 400050, India"
549,1353.pdf,14/04/2025,21:10,14/04/2025,21:15," केसी मार्ग, वांद्रे पश्‍चिम मुंबई 50, ","KC MARG, BANDRA WEST MUMBAI 50,",19.0539111,72.8358964,"Bazar Rd, Santosh Nagar, Bandra West, Mumbai, Maharashtra 400050, India"
550,1354.pdf,13/04/2025,23:00,13/04/2025,23:00," बॉम्बे प्रेसीडेन्सी एज्युकेशन, सोसयटी,बझार रोड,बिपीई, शाळेच्या पठीमागील पश्चीम बाजु,चेलोखंडी गेट,बांद्रा प मुंबई ","BOMBAY PRESIDENCY EDUCATION, SOCIETY, BAZAR ROAD, BPE, BEHIND SCHOOL PACHIM BAJU, CHELOKHANDI GATE, BANDRA P MUMBAI",19.1386175,72.8451695,"Swami Vivekanand Rd, India"
551,1357.pdf,16/04/2025,01:30,16/04/2025,03:30," बडी मस्जीद जवळ एस व्ही रोड , वांद्रे पश्‍चिम मुंबई 50 , ","SV Road Near Badi Masjid, Bandra West Mumbai 50,",19.0595596,72.8295287,"Bandra West, Mumbai, Maharashtra, India"
552,1358.pdf,01/10/2021,00:00,01/05/2023,00:00," 03, बैदेवाला हाउस, डाँ पिटर डायस , रोड, सरकारी बावडी,, वांद्रे पश्‍चिम, मुंबई 50,   ","03, Baidevala House, Dr Peter Dyce Road, Sarkari Bawadi, Bandra West, Mumbai 50,",19.0572381,72.8267212,"St Domnic Rd, Bandra West, Mumbai, Maharashtra 400050, India"
553,1356.pdf,30/01/2025,00:00,18/02/2025,00:00," 8/कोलंबिया बिल्डींग, ST डोमनिक रोड, , वांद्रे पश्‍चिम, मुंबई,   ","8/COLUMBIA BUILDING, ST DOMINIC ROAD, , BANDRA WEST, MUMBAI,",19.05523,72.8320402,"50, Hill Rd, Ranwar, Bandra West, Mumbai, Maharashtra 400050, India"
554,1359.pdf,16/04/2025,19:30,16/04/2025,19:35," बांद्रा रेल्वेस्टेशन रोड , परीसर ,हिल रोड बांद्रा , मुंबई 50,   ","Bandra Railway Station Road, Parisar, Hill Road Bandra, Mumbai 50,",19.0549457,72.8250016,"115, Hill Rd, Old Rajaram Wadi, Bandra West, Mumbai, Maharashtra 400050, India"
555,1362.pdf,12/01/2025,19:16,12/01/2025,17:10," सेंट अँन्डरुज चर्च,, हिल रोड वांद्रे पश्‍चिम मुंबई ,   ","St Andrew's Church, Hill Road Bandra West Mumbai,",19.0531844,72.83390539999999,"3R3M+7HC, Santosh Nagar, Bandra West, Mumbai, Maharashtra 400050, India"
556,1361.pdf,16/04/2025,15:45,16/04/2025,18:45," हायलँन्ड कोर्ट सी बिल्डीग,, बाजार रोड,, वांद्रे प मुंबई 50,   ","HIGHLAND COURT C BUILDING, BAZAR ROAD, BANDRA P MUMBAI 50,",18.9581934,72.8320729,"Mumbai, Maharashtra, India"
557,1355.pdf,14/04/2025,13:00,14/04/2025,13:00," वांद्रे पश्‍चिम रेल्वे स्टेशन , परिसरात,, बांद्रा पश्‍चिम मुंबई 50,   ","Near Bandra West Railway Station, Bandra West Mumbai 50,",19.0558826,72.8332005,"46, Hill Rd, Ranwar, Bandra West, Mumbai, Maharashtra 400050, India"
558,1360.pdf,16/04/2025,20:35,16/04/2025,20:35," हिल रोड,, एल्को हाँटेल समोर , बांद्रा पश्‍चिम मुंबई 50,   ","Hill Road, Opposite Elco Hotel, Bandra West Mumbai 50,",19.1571054,72.8337844,"5R4M+RGV, Sejal Park, Bhagat Singh II, Goregaon West, Mumbai, Maharashtra 400104, India"
559,1363.pdf,17/04/2025,00:49,17/04/2025,01:35," दरम्यान बडी मस्जीद , एस व्ही रोड, , वांद्रे प, मुंबई 50, ","Between Badi Masjid, SV Road, Bandra P, Mumbai 50,",19.0595596,72.8295287,"Bandra West, Mumbai, Maharashtra, India"
560,1365.pdf,30/03/2025,04:00,30/03/2025,16:00," माजिश हॉटेलसमोर, मडडमवाडी, , लकी हॉटेलचे आतमध्ये,, बांद्रा पश्‍चिम, मुंबई 50,   ","Opposite Majish Hotel, Maddamwadi, , Inside Lucky Hotel,, Bandra West, Mumbai 50,",19.0513393,72.83235069999999,"3R3M+23F, Rangsharda Marg, Bandra Reclamation Flyover, near Lilavati Hospital, Nityanand Nagar, A Block BKC, Bandra West, Mumbai, Maharashtra 400050, India"
561,1364.pdf,17/04/2025,17:45,17/04/2025,17:45," रंगशारदा हाँटेल जवळ नरर्गीस , दत्त नगर,केसी मार्ग वांद्रे, केसी मार्ग  वांद्रे,  (a) Direction and distance from P.S. (पोलिस ठाण्या पासून दिशा Beat No. (बीट क्र.):  ","Near Rangsharada Hotel Narrgis, Dutt Nagar, KC Marg Bandre, KC Marg Bandre, (a) Direction and distance from P.S. (Direction Beat No. from Police Station):",19.0535913,72.8362929,"Khatija Apartment, Santosh Nagar, Bandra West, Mumbai, Maharashtra 400050, India"
562,1366.pdf,01/08/2023,00:00,02/04/2025,00:00," पहिला मजला फ्लॅट नं 319, ठाकरेसी अमरसी चाळ बाजार रोड, समोर खतिजा अपार्टमेन्ट बांद्रा,पश्‍चिम-400050   ",1st Floor Flat No 319 Thackerasi Amarsi Chal Bazar Road Opposite Khatija Apartment Bandra West-400050,19.0535604,72.8371469,"Madam Wadi, Santosh Nagar, Bandra West, Mumbai, Maharashtra 400050, India"
563,1367.pdf,04/01/2024,00:00,07/04/2025,00:00," मदमवाडी एम एस रोड बांद्रा, पश्‍चिम लकी हॉटेल च्या मागे, मुंबई,-400050   ","Madamwadi MS Road Bandra, Behind Paschim Lucky Hotel, Mumbai-400050",19.0353849,72.8423036,"Mahim, Mumbai, Maharashtra, India"
564,1369.pdf,18/04/2025,21:00,19/04/2025,01:00," माहिम काँजवे ब्रिजखाली, वांद्रे पश्‍चिम, मुंबई 50,  ","Under Mahim Kanjway Bridge, Bandra West, Mumbai 50,",19.0543881,72.8248109,"92-A, Hill Rd, opp. St. Andrews Church, Old Rajaram Wadi, Ranwar, Bandra West, Mumbai, Maharashtra 400050, India"
565,1370.pdf,18/04/2025,23:00,19/04/2025,01:00," खोजा फ्लोरिस्ट, बांद्रा, पश्‍चिम, मुंबई 50 , ","Khoja Florist, Bandra, West, Mumbai 50 ,",19.0579234,72.8352958,"St Martins Rd, Bandra West, Mumbai, Maharashtra 400050, India"
566,1368.pdf,15/04/2025,00:15,17/04/2025,07:00," हपी होम इमारतीसमोर, , सेंन्ट मार्टिन रोड, बांद्रा , पश्‍चिम, मुंबई ,   ","Opposite Hapi Home Building, , St. Martin's Road, Bandra, West, Mumbai,",19.0595596,72.8295287,"Bandra West, Mumbai, Maharashtra, India"
567,1371.pdf,19/04/2025,06:30,19/04/2025,06:40," बांद्रा स्टेशनचे बाहेरील , मस्जीदचे जवळील सर्वात, शेवटचे बंद पान टपरीजवळ,बांद्रा प, मुंबई   ","Outside Bandra Station, Closest to Masjid, Last Block near Tapri, Bandra West, Mumbai",19.0595596,72.8295287,"Bandra West, Mumbai, Maharashtra, India"
568,1372.pdf,19/04/2025,16:10,19/04/2025,16:20," अपना दवाखाना समोरील मैदानाजवळ, शास्त्री नगर, वांद्रे जवळ , वांद्रे पश्‍चिम,मुंबई 50 , ","Near Apna Dawakhana Front Ground, Shastri Nagar, Near Bandra, Bandra West, Mumbai 50,",19.0599727,72.8222188,"Carter Rd, Bandra West, Mumbai, Maharashtra 400050, India"
569,1373.pdf,03/12/2024,02:00,03/12/2024,02:00," Se पार्कच्या समोरील , रस्त्यावर, कार्टर रोड,, वांद्रे पश्‍चिम, मुंबई 4000, ","Opposite Se Park, Road, Carter Road,, Bandra West, Mumbai 4000,",19.139536,72.9238392,"Kombadi Galli, Farid Nagar, Bhandup West, Mumbai, Maharashtra 400078, India"
570,1377.pdf,20/04/2025,02:00,20/04/2025,02:00," कोंबडी गल्ली,, यु ब्रिजच्याखात्री, , माहीम काँजवेजवळ, ,बांद्रा पश्‍चिम मुंबई ","Kombadi Galli, Near U Bridge, Near Mahim Kanjway, Bandra West Mumbai",19.0513393,72.83235069999999,"3R3M+23F, Rangsharda Marg, Bandra Reclamation Flyover, near Lilavati Hospital, Nityanand Nagar, A Block BKC, Bandra West, Mumbai, Maharashtra 400050, India"
571,1376.pdf,19/04/2025,19:00,19/04/2025,19:00," रंगशारदा, , राहुलनगर, , वांद्रे पश्‍चिम मुंबई 50, ","Rangsarada, , Rahulnagar, , Bandra West Mumbai 50,",19.0469879,72.8280406,"Reclamation , Rajiv Gandhi Sea Link, Project Office, KC Marg, Mount Mary, Bandra West, Mumbai, Maharashtra 400050, India"
572,1378.pdf,20/04/2025,23:00,21/04/2025,02:00," एमएसआरडिसी ऑफिस जवळ,, रिक्‍लेमेशन, राजीव गांधी सि- , लिंक जवळ, केसी मार्ग,वांद्रे,प, मुंबई 50 ","Near MSRDC Office,, Reclamation, Rajiv Gandhi Si-, Near Link, KC Marg, Bandre, W, Mumbai 50",19.0484742,72.8273626,"50, KC Marg, HIG Colony, Mount Mary, Bandra West, Mumbai, Maharashtra 400050, India"
573,1379.pdf,21/04/2025,02:05,21/04/2025,02:10," यु ब्रिज खाली, नर्गीसदत्त नगर, लालमट्टी, केसी मार्ग, , वांद्रे पश्‍चिम, मुंबई 50,   ","BELOW U BRIDGE, NARGISDUTT NAGAR, LALMATTI, KC MARG, , BANDRA WEST, MUMBAI 50,",19.048011,72.82589399999999,"S.T. Baptist Road, Mount Mary, Bandra West, Mumbai, Maharashtra 400050, India"
574,1375.pdf,19/04/2025,18:00,19/04/2025,18:00," वीर जिजामाता भोसले उद्‌यान, , सुलभ शौचालयाच्या समोरील बाजूस , गेटजवळील कोप-यात,सेंट बाप्टिस्‌,रोड,वांद्रे प मुंबई  1 ","Veer Jijamata Bhosle Park, Opposite to Sulabh Toilet, Corner Near Gate, St. Baptist's Road, Bandre P Mumbai 1",19.0427274,72.81804799999999,"Bandstand, BJ Road, Mount Mary, Bandra West, Mumbai, Maharashtra 400050, India"
575,1374.pdf,19/04/2025,17:45,19/04/2025,17:45," मन्नत बंगला समोर,, बँन्डस्टँन्ड,, बांद्रा पश्‍चिम मुंबई ,   ",Mannat Bungalow Opposite Bandstand Bandra West Mumbai,19.0469879,72.8280406,"Reclamation , Rajiv Gandhi Sea Link, Project Office, KC Marg, Mount Mary, Bandra West, Mumbai, Maharashtra 400050, India"
576,1380.pdf,20/04/2025,23:00,21/04/2025,03:00," एमएसआरडिसी ऑफिस जवळ, , रिक्‍्लेमेशन, राजीव गांधी सि- , लिंक जवळ, केसी मार्ग,, वांद्रे प, मुंबई 50 ","NEAR MSRDC OFFICE, , RECLAMATION, RAJIV GANDHI CI- , NEAR LINK, KC MARG,, BANDRA P, MUMBAI 50",19.0607385,72.83285409999999,"Duruelo Convent High School, Bandra West, Mumbai, Maharashtra 400050, India"
577,1382.pdf,20/04/2025,19:00,21/04/2025,09:00," डयुरेलो काँन्वेंट हायस्कुल , , बांद्रा पश्‍चिम मुंबई 50,   ","Durello Convent High School, , Bandra West Mumbai 50,",19.0515721,72.83463139999999,"Reclamation, Bandra West, Mumbai, Maharashtra, India"
578,1381.pdf,20/04/2025,21:30,20/04/2025,22:00," रूम नं 22 , 02 रा माळा ,, एल अँण्ड टी सिवरेज केंद्र , , बांद्रा रिक्‍्लेमेशन , ,बांद्रा पश्‍चिम,मुंबई 50   ","Room No 22, 02nd Floor, L&T Sewerage Centre, Bandra Reclamation, Bandra West, Mumbai 50",19.0595596,72.8295287,"Bandra West, Mumbai, Maharashtra, India"
579,1383.pdf,21/04/2025,14:15,21/04/2025,14:15," लालमिठ्ठी परिसर, , वांद्रे पश्‍चिम मुंबई 50, ","LALMITHI COMPLEX, , BANDRA WEST MUMBAI 50,",19.0598768,72.8285796,"1, 50, Perry Rd, Bandra West, Mumbai, Maharashtra 400050, India"
580,1384.pdf,13/01/2025,03:10,13/01/2025,03:10," विनी अपार्टमेंटच्या समोर, पेरी रोड,, वांद्रे पश्‍चिम, मुंबई 50,  1 ","Opposite Vinnie Apartments, Perry Road, Bandra West, Mumbai 50, 1",19.0544011,72.8404015,"Bandra Railway Station, 402, 14th Rd, near Bandra, C Block BKC, Bandra West, Mumbai, Maharashtra 400050, India"
581,1389.pdf,19/04/2025,17:00,19/04/2025,17:30," बांद्रा रेल्वे स्टेशन समोर,, बांद्रा पश्‍चिम, मुंबई 50,   ","Opposite Bandra Railway Station, Bandra West, Mumbai 50,",19.0595596,72.8295287,"Bandra West, Mumbai, Maharashtra, India"
582,1387.pdf,21/04/2025,15:25,21/04/2025,15:25," कोंबडी गल्ली, , वांद्रे पश्‍चिम मुंबई 50, ","KOMBDI GALLI, , BANDRA WEST MUMBAI 50,",19.0595596,72.8295287,"Bandra West, Mumbai, Maharashtra, India"
583,1386.pdf,21/04/2025,15:25,21/04/2025,15:25," कोंबडी गल्ली, , वांद्रे पश्‍चिम, मुंबई 50, ","50, KOMBDI GALLI, , BANDRA WEST, MUMBAI,",19.0595596,72.8295287,"Bandra West, Mumbai, Maharashtra, India"
584,1385.pdf,21/04/2025,15:15,21/04/2025,15:15," लालमिठ्ठी परिसर,, वांद्रे पश्‍चिम मुंबई 50, ","LALMITHI COMPLEX,, BANDRA WEST MUMBAI 50,",19.0661282,72.8352651,"Shop no. 6, Classique Junction of 13th, F. A, 33rd Rd, TPS III, old, Khar West, Mumbai, Maharashtra 400052, India"
585,1388.pdf,01/05/2010,00:00,01/06/2024,00:00," ककड क्लासिक, खार प, मुंबई, व HHS हाईट्स, , वान्द्रे पश्‍चिम, मुंबई 50,   ","Kakkad Classic, Khar P, Mumbai, and HHS Heights, , Bandre West, Mumbai 50,",19.0513393,72.83235069999999,"3R3M+23F, Rangsharda Marg, Bandra Reclamation Flyover, near Lilavati Hospital, Nityanand Nagar, A Block BKC, Bandra West, Mumbai, Maharashtra 400050, India"
586,1390.pdf,21/04/2025,14:45,21/04/2025,14:45," राहुल नगर झोपडपट्टी,रंगशारदा, वळ, सि fel कडे जाणा-या हायवे , च्या बोगदया च्या खात्री, , वांद्रे पश्‍चिम मुंबई 50  1 ","Rahul Nagar Slum,Rangsharada,Wal,Confirmation of Tunnel of Highway to Sifel,Bandra West Mumbai 50 1",19.0511024,72.83596109999999,"Nargis Dutt Nagar, Reclamation, Bandra West, Mumbai, Maharashtra 400050, India"
587,1391.pdf,19/04/2025,15:00,19/04/2025,15:30," रूम नं 112 च्या समोर, सार्वजन, शौचालयल जवळ, नर्गिसदत्त नगर,, वांद्रे पश्‍चिम, मुंबई,,   ","Opposite Room No. 112, Sarvajan, Near Toilet, Nargis Dutt Nagar, Bandra West, Mumbai.",19.0602719,72.8326694,"Premghar, St Theresa Rd, Bandra West, Mumbai, Maharashtra 400050, India"
588,1392.pdf,30/12/2024,00:00,09/04/2025,00:00," 602, बि विंग, प्रेम घर, सेंट तेरेसा रोड, बांद्रा पमु, ","602, B Wing, Prem Ghar, St. Teresa Road, Bandra Pamu,",19.0574544,72.83364499999999,"3R4M+XFJ, Waterfield Road, Bandra West, Mumbai, Maharashtra 400050, India"
589,1394.pdf,21/04/2025,11:00,21/04/2025,11:30," भाभा रुग्णालय बांद्रा मुंबई 50,   ","Bhabha Hospital Bandra Mumbai 50,",19.048361,72.824753,"2RXF+8WR, Rebello Rd, Mount Mary, Bandra West, Mumbai, Maharashtra 400050, India"
590,1393.pdf,22/04/2025,11:00,22/04/2025,11:05," सिरील रिबेलो म्युनिसीपल , ग्राउंड वांद्रे पश्‍चिम मुंबई ,   ","Cyril Rebelo Municipal, Ground Bandra West Mumbai,",19.0538911,72.83764910000001,"Bld no-9, Bandra Junction of S.V. Road, &, Hill Rd, Madam Wadi, Santosh Nagar, Bandra West, Mumbai, Maharashtra 400050, India"
591,1395.pdf,13/01/2025,10:50,13/01/2025,10:50," एस व्ही रोडवरील लकी हॉटेल, , ते कोंडुर जंक्शन दरम्यान ,, बांद्रा पश्‍चिम मुंबई 50, ","Lucky Hotel on SV Road, , between Kondur Junction ,, Bandra West Mumbai 50,",19.0552006,72.8308311,"Hill Rd, Bandra West, Mumbai, Maharashtra 400050, India"
592,1398.pdf,22/04/2025,12:40,22/04/2025,12:50," हिल रोड, वांद्रे पश्‍चिम, मुंबई,   ","Hill Road, Bandra West, Mumbai,",19.0595596,72.8295287,"Bandra West, Mumbai, Maharashtra, India"
593,1396.pdf,22/04/2025,17:05,22/04/2025,17:10," लव्ह गार्डन परिसर,, कोंबडी गल्ली, वांद्रे प, मुं,  ","Love Garden Precinct,, Kombadi Galli, Bandra P, Mun,",19.0595596,72.8295287,"Bandra West, Mumbai, Maharashtra, India"
594,1397.pdf,22/04/2025,16:15,22/04/2025,16:20," लालमिठ्ठी परिसर,, वांद्रे प मुंबई, ","Lalmithi Precinct,, Bandra P Mumbai,",19.0510479,72.8385002,"50, Swami Vivekanand Rd, Near Jama Masjid, C Block BKC, Qurese Nagar, Bandra West, Mumbai, Maharashtra 400050, India"
595,1399.pdf,01/12/2017,00:00,01/04/2018,00:00," लकी हॉटेल,, स्वामी विवेकानंद मार्ग,, वांद्रे पश्‍चिम मुंबई 50,   ","Lucky Hotel,, Swami Vivekananda Marg,, Bandra West Mumbai 50,",19.0595596,72.8295287,"Bandra West, Mumbai, Maharashtra, India"
596,1401.pdf,23/04/2025,10:10,23/04/2025,10:10," सिअभिनेता शाहरूख खान याचे , मन्नत बंगला समोर,बन्डस्टन्ट , बांद्रे पश्‍चिम मुंबई,येथे ऑटोरिक्षामध्ये जात असताना   ","Actor Shah Rukh Khan while riding in an autorickshaw in front of Mannat Bungalow, Bundstant, Bandre West Mumbai.",19.0595596,72.8295287,"Bandra West, Mumbai, Maharashtra, India"
597,1402.pdf,24/04/2025,03:05,24/04/2025,03:15," अपना दवाखानासमोरील मोकळे मैदान, शास्त्रीनगर, वांद्रे प मुंबई,  ","Open ground in front of Apna Hospital, Shastrinagar, Bandra, Mumbai,",19.0684559,72.8245216,"Rizvi Educational Complex, Off Carter Rd, Rizvi Complex, Chuim, Bandra West, Mumbai, Maharashtra 400050, India"
598,1403.pdf,24/04/2025,18:40,24/04/2025,18:40," शेरली मेडीकल जवळ,, परिचय बिल्डींग ,रिझवी काँल्रेज , वांद्रे प मुबंई  50, ","NEAR SHERLY MEDICAL,, INTRODUCTORY BUILDING,RIZVI COLLEGE, BANDRA P MUMBAI 50,",19.0479366,72.8270418,"B.N.D. Reclamation Bus Station, KC Marg, Nityanand Nagar, ONGC Colony, Bandra West, Mumbai, Maharashtra 400050, India"
599,1404.pdf,25/04/2025,01:30,25/04/2025,01:30," रेक्लमेशन बस डेपोजवळ, वांद्रे पश्‍चिम मुंबई 50 ,   ","Near Reclamation Bus Depot, Bandra West Mumbai 50,",19.0552006,72.8308311,"Hill Rd, Bandra West, Mumbai, Maharashtra 400050, India"
600,1412.pdf,26/04/2025,16:30,26/04/2025,16:30," हिल रोड, वांद्रे पश्‍चिम मुंबई ,  ","Hill Road, Bandra West Mumbai,",19.046283,72.8283366,"2RWH+G88, Reclamation, Bandra West, Mumbai, Maharashtra 400050, India"
601,1411.pdf,25/04/2025,23:00,26/04/2025,02:00," MSRDC,, रेक्लेमेशन ,, वांद्रे पश्‍चिम मुंबई 50, ","MSRDC,, Reclamation,, Bandra West Mumbai 50,",19.0626803,72.8354774,"50, Linking Rd, Khar, Vile Parle East, Bandra West, Mumbai, Maharashtra 400050, India"
602,1408.pdf,23/04/2025,10:30,25/04/2025,17:30," काँपर चिमणी रेस्टाँरंट,, लिंकींग रोड, , वांद्रे पश्‍चिम, मुंबई 50 ,   ","Copper Chimney Restaurant, Linking Road, Bandra West, Mumbai 50,",19.043587,72.825653,"Bandra-Worli Sea Link Toll Plaza, Mount Mary, Bandra West, 400050, India"
603,1405.pdf,25/04/2025,07:05,25/04/2025,07:10," वांद्रे वरळी सी लिंक येथील , टोल प्लाझा, बांद्रा प मुंबई 50,   ","At Bandra Worli Sea Link, Toll Plaza, Bandra P Mumbai 50,",19.0460094,72.82610319999999,"MSRDC Building, Cemetry Rd, Mount Mary, Bandra West, Mumbai, Maharashtra 400050, India"
604,1409.pdf,26/04/2025,01:41,26/04/2025,01:41," एम एस आर डी सी ऑफिस,, के सी मार्ग ,, वांद्रे प, मुंबई 50 ये, ","MSRDC Office,, KC Marg,, Bandra P, Mumbai 50 Ye,",19.0593579,72.8293553,"Shop No.7, Carlton Court Building, 3, Perry Rd, opp. Kotak Mahindra Bank, Bandra West, Mumbai, Maharashtra 400050, India"
605,1407.pdf,24/04/2025,10:30,25/04/2025,10:00," रोमन सुपर मार्ट, ऑपोझिट महिंद, कोटक बंक, पेरी क्रॉस रोड,, वांद्रे पश्‍चिम मुंबई,   ","Roman Super Mart, Opposite Mahind, Kotak Bunk, Perry Cross Road,, Bandre West Mumbai,",19.0460094,72.82610319999999,"MSRDC Building, Cemetry Rd, Mount Mary, Bandra West, Mumbai, Maharashtra 400050, India"
606,1410.pdf,26/04/2025,01:57,26/04/2025,01:57," एम एस आर डी सी ऑफिस,, के सी मार्ग ,, वांद्रे प, मुंबई 50, ","MSRDC Office,, KC Marg,, Bandra P, Mumbai 50,",19.0511024,72.83596109999999,"Nargis Dutt Nagar, Reclamation, Bandra West, Mumbai, Maharashtra 400050, India"
607,1406.pdf,13/01/2025,16:45,13/01/2025,16:50," नर्गिस दत्त नगर, टेलिफोन , एक्सचेंज जवळ, बांद्रा प, ATS   ","Nargis Dutt Nagar, Tel , Near Exchange, Bandra P, ATS",19.0551922,72.8347517,"Chinchpokli Rd, Santosh Nagar, Bandra West, Mumbai, Maharashtra 400050, India"
608,1413.pdf,26/04/2025,09:00,26/04/2025,22:00," गोन्सालवीस वाडी चिंचपोकळी रोड, साईबाबा मंदीर जवळ,, वांद्रे पश्‍चिम मुंबई 50 , ","Gonsalvees Wadi Chinchpokali Road, Near Saibaba Mandir,, Bandra West Mumbai 50 ,",18.9581934,72.8320729,"Mumbai, Maharashtra, India"
609,1415.pdf,25/04/2025,10:00,25/04/2025,13:30," लालोका ANAT Tee, , Welt हिल, मुंबई 50,   ","Laloka ANAT Tee, , Welt Hill, Mumbai 50,",19.0595596,72.8295287,"Bandra West, Mumbai, Maharashtra, India"
610,1414.pdf,26/04/2025,09:00,26/04/2025,22:15," लालमिट्टी, नर्गिसदत्तनगर, , वांद्रे प मुंबई,   ","Lalmitty, Nargisduttanagar, , Bandra P Mumbai,",19.0418249,72.8587585,"Shop No 20, Block Number 5, Transit Camp, Block No 1, Dharavi, Mumbai, Maharashtra 400017, India"
611,1417.pdf,13/01/2025,18:45,13/01/2025,18:45," लकी हाँटेलजवळ, , एसव्हीरोडवर, , वांद्रे पश्‍चिम, मुंबई ,   ","Near Lucky Hotel, , On SV Road, , Bandra West, Mumbai ,",19.0427274,72.81804799999999,"Bandstand, BJ Road, Mount Mary, Bandra West, Mumbai, Maharashtra 400050, India"
612,1416.pdf,26/04/2025,20:30,26/04/2025,20:40," Terre बिल्डींगच्या समोर,, बन्डस्टण्ड परिसर, बीजे , रोड, वांद्रे पश्‍चिम, मुंबई 50 ,   ","Opposite Terre Building,, Bundstand Complex, BJ Road, Bandra West, Mumbai 50,",19.051016,72.8355244,"14, LK Mehta Marg, Reclamation, Bandra West, Mumbai, Maharashtra 400050, India"
613,1418.pdf,26/04/2025,23:40,26/04/2025,23:45," लाल मिट्टी, केसी मार्ग, , यु ब्रिज च्या खाली, , वांद्रे पश्‍चिम, मुंबई 50 ,   ","LAL MITTI, KC MARG, , BELOW U BRIDGE, , BANDRA WEST, MUMBAI 50 ,",19.051528,72.8354921,"12, KC Marg, Rajiv Gandhi Nagar, Santosh Nagar, Bandra West, Mumbai, Maharashtra 400050, India"
614,1420.pdf,26/04/2025,22:45,26/04/2025,22:50," चिमणीजवळ अलीयावर जंग, हाँस्पिटलच्या भिंतीच्या आडोशाल, वांद्रे पश्‍चिम, मुंबई , ","Aliyavar Jang near Chimney, Against Wall of Hospital, Bandra West, Mumbai,",19.0772858,72.8674286,"3VG8+WX7, Church Rd, Kolivery Village, Kunchi Kurve Nagar, Kalina, Santacruz East, Mumbai, Maharashtra 400029, India"
615,1419.pdf,27/04/2025,00:05,27/04/2025,00:10," शास्त्रीनगर, बीएमसी मैदान,, वांद्रे पश्‍चिम मुंबई 50 ,   ","Shastri Nagar, BMC Ground,, Bandra West Mumbai 50 ,",19.051016,72.8355244,"14, LK Mehta Marg, Reclamation, Bandra West, Mumbai, Maharashtra 400050, India"
616,1421.pdf,27/04/2025,00:30,27/04/2025,00:40," यु ब्रिज खाल्ली, सार्वजनिक, शौचालयाचे जवळ, लालमिट्टी,, वांद्रे प मुंबई,  ","U Bridge Khalli, Public, Near Toilet, Lalmitti,, Bandre P Mumbai,",19.059304,72.8341845,"Gurunanak Rd, Bandra West, Mumbai, Maharashtra 400050, India"
617,1422.pdf,27/04/2025,00:50,27/04/2025,01:40," बांद्रा तलावाजवळ, गुरूनानक रोड, वांद्रे पश्‍चिम, मुंबई ,   ","Near Bandra Lake, Guru Nanak Road, Bandra West, Mumbai,",19.0552006,72.8308311,"Hill Rd, Bandra West, Mumbai, Maharashtra 400050, India"
618,1426.pdf,27/04/2025,19:30,27/04/2025,19:30," रेल्वेस्टेशन रोड परीसर ,हिल रो, वांद्रे प मुबंई 50,   ","Railway Station Road Area, Hill Row, Bandra P Mumbai 50,",19.0469879,72.8280406,"Reclamation , Rajiv Gandhi Sea Link, Project Office, KC Marg, Mount Mary, Bandra West, Mumbai, Maharashtra 400050, India"
619,1424.pdf,26/04/2025,22:00,27/04/2025,04:00," एम एस आर डी सी , वांद्रे, पश्‍चिम Aas 5 0,   ","MSRDC, Bandra, West Aas 50,",19.0594726,72.8314809,"50, Turner Rd, Bandra West, Mumbai, Maharashtra 400050, India"
620,1428.pdf,14/01/2025,00:35,14/01/2025,00:35," उत्तर वाहीनी, टर्नर रोड, वांद्रे पमुंबई 50 , ","Uttar Vahini, Turner Road, Bandra Mumbai 50,",19.0561996,72.8332061,"Elco Market, B/107, Hill Rd, Ranwar, Bandra West, Mumbai, Maharashtra 400050, India"
621,1425.pdf,27/04/2025,20:00,27/04/2025,20:00," एल्को मार्केट, हिल रोड,, वांद्रे प मुबंई 50,   ","ELCO MARKET, HILL ROAD,, BANDRA P MUMBAI 50,",19.139536,72.9238392,"Kombadi Galli, Farid Nagar, Bhandup West, Mumbai, Maharashtra 400078, India"
622,1423.pdf,26/04/2025,22:00,27/04/2025,04:00," माहीम कडुन बांद्रे वरळी सिर्लीक, कडे जाणारी रस्ता कोबडी गल्ली , वांद्रे प मुंबई ,  ","From Mahim to Bandra Worli Sirlik, Road to Kobadi Galli, Bandra P Mumbai,",19.0455254,72.8247111,"Kadeshwari Mandir Rd, Mount Mary, Bandra West, Mumbai, Maharashtra 400050, India"
623,1427.pdf,14/09/2024,00:00,14/09/2024,00:00," ब्रिगेड काँटेज, सिमेट्री रोड,, Healt मंदीर मार्ग, बांद्रा , वांद्रे प मुबंई ,   ","Brigade Contage, Cemetery Road,, Health Mandir Marg, Bandra, Bandra P Mumbai,",19.0511024,72.83596109999999,"Nargis Dutt Nagar, Reclamation, Bandra West, Mumbai, Maharashtra 400050, India"
624,1429.pdf,28/04/2025,01:30,28/04/2025,04:30," 901, लालमिठ्ठी, नर्गिस दत्त नगर, , वांद्रे पश्‍चिम, मुंबई 50,   ","901, Lalmitthi, Nargis Dutt Nagar, , Bandra West, Mumbai 50,",19.0595596,72.8295287,"Bandra West, Mumbai, Maharashtra, India"
625,1431.pdf,28/04/2025,17:10,28/04/2025,17:20," कोंबडी गल्ली,, वांद्रे प, मुंबई 50, ","50, KOMBADI GALLI,, BANDRA P, MUMBAI,",19.0572377,72.8422878,"3R4R+VWV, Bairam Naupada, Bandra East, Mumbai, Maharashtra 400051, India"
626,1430.pdf,28/04/2025,12:30,28/04/2025,12:40," 285/E, कुरेशी नगर झोपडपट्टी, , येथील केजीएन रूम समोरील बक-याच, पिंजरा यांचे मधोमध जागी, ,वांद्रे पश्‍चिम मुंबई 50  1 ","285/E, Qureshi Nagar Slum, , Opposite KGN Room at Buck-Yach, Panjra Place, Bandra West Mumbai 50 1",19.060927,72.8465307,"Bandra East, Mumbai, Maharashtra, India"
627,1432.pdf,28/04/2025,16:15,28/04/2025,16:25," लालमिठ्ठी परिसर, वांद्रे प मुंबई 50, ","Lalmithi Precinct, Bandre P Mumbai 50,",19.0595596,72.8295287,"Bandra West, Mumbai, Maharashtra, India"
628,1433.pdf,29/04/2025,05:00,29/04/2025,05:00," ट्रँगल GSC, , वांद्रे, पश्‍चिम, मुंबई 50 , ","Triangle GSC, , Bandra, West, Mumbai 50 ,",19.0535573,72.8367742,"50, Bazar Rd, Madam Wadi, Santosh Nagar, Bandra West, Mumbai, Maharashtra 400050, India"
629,1435.pdf,28/04/2025,23:00,28/04/2025,23:00," 389, डाया आमरसी चाळ,, जैन मंदीर, बाझार रोड, , वांद्रे पश्‍चिम मुंबई 50,   ","389, Dia Amarsi Chal,, Jain Mandir, Bazaar Road, , Bandra West Mumbai 50,",19.0500332,72.8296395,"791, SK Marg, HIG Colony, Nityanand Nagar, ONGC Colony, Bandra West, Mumbai, Maharashtra 400050, India"
630,1434.pdf,29/04/2025,09:00,29/04/2025,09:00," वांद्रे रेल्वेस्टेशन ते, लीलावती हाँस्पीटल समोरील बस, आय ईएसकाँलेज वांद्रे प मुबंई ,   ","From Bandra Railway Station, Bus opposite Lilavati Hospital, IES College Bandra P Mumbai,",19.0510814,72.8305146,"KC Marg, Nityanand Nagar, A Block BKC, Bandra West, Mumbai, Maharashtra 400050, India"
631,1436.pdf,29/04/2025,12:15,29/04/2025,12:15," रुम नं 96, नित्यानंद नगर,, केसी मार्ग, वांद्रे रिक्लिमेश, बस डेपो समोर, वांद्रे पश्‍चिम,   ","Room No 96, Nityanand Nagar,, KC Marg, Bandre Reclaim, Opposite Bus Depot, Bandre West,",19.0574544,72.83364499999999,"3R4M+XFJ, Waterfield Road, Bandra West, Mumbai, Maharashtra 400050, India"
632,1437.pdf,27/04/2025,10:00,27/04/2025,12:30," भाभा रूग्णालय, , वांद्रे पश्‍चिम मुंबई,   ","Bhabha Hospital, , Bandra West Mumbai,",19.0535573,72.8367742,"50, Bazar Rd, Madam Wadi, Santosh Nagar, Bandra West, Mumbai, Maharashtra 400050, India"
633,1438.pdf,30/04/2025,16:30,30/04/2025,16:30," बाजार रोड,, वांद्रे पश्‍चिम मुंबई 50,  ","BAZAAR ROAD,, BANDRA WEST MUMBAI 50,",19.0539656,72.8326935,"Bazar Rd, Bandra West, Mumbai, Maharashtra 400050, India"
634,1440.pdf,14/01/2025,00:15,14/01/2025,00:20," बाजार रोड, जैन मंदिर जवळ ,, वांद्रे प मुंबई 50 ,   ","Bazar Road, Near Jain Mandir,, Bandra P Mumbai 50,",19.0445174,72.8234497,"2RVF+R94, Kadeshwari Mandir Rd, Mount Mary, Bandra West, Mumbai, Maharashtra 400050, India"
635,1441.pdf,30/04/2025,21:00,30/04/2025,21:05," कडेश्वरी झोपडपट्टी, वांद्रे, ,   ","Kadeshwari Slum, Bandra, ,",19.058518,72.835088,"17-A, St Martins Rd, Bandra West, Mumbai, Maharashtra 400050, India"
636,1439.pdf,01/01/2025,22:30,01/01/2025,23:00," फरेरा फ्लँट नं 17/ए , सेंट मार्टीन WS , वांद्रे पश्‍चिम मुंबई 50 ,   ","FERRERA FLAT NO 17/A, ST MARTIN WS, BANDRA WEST MUMBAI 50,",19.0508437,72.83256829999999,"Rahul Nagar, Nityanand Nagar, A Block BKC, Bandra West, Mumbai, Maharashtra 400050, India"
637,1442.pdf,30/04/2025,22:30,30/04/2025,22:30," राहुल नगर , वांद्रे प मुबंई 50,   ","Rahul Nagar, Bandra P Mumbai 50,",19.0539656,72.8326935,"Bazar Rd, Bandra West, Mumbai, Maharashtra 400050, India"
638,1444.pdf,30/04/2025,23:15,30/04/2025,23:15," बाजार रोड, जैन मंदिर जवळ , वांद्रे प मुबंई 50,   ","Bazar Road, Near Jain Temple, Bandra P Mumbai 50,",19.051016,72.8355244,"14, LK Mehta Marg, Reclamation, Bandra West, Mumbai, Maharashtra 400050, India"
639,1443.pdf,30/04/2025,22:30,30/04/2025,22:30," यु ब्रिज खात्री, नर्गिसदत्त नगर,, केसी मार्ग, लालमिट्टि,वांद्रे,   ","U Bridge Surety, Nargisdutta Nagar,, KC Marg, Lalmitti, Bandra,",19.0684453,72.8946296,"3V9V+9VC, Road No 13, Chembur West, Tilak Nagar, Kurla, Mumbai, Maharashtra 400089, India"
640,1446.pdf,30/04/2025,23:50,30/04/2025,23:50," साई बाबा मंदिर,कोलते चाळ,, गणेश मंदिर,बांद्रा प, मुंबई ,   ","Sai Baba Temple, Kolte Chal,, Ganesh Temple, Bandra P, Mumbai,",19.0595596,72.8295287,"Bandra West, Mumbai, Maharashtra, India"
641,1447.pdf,01/05/2025,01:20,01/05/2025,01:20," कोंबडी गल्ली, वांद्रे पश्‍चिम,, ","KOMBDI GALLI, BANDRA WEST,,",19.068694,72.822955,"Rizvi College, Sangeet Samrat Naushad Ali Road, Chuim, Pali Hill, Mumbai, Maharashtra 400050, India"
642,1448.pdf,30/04/2025,08:00,30/04/2025,08:30," वांद्रे रेल्वे स्टेशन येथून , बस क्रमांक 220 ने रिझवी, काँलेज, कार्टर रोड, वांद्रे प,मुंबई 50   ","From Bandra Railway Station, take Bus No. 220 to Rizvi, College, Carter Road, Bandra P, Mumbai 50",19.051016,72.8355244,"14, LK Mehta Marg, Reclamation, Bandra West, Mumbai, Maharashtra 400050, India"
643,1445.pdf,01/05/2025,00:30,01/05/2025,00:30," नर्गिसदत्त नगर, लालमिट्टी,, वांद्रे पश्‍चिम मुंबई 50 , ","Nargisdutt Nagar, Lalmitti,, Bandra West Mumbai 50 ,",19.0616302,72.8307384,"3R6J+M75, 29th Rd, Bandra West, Mumbai, Maharashtra 400050, India"
644,1450.pdf,30/04/2025,20:30,01/05/2025,09:00," प्लॉट नं178,चिंचवाडी,, साने गूरूजी सेवा मंडळ,, 29 वा रोड,वांद्रे पश्‍चिम,मुंबई,   ","Plot No 178, Chinchwadi, Sane Guruji Seva Mandal, 29th Road, Bandra West, Mumbai,",19.0514817,72.8223577,"Pereira Rd, Mount Mary, Bandra West, Mumbai, Maharashtra 400050, India"
645,1451.pdf,14/01/2025,01:00,14/01/2025,01:05," बिट क्र3, माउंट मेरी पोलीस, चौकीजवळ, परेरा रोड,, बांद्रा प मुंबई, ","Bit No.3, Mount Mary Police, Near Chowki, Perera Road, Bandra P Mumbai,",19.0123537,72.8314798,"Sayani Rd, Mumbai, Maharashtra, India"
646,1452.pdf,01/01/2025,05:05,01/01/2025,05:20," सयानी रोड,, सारथी बार जवळ, प्रभादेवी, मुंबई ,   ","Sayani Road,, Near Sarathi Bar, Prabhadevi, Mumbai,",19.0595596,72.8295287,"Bandra West, Mumbai, Maharashtra, India"
647,1449.pdf,21/04/2025,00:00,21/04/2025,00:00," 45/एफ/बी, मेरीबाई काँलनी, , चँपल्र रोड, वांद्रे प,मुंबई 50,   ","45/F/B, MARYBAI KALNI, , CHAMPLAR ROAD, BANDRA P, MUMBAI 50,",19.139536,72.9238392,"Kombadi Galli, Farid Nagar, Bhandup West, Mumbai, Maharashtra 400078, India"
648,1457.pdf,31/01/2025,22:00,01/02/2025,04:00," कोंबडी गली,, वान्द्रे प, मुंबई ,  1 ","KOMBDI GALI,, BANDER P, MUMBAI, 1",19.0595596,72.8295287,"Bandra West, Mumbai, Maharashtra, India"
649,1456.pdf,31/01/2025,23:00,01/02/2025,02:00," कोंबडी गल्ली,, वांद्रे पश्‍चिम, मुंबई 50, ","50, KOMBDI GALLI, BANDRA WEST, MUMBAI,",19.060927,72.8465307,"Bandra East, Mumbai, Maharashtra, India"
650,1455.pdf,31/01/2025,20:00,01/02/2025,02:00," कोबंडी गल्ली, लालमीट्टी, वांद्रे प मुंबई , ","Kobandi Galli, Lalmitty, Bandre P Mumbai,",19.0128749,72.83129540000002,"25, Sayani Rd, Dadar West, Prabhadevi, Mumbai, Maharashtra 400025, India"
651,1453.pdf,08/12/2024,13:09,08/12/2024,13:20," सयानी रोड, , प्रभादेवी, , मुंबई 25,   ","Sayani Road, , Prabhadevi, , Mumbai 25,",19.0115221,72.83435419999999,"Tilak Bhavan, Kakasaheb Gadgil Marg, Babasaheb Ambedkar Nagar, Mumbai, Maharashtra 400025, India"
652,1454.pdf,14/03/2025,19:00,14/03/2025,19:10," काकासाहेब गाडगीळ मार्ग,, लोकमान्यनगर, प्रियदर्षनी सोसा, प्रभादेवी,दादर प मुंबई400025,टिळकभवन जवळ   ","Kakasaheb Gadgil Marg, Lokmanya Nagar, Priyadarshani Sosa, Prabhadevi, Dadar P Mumbai 400025, Near Tilak Bhavan",19.0614152,72.8387058,"4th Floor, Kakad Bhavan, WESTERN RAILWAY STAFF COLONY, 30th Rd, opposite Gaiety Galaxy Cinema, Western Railway Staff Colony, Tata Blocks, Bandra West, Mumbai, Maharashtra 400050, India"
653,1461.pdf,01/02/2025,13:00,01/02/2025,13:00," गेटी गलक्‍्सी वांद्रे पश्‍चिम,,   ",Getty Galaxy Bandra West,19.051016,72.8355244,"14, LK Mehta Marg, Reclamation, Bandra West, Mumbai, Maharashtra 400050, India"
654,1459.pdf,05/01/2025,16:45,05/01/2025,16:45," यु ब्रीज चे खाली,नर्गिस दत्त , नगर झोपडपट्टी,लाल मीट्टी झोपड, पट्टी परीसर, वांद्रे पश्‍चिम, म,   ","Below U Bridge, Nargis Dutt, Nagar Slum, Lal Mitti Slum, Patti Parisar, Bandra West, M,",19.0595596,72.8295287,"Bandra West, Mumbai, Maharashtra, India"
655,1458.pdf,01/02/2025,03:30,01/02/2025,03:50," 2/80, स्लाटर हाउस कंपांउंड,, , वांद्रे पश्‍चिम, मुंबई 50,   ","2/80, Slaughter House Compound,, , Bandra West, Mumbai 50,",19.0614152,72.8387058,"4th Floor, Kakad Bhavan, WESTERN RAILWAY STAFF COLONY, 30th Rd, opposite Gaiety Galaxy Cinema, Western Railway Staff Colony, Tata Blocks, Bandra West, Mumbai, Maharashtra 400050, India"
656,1460.pdf,01/02/2025,13:00,01/02/2025,13:00," गेटी गलक्‍्सी वांद्रे पश्‍चिम,   ","Getty Galaxy Bandra West,",19.0606485,72.825025,"3R6G+722, St John Rd, Pali Hill, Mumbai, Maharashtra 400050, India"
657,1462.pdf,11/01/2025,08:30,13/01/2025,08:00," अँन्थनी गरेजजवळ, न्यु कांतवाड, वांद्रे पश्‍चिम मुंबई,   ","NEAR ANTHONY GARAGE, NEW KANTWAD, BANDRA WEST MUMBAI,",19.0614152,72.8387058,"4th Floor, Kakad Bhavan, WESTERN RAILWAY STAFF COLONY, 30th Rd, opposite Gaiety Galaxy Cinema, Western Railway Staff Colony, Tata Blocks, Bandra West, Mumbai, Maharashtra 400050, India"
658,1464.pdf,01/02/2025,13:00,01/02/2025,13:00," गेटी गलक्‍्सी टाँकीजसमोर,, 30 वा रस्ता, वांद्रे पश्‍चिम मु,   ","Opposite Getty Galaxy Tanks,, 30th Road, Bandra West Mu,",19.0576959,72.8341509,"3R5M+3MC, Waterfield Road, opposite Bhaba Hospital, Bandra West, Mumbai, Maharashtra 400050, India"
659,1467.pdf,31/01/2025,10:00,01/02/2025,12:00," वांद्रे पोलीस वसाहत,, भाभा हाँस्पीटलजवळ वांद्रे पश,   ","Bandra Police Colony, Near Bhabha Hospital Bandra Pasha,",19.0515721,72.83463139999999,"Reclamation, Bandra West, Mumbai, Maharashtra, India"
660,1471.pdf,01/02/2025,21:00,01/02/2025,21:00," कोंबडी गल्ली, , वांद्रे रिकक्‍लेमेशन,, वांद्रे पश्‍चिम, मुंबई 50 , ","KOMBDI GALLI, , BANDRA RECLAMATION,, BANDRA WEST, MUMBAI 50 ,",19.0616261,72.8307692,"29th Rd, Bandra West, Mumbai, Maharashtra 400050, India"
661,1463.pdf,01/02/2025,13:30,01/02/2025,14:00," मेहर बाय प्रिटी स्टोअर 29 रोड, वांद्रे प मुंबई,   ","MEHAR BY PRETTY STORE 29 ROAD, BANDRA P MUMBAI,",18.9071594,72.81048779999999,"26, Dr Homi Bhabha Rd, Army Area, Navy Nagar, Colaba, Mumbai, Maharashtra 400005, India"
662,1466.pdf,08/10/2023,11:00,28/04/2025,00:00," पी-78/4, डाँ होमी बाबा रोड नेव्ही , पहिला मजला एमईएस Fics, कुलाबा मुंबई, ","P-78/4, Dr Homi Baba Road Navy, 1st Floor MES Fics, Colaba Mumbai,",19.0614152,72.8387058,"4th Floor, Kakad Bhavan, WESTERN RAILWAY STAFF COLONY, 30th Rd, opposite Gaiety Galaxy Cinema, Western Railway Staff Colony, Tata Blocks, Bandra West, Mumbai, Maharashtra 400050, India"
663,1465.pdf,01/02/2025,13:00,01/02/2025,13:00," गेटी गलक्‍्सी टाँकीजसमोर,, , 30 वा रस्ता, वांद्रे पश्‍चिम ,   ","Opposite Getty Galaxy Tanks,, 30th Road, Bandra West,",19.0418807,72.85782499999999,"Transit Camp, Rajiv Gandhi Nagar, Dharavi, Mumbai, Maharashtra 400017, India"
664,1470.pdf,01/02/2025,22:00,01/02/2025,22:00," लियाकत गॅरेज समोर, , ट्रान्झीट कॅम्प,, वाद्रे पश्‍चिम मुंबई - 50 ,   ","Opposite Liaquat Garage, Transit Camp, Vadre West Mumbai - 50,",19.0595596,72.8295287,"Bandra West, Mumbai, Maharashtra, India"
665,1468.pdf,01/02/2025,14:30,01/02/2025,14:30," यु ब्रीज खाली, वांद्रे प, म, ","Under U Bridge, Bandra W, M,",19.0595596,72.8295287,"Bandra West, Mumbai, Maharashtra, India"
666,1472.pdf,05/01/2025,21:00,05/01/2025,21:00," काँजवे ब्रिजखात्री, , वांद्रे पश्‍चिम, मुंबई 50 , ","Kanjway Brijkhatri, , Bandra West, Mumbai 50 ,",19.0772858,72.8674286,"3VG8+WX7, Church Rd, Kolivery Village, Kunchi Kurve Nagar, Kalina, Santacruz East, Mumbai, Maharashtra 400029, India"
667,1474.pdf,01/02/2025,23:30,01/02/2025,23:30," शास्त्रीनगर,, बी एम सी मैदान,, वांद्रे पश्‍चिम, मुंबई 50 ,   ","Shastrinagar,, BMC Maidan,, Bandra West, Mumbai 50 ,",19.0541116,72.8374122,"shop no 8, God Gift Tower, opp. lucky hotel, Madam Wadi, Santosh Nagar, Bandra West, Mumbai, Maharashtra 400050, India"
668,1473.pdf,13/01/2025,11:30,13/01/2025,11:30," डायमंड ज्युस सेंटर माजीज , हॉटेलजवळ, बाझार रोड, वांद्रे पश्‍चिम मुंबई 50 ,  ","Diamond Juice Center Majestic, Near Hotel, Bazaar Road, Bandre West Mumbai 50,",19.0543881,72.8248109,"92-A, Hill Rd, opp. St. Andrews Church, Old Rajaram Wadi, Ranwar, Bandra West, Mumbai, Maharashtra 400050, India"
669,1476.pdf,01/02/2025,23:00,02/02/2025,01:00," खोजा फ्लोरिस्ट,, बांद्रा पश्‍चिम, मुंबई 50 , ","Khoja Florist,, Bandra West, Mumbai 50 ,",18.9323252,72.83230209999999,"189, Veer Nariman Rd, Kala Ghoda, Fort, Mumbai, Maharashtra 400001, India"
670,1478.pdf,15/08/2024,14:00,15/03/2025,15:00," 189, वीर नरीमन रोड, जनता काँलनी , वरळी कोळीवाडा ,मुंबई 30   ","189, Veer Nariman Road, Janta Kalani, Worli Koliwada, Mumbai 30",19.0353849,72.8423036,"Mahim, Mumbai, Maharashtra, India"
671,1477.pdf,02/02/2025,01:30,02/02/2025,01:30," कोंबडी गल्ली, माहीम काँजवे,, बांद्रा पश्‍चिम मुंबई 50, ","KOMBDI GALLI, MAHIM KANJAVE,, BANDRA WEST MUMBAI 50,",19.0747329,72.84354619999999,"Unnamed Road, Golibar Rd, Khar, Golibar, Khar East, Mumbai, Maharashtra 400055, India"
672,1480.pdf,10/01/2025,18:00,01/02/2025,17:30," बी एम सी पंप हाउसजवळ,, धवलगंगा बिल्डींगजवळ वांद्रे पश,   ","Near BMC Pump House,, Near Dhawalganga Building, Bandre Push,",19.0543881,72.8248109,"92-A, Hill Rd, opp. St. Andrews Church, Old Rajaram Wadi, Ranwar, Bandra West, Mumbai, Maharashtra 400050, India"
673,1475.pdf,01/02/2025,23:00,02/02/2025,01:00," खोजा फ्लोरिस्ट, , बांद्रा पश्‍चिम, मुंबई 50, ","Khoja Florist, , Bandra West, Mumbai 50,",19.0434614,72.82465739999999,"2RVF+9VM, Bandra Worli Sea Link Flyover, Mount Mary, Bandra West, Mumbai, Maharashtra 400050, India"
674,1479.pdf,02/02/2025,07:00,02/02/2025,07:00," सि लिंकचे टोल प्लाझाचे , पुलाचे खाली खात्री वर्सोवा बांद, सिं लिंकवांद्रे प मुं 50, ","Sea Link Toll Plaza, Under Bridge Versova Bandh, Sea Link Road 50,",19.05523,72.8320402,"50, Hill Rd, Ranwar, Bandra West, Mumbai, Maharashtra 400050, India"
675,1481.pdf,02/02/2025,21:00,02/02/2025,21:30," स्टोअर राँयल फुटवेअर हिल रोड, वांद्रे पश्‍चिम मुंबई 50 ,   ","Store Royal Footwear Hill Road, Bandre West Mumbai 50,",19.0543881,72.8248109,"92-A, Hill Rd, opp. St. Andrews Church, Old Rajaram Wadi, Ranwar, Bandra West, Mumbai, Maharashtra 400050, India"
676,1482.pdf,02/02/2025,23:00,03/02/2025,01:00," खोजा फ्लोरिस्ट, बांद्रा पश्‍चि, ","Khoja Florist, Bandra West,",,,
677,1483.pdf,03/02/2025,00:15,03/02/2025,00:15," यु ब्रीज जवळ, लाल मिटटी, aie,   ","Near Eu Breeze, Red Clay, Aie,",19.0581574,72.8230983,"New Jaladarshan Society, Chimbai Rd, Near Jogger's Park, Bandra West, Mumbai, Maharashtra 400050, India"
678,1484.pdf,01/12/2023,00:00,30/06/2024,00:00," 702, न्यु जलदर्शन बिल्डींग, ए-विंग, पेरी wa रोड,, बांद्रा वेस्ट मुंबई, ","702, New Jaldarshan Building, A-Wing, Perry wa Road,, Bandra West Mumbai,",19.0595596,72.8295287,"Bandra West, Mumbai, Maharashtra, India"
679,1487.pdf,03/02/2025,14:30,03/02/2025,14:40," वांद्रे वरळी सी लरिंक,, वांद्रे पश्‍चिम, मुंबई 50 ,  ","Bandra Worli C Larink,, Bandra West, Mumbai 50 ,",19.0614152,72.8387058,"4th Floor, Kakad Bhavan, WESTERN RAILWAY STAFF COLONY, 30th Rd, opposite Gaiety Galaxy Cinema, Western Railway Staff Colony, Tata Blocks, Bandra West, Mumbai, Maharashtra 400050, India"
680,1485.pdf,03/02/2025,14:15,03/02/2025,14:20," गेटी गलेक्सीचे समोर, , वांद्रे पश्‍चिम, मुंबई 50, ","Opposite Getty Galaxy, , Bandra West, Mumbai 50,",19.0353849,72.8423036,"Mahim, Mumbai, Maharashtra, India"
681,1486.pdf,05/01/2025,21:00,06/01/2025,01:00," कोंबडी गल्ली, , माहीम काँजवे,, बांद्रा पश्‍चिम मुंबई 50, ","KOMBDI GALLI, , MAHIM KANJAVE,, BANDRA WEST MUMBAI 50,",19.0353849,72.8423036,"Mahim, Mumbai, Maharashtra, India"
682,1489.pdf,05/02/2025,01:00,05/02/2025,01:00," माहीम खाडी ब्रीज जवळ, खाडी लगत, बीएमसीची लोखंडीचे बँरीकेटींच्य, आडोशाला ,साउथ बॉन्ड वर, ,वांद्रे पश्‍चिम मुंबई 50  1 ","Near Mahim Khadi Bridge, Adjacent to Khadi, Iron Barricades of BMC, Adoshala, On South Bond, Bandra West Mumbai 50 1",19.0451311,72.8227562,"2, G-2, Kadeshwari Mandir Rd, Tabela, Mount Mary, Bandra West, Mumbai, Maharashtra 400050, India"
683,1488.pdf,21/01/2025,13:30,21/01/2025,13:30," 1, जान पाँल अपार्टमेन्ट, फेज , 2, कडेश्वरी मंदिर मार्ग, वान्द,   ","1, Jan Paul Apartments, Phase 2, Kadeshwari Mandir Marg, Vand,",18.9232,72.83158,"Holy Name School, Scindia Society, Police Colony, Apollo Bandar, Colaba, Mumbai, Maharashtra 400001, India"
684,1490.pdf,29/04/2025,19:00,29/04/2025,19:15," बस क्र132, होली नेम बस स्टाँप ते , शामा प्रसाद मुखर्जी चोक , कुलाबा मुंबई,   ","Bus No. 132, Holy Name Bus Stop, Shama Prasad Mukherjee Chowk, Colaba Mumbai,",19.0718236,72.87442,"A-50, Bandra Kurla Complex Rd, Kapadia Nagar, Kurla West, Mumbai, Maharashtra 400070, India"
685,1493.pdf,01/01/2016,00:00,05/02/2025,00:00," हॉटेल ताज AVS एन्डस, वांद्रे प मुं 50,   ","Hotel Taj AVS Endus, 50 Bandra Road,",19.0595596,72.8295287,"Bandra West, Mumbai, Maharashtra, India"
686,1491.pdf,05/02/2025,17:00,05/02/2025,17:21," लालमिठ्ठी परिसर,, वांद्रे प मुंबई 50, ","Lalmitthi Premises,, Bandre P Mumbai 50,",19.0539967,72.83675219999999,"36, Bazar Rd, near Madina Masjid, Madam Wadi, Santosh Nagar, Bandra West, Mumbai, Maharashtra 400050, India"
687,1492.pdf,31/01/2025,00:00,04/02/2025,00:00," रा ठी 201 ,फ्रेंड्स अपार्टमे, ,बिल्डिंग नं 36 ,बाजार रोड, , जैन मंदिर जवळ, बांद्रा पश्‍चिम,मुंबई   ","Road 201, Friends Apartment, Building No. 36, Bazaar Road, Near Jain Temple, Bandra West, Mumbai",19.0523549,72.82512290000001,"100, Hill Rd, Ranwar, Bandra West, Mumbai, Maharashtra 400050, India"
688,1498.pdf,06/02/2025,17:00,06/02/2025,19:30," मेहबुब स्टुडिओ, , बांद्रा पश्‍चिम, मुंबई 50,   ","Mehbub Studio, , Bandra West, Mumbai 50,",28.4058711,77.3289202,"1053, Sector 17, Faridabad, Haryana 121002, India"
689,1499.pdf,02/02/2017,00:00,01/06/2024,00:00," सिंघल हाऊस नंबर 1053,, सेक्टर 17 फरीदाबाद हरीयाणा , राज्य  121002 , ","Singhal House No 1053, Sector 17 Faridabad Haryana State 121002",19.0564642,72.8388961,"shop no 17/A, Nootan nagar chs ltd, Gurunanak Rd, opp. National hotel, Bandra West, Mumbai, Maharashtra 400050, India"
690,1497.pdf,05/02/2025,21:00,06/02/2025,11:00," वस्त्र इनोवेशन इन फँशन, , नुतन नगर, , वांद्रे पश्‍चिम ,मुंबई 50,   ","Vastra Innovation in Fashion, , Nutan Nagar, , Bandra West, Mumbai 50,",19.0551249,72.82726880000001,"St Andrews Rd, Bandra West, Mumbai, Maharashtra 400050, India"
691,1494.pdf,05/02/2025,16:00,05/02/2025,16:15," होली फमीली हस्पीटल, हिल रोड , वांद्रे प मुं,   ","HOLY FAMILY HOSPITAL, HILL ROAD, BANDRA PUM,",19.0539656,72.8326935,"Bazar Rd, Bandra West, Mumbai, Maharashtra 400050, India"
692,1496.pdf,05/02/2025,13:30,05/02/2025,19:30," झेन जस्ट मेक, बाजार रोड, वांद्रे प मुं,   ","Zen Just Make, Bazar Road, Bandra Pm,",19.057083,72.8287108,"St. Andrew's College, Bandra West, Mumbai, Maharashtra 400050, India"
693,1495.pdf,11/01/2025,21:30,11/01/2025,23:30," सेंट अँड्र्युज कॉन्फरन्स हाँल,, अँड्र्युज काँलेज , वांद्रे पश्‍चिम मुंबई,   ","St Andrews Conference Hall, Andrews College, Bandra West Mumbai,",19.0548399,72.84069029999999,"Bandra, Bairam Naupada, Bandra East, Mumbai, Maharashtra 400050, India"
694,1500.pdf,07/02/2025,14:45,07/02/2025,14:50," बांद्रा स्टेशन बस स्टप, बांद्रा प मुंबई ,   ","Bandra Station Bus Stop, Bandra P Mumbai,",19.0595596,72.8295287,"Bandra West, Mumbai, Maharashtra, India"
695,1501.pdf,07/02/2025,17:00,07/02/2025,17:00," लालमिठ्ठी परिसर,, वांद्रे प मुंबई 50, ","Lalmitthi Premises,, Bandre P Mumbai 50,",19.0223592,72.8443541,"Senapati Bapat Marg, Dadar, Mumbai, Maharashtra, India"
696,1502.pdf,14/03/2025,16:00,14/03/2025,16:30," सेनापती बापट रोड, मिनाताई फुल मार्केट, दादर ,मुंबई   ","Senapati Bapat Road, Minatai Full Market, Dadar, Mumbai",19.0575891,72.8314259,"Prof. Almeida Park, Reminess, Prof. Almeda Pk Rd, 8th Rd, Bandra West, Mumbai, Maharashtra 400050, India"
697,1503.pdf,07/02/2025,17:30,07/02/2025,17:30," अल्मेडा पार्क जवळ, वांद्रे पश्‍चिम मुबंई50, ","Near Alameda Park, Bandra West Mumbai 50,",19.0491441,72.8276867,"KC Marg, Bandra West, Mumbai, Maharashtra 400050, India"
698,1504.pdf,06/02/2025,11:00,06/02/2025,11:00," नर्गीस दत्त नगर, , केसीमार्ग, टेलीफोन एक्सरचेजव, मुंबई,   ","Nargis Dutt Nagar, , KC Marg, Telephone Exchange, Mumbai,",19.0353849,72.8423036,"Mahim, Mumbai, Maharashtra, India"
699,1508.pdf,08/02/2025,01:00,08/02/2025,01:00," कोंबडी गल्ली,, माहीम काँजवे, , बांद्रा पश्‍चिम मुंबई 50 , ","KOMBDI GALLI,, MAHIM KANJAVE, , BANDRA WEST MUMBAI 50 ,",19.0353849,72.8423036,"Mahim, Mumbai, Maharashtra, India"
700,1509.pdf,08/02/2025,01:00,08/02/2025,01:00," कोंबडी गल्ली, , माहीम काँजवे, , बांद्रा पश्‍चिम मुंबई 50 , ","KOMBDI GALLI, , MAHIM KANJAVE, , BANDRA WEST MUMBAI 50 ,",19.0551922,72.8347517,"Chinchpokli Rd, Santosh Nagar, Bandra West, Mumbai, Maharashtra 400050, India"
701,1505.pdf,06/02/2025,22:30,07/02/2025,11:00," चिंचपोकळी रोड, , गोन्सालविस वाडी ,, वांद्रे प मुंबई 50,   ","Chinchpokli Road, , Gonsalvis Wadi ,, Bandre P Mumbai 50,",19.0550103,72.82538650000001,"41, 50, Chimbai Rd, Bandra West, Mumbai, Maharashtra 400050, India"
702,1511.pdf,08/02/2025,09:00,08/02/2025,09:10," 07, 2 रा माळा, अल्फा हाउस,, ब्लॉक नं 41/सी, चिंबई रोड,, वांद्रे पश्‍चिम, मुंबई 50, ","07, 2ND FLOOR, ALPHA HOUSE,, BLOCK NO 41/C, CHIMBAI ROAD,, BANDRA WEST, MUMBAI 50,",19.0511024,72.83596109999999,"Nargis Dutt Nagar, Reclamation, Bandra West, Mumbai, Maharashtra 400050, India"
703,1512.pdf,01/01/2025,01:30,01/01/2025,05:00," रुम नं177, चाळ नं 15,, पहिला माळा, नर्गीस दत्त नगर, , बिस्मील्ला शपजवळ, बांद्रा प मु,   ","Room No 177, Chall No 15, 1st Mala, Nargis Dutt Nagar, , Near Bismillah Shop, Bandra P Mu,",19.0338561,72.816723,"Bandra Worli Sea Link Bridge, Mount Mary, Bandra West, Mumbai, Maharashtra 400050, India"
704,1506.pdf,14/01/2025,14:30,14/01/2025,14:30," वांद्रे वरळी सी लिंक,वांद्रे , वांद्रे प मुबंई , ","Bandra Worli Sea Link, Bandra, Bandra P Mumbai,",19.0595596,72.8295287,"Bandra West, Mumbai, Maharashtra, India"
705,1510.pdf,02/02/2025,02:00,04/02/2025,11:00," 38 वा रोड, गेटी Tea , टॉकिज समोर, वान्द्रे प, मुं,   ","38th Road, Getty Tea, Opposite Talkies, Bandra West, Mun.",19.0353849,72.8423036,"Mahim, Mumbai, Maharashtra, India"
706,1507.pdf,08/02/2025,01:00,08/02/2025,01:00," कोंबडी गल्ली, , माहीम काँजवे,, बांद्रा पश्‍चिम मुंबई 50 , ","KOMBDI GALLI, , MAHIM KANJAVE,, BANDRA WEST MUMBAI 50 ,",19.0523549,72.82512290000001,"100, Hill Rd, Ranwar, Bandra West, Mumbai, Maharashtra 400050, India"
707,1513.pdf,06/01/2025,18:00,06/01/2025,18:00," मेहबुब स्टुडिओसमोरील Hie, बांद्रा प, मुंबई 50,  ","Hie Opposite Mehbub Studio, Bandra P, Mumbai 50,",19.0223592,72.8443541,"Senapati Bapat Marg, Dadar, Mumbai, Maharashtra, India"
708,1514.pdf,14/03/2025,16:00,14/03/2025,16:30," सेनापती बापट रोड, मिनाताई फुल मार्केट, दादर ,मुंबई   ","Senapati Bapat Road, Minatai Full Market, Dadar, Mumbai",19.051016,72.8355244,"14, LK Mehta Marg, Reclamation, Bandra West, Mumbai, Maharashtra 400050, India"
709,1515.pdf,08/02/2025,15:00,08/02/2025,15:10," लालमिठ्ठी येथे फुटपाथवरती , बांद्रा प मुंबई , ","On the footpath at Lalmitthi, Bandra P Mumbai,",19.051016,72.8355244,"14, LK Mehta Marg, Reclamation, Bandra West, Mumbai, Maharashtra 400050, India"
710,1516.pdf,08/02/2025,15:00,08/02/2025,15:10," लालमिटटी वांद्रे , वांद्रे पश्‍चिम मुंबई 50 , ","Lalmitti Bandra, Bandra West Mumbai 50,",19.0564895,72.8387903,"A-2, Gurunanak Rd, near National Restaurant, Bandra West, Mumbai, Maharashtra 400050, India"
711,1522.pdf,04/02/2025,20:30,09/02/2025,09:00," रूम नं ए -19, दुसरा माळा, , नूतन नगर को ऑप हो सोसायटी, बांद्रा तलाव समोर, गुरू नानक ,रोड, बांद्रा प, मुंबई 50  1 ","Room No. A-19, 2nd Mala, , Nutan Nagar Co Op Ho Society, Opposite Bandra Lake, Guru Nanak Road, Bandra P, Mumbai 50 1",19.0558286,72.8373322,"Swami Vivekanand Rd, Bandra West, Mumbai, Maharashtra, India"
712,1518.pdf,08/02/2025,22:45,08/02/2025,22:45," बडी मस्जीद च्या जवळ,, एसव्ही रोड,, बांद्रा प ,   ","Near Badi Masjid, SV Road, Bandra P,",19.0353849,72.8423036,"Mahim, Mumbai, Maharashtra, India"
713,1521.pdf,09/02/2025,01:00,09/02/2025,01:00," कोंबडी गल्ली, माहीम काँजवे, बांद्रा पश्‍चिम मुंबई 50 , ","KOMBDI GALLI, MAHIM KANJAVE, BANDRA WEST MUMBAI 50 ,",19.0595596,72.8295287,"Bandra West, Mumbai, Maharashtra, India"
714,1519.pdf,09/02/2025,00:10,09/02/2025,00:10," शास्त्री नगर परीसरात, बांद्रा बस डेपो , वांद्रे प मुं,   ","Shastri Nagar Premises, Bandra Bus Depot, Bandra Pm,",19.0594726,72.8314809,"50, Turner Rd, Bandra West, Mumbai, Maharashtra 400050, India"
715,1517.pdf,14/01/2025,01:50,14/01/2025,03:00," बेग बँरो स्टुडिओ प्लँट नं01, तळमजला, न्युशंक ,, टर्नर रोड, ,बांद्रा पश्‍चिम,मुंबई 50 ","Beg Barro Studio Plant No.01, Ground Floor, Newshank,, Turner Road, Bandra West, Mumbai 50",19.048281,72.82511199999999,"Mount Mary Steps, Mount Mary, Bandra West, Mumbai, Maharashtra 400050, India"
716,1520.pdf,08/02/2025,22:00,09/02/2025,03:00," परेरा चौकी, माऊन्ट , मेरी स्टेप्स, , वान्द्रे प, मुंबई,  ","Perera Chowki, Mount , Mary Steps, , Bandre P, Mumbai,",19.0479326,72.8268879,"25, Suman Apartments, west bus depot, KC Marg, Reclamation, Bandra West, Mumbai, Maharashtra 400050, India"
717,1523.pdf,09/02/2025,11:30,09/02/2025,13:00," नेवल डिसुझा फुटबाँल ग्राउंड, पार्किंग, वांद्रे रिक्‍लेमेशन, , वांद्रे पश्‍चिम, मुंबई,   ","Naval D'Souza Football Ground, Parking, Bandra Reclamation, , Bandra West, Mumbai,",19.0595596,72.8295287,"Bandra West, Mumbai, Maharashtra, India"
718,1524.pdf,20/01/2025,00:00,20/01/2025,15:27," वांद्रे पश्‍चिम, मुंबई,   ","Bandra West, Mumbai,",18.9597509,72.83781499999999,"Dongri, Umerkhadi, Mumbai, Maharashtra 400009, India"
719,1526.pdf,14/04/2025,20:00,14/04/2025,20:30," वाडीबंदर, फ्री-वे उतरणीच्या बा, बिपीटी पार्कींग शेजारी, झोप, डोंगरी, मुंबई 09,   ","Wadibandar, Free-way exit, Beside BPT Parking, Jop, Dongri, Mumbai 09,",19.0524576,72.82198369999999,"50, BJ Road, Ranwar, Bandra West, Mumbai, Maharashtra 400050, India"
720,1525.pdf,09/02/2025,20:00,09/02/2025,20:10," Te बिल्डींगच्या समोरील , बस स्टाँप, बीजे रोड, , वांद्रे पश्‍चिम, मुंबई 50,   ","Opposite Te Building, Bus Stand, BJ Road, Bandra West, Mumbai 50,",19.1954106,72.86573229999999,"5VW8+579, Kandivali, Hanuman Nagar, Kandivali East, Mumbai, Maharashtra 400101, India"
721,1530.pdf,10/02/2025,00:00,10/02/2025,01:30," माउंटमेरी पोलीस चौकी , बिट क्र-3, परेरा रोड,, बांद्रा प मुंबई ,  ","MOUNTMARY POLICE CHOWKI, BIT NO-3, PERERA ROAD, BANDRA P MUMBAI,",19.0353849,72.8423036,"Mahim, Mumbai, Maharashtra, India"
722,1531.pdf,09/02/2025,21:00,10/02/2025,02:00," कोंबडी गल्ली, माहीम कजवे, , बांद्रा प, ","KOMBDI GALLI, MAHIM KAJVE, , BANDRA P,",19.0510479,72.8385002,"50, Swami Vivekanand Rd, Near Jama Masjid, C Block BKC, Qurese Nagar, Bandra West, Mumbai, Maharashtra 400050, India"
723,1528.pdf,14/01/2025,18:45,14/01/2025,18:45," लकी हाँटेलजवळ, , एस व्ही रोड वर, , वांद्रे पश्‍चिम, मुंबई 50,   ","NEAR LUCKY HOTEL, , ON SV ROAD, , BANDRA WEST, MUMBAI 50,",19.0498586,72.8351883,"Western Express Hwy, Bandra West, Mumbai, Maharashtra, India"
724,1527.pdf,06/01/2025,18:45,06/01/2025,18:45," वेस्टर्न एक्सप्रेस हायवे ,, साउथ बॉन्ड यु ब्रिज जवळ ,, वांद्रे प मुंबई ,   ","Western Express Highway,, Near South Bond U Bridge,, Bandra P Mumbai,",24.8937383,74.6382635,"Street Number 3, Chandan Pura, Chittorgarh, Rajasthan 312001, India"
725,1532.pdf,01/03/2023,00:00,04/10/2024,00:00," feat कलनी, छीपा मोहल्ला,, गल्ली नं3, रतन बाग जवळ, , चित्तोडगढ, जिल्हा चित्तोडगढ, ,राजस्थान  ","feat Kalni, Chhipa Mohalla,, Galli No. 3, Near Ratan Bagh, , Chittorgarh, District Chittorgarh, ,Rajasthan",19.0575891,72.8314259,"Prof. Almeida Park, Reminess, Prof. Almeda Pk Rd, 8th Rd, Bandra West, Mumbai, Maharashtra 400050, India"
726,1529.pdf,08/02/2025,18:00,08/02/2025,18:10," विनरीटा बिल्डींगच्या मुख्य , गेटजवर, अल्मेडा पार्क, , बांद्रा प मुंबई ","Main Gate of Vinreta Building, Alameda Park, Bandra, Mumbai",19.051016,72.8355244,"14, LK Mehta Marg, Reclamation, Bandra West, Mumbai, Maharashtra 400050, India"
727,1534.pdf,09/02/2025,22:30,10/02/2025,05:00," यु ब्रिज खाली, केसी मार्ग, लालमिट्टि, वांद्रे प मुबंई,  ","Below U Bridge, KC Marg, Lalmitti, Bandra P Mumbai,",19.0605659,72.8303384,"Premalaya, 16th Rd, near Guru Nanak Park, Bandra West, Mumbai, Maharashtra 400050, India"
728,1533.pdf,14/01/2025,22:30,15/01/2025,05:30," प्रेमालया बिल्डींगच्या समोर,, गुरूनानक पार्क जवळ, 16 वा रोड, वांद्रे प मुबंई,   ","Opp Premalaya Building,, Near Guru Nanak Park, 16th Road, Bandra P Mumbai,",19.0541202,72.8284443,"Waroda Rd, Ranwar, Bandra West, Mumbai, Maharashtra 400050, India"
729,1535.pdf,18/12/2024,12:40,18/12/2024,12:40," Safer अपार्टमेन्टचे टेरीसवरून, वरोडा रोड, बांद्रा पश्‍चिम, मु,   ","From Terrace of Safer Apartments, Waroda Road, Bandra West, Mu.",19.0595596,72.8295287,"Bandra West, Mumbai, Maharashtra, India"
730,1536.pdf,10/02/2025,10:15,10/02/2025,10:15," वांद्रे हायवे साऊथ बॉन्ड , वांद्रे प मुं 50,   ","Bandra Highway South Bond, Bandra Pm 50,",19.0516479,72.83949799999999,"falak seva mandal Maulana Baba Lane, 3R2Q+MQ5, behind Jama Masjid, C Block BKC, Bandra West, Mumbai, Maharashtra 400050, India"
731,1541.pdf,04/01/2025,23:00,05/01/2025,09:00," फलकसेवा मंडळ मैदान, वांद्रे पश्‍चिम, मुंबई 50 ,   ","Falakseva Mandal Maidan, Bandra West, Mumbai 50,",19.0585097,72.8332135,"1st Rd, TPS 4, Bandra West, Mumbai, Maharashtra 400050, India"
732,1542.pdf,06/03/2024,00:00,29/01/2025,16:31," 08, सन किस्ट/विंडलिफ ,, पहिला रस्ता, टीपीएस 4,, पहिला माळा, वॉटरफिल्ड रोड,,बांद्रा पश्‍चिम, मुंबई--400050   ","08, SUN KIST/WINDLIFE,, FIRST ROAD, TPS 4,, FIRST FLOOR, WATERFIELD ROAD,,BANDRA WEST, MUMBAI--400050",19.017085,72.8423396,"Upendra Nagar, Senapati Bapat Marg, Dadar East, Dadar, Mumbai, Maharashtra 400028, India"
733,1538.pdf,01/08/2023,12:00,15/03/2025,19:00," 06तळमजला, सेनापती बापट मार्ग, उपेन्द्रनगर, सेनापती बापट मार, दादर रेल्वे ब्रीजजवळ,दादर प मुंबई   ","06 Ground Floor, Senapati Bapat Marg, Upendranagar, Senapati Bapat Mar, Near Dadar Railway Bridge, Dadar P Mumbai",19.0551942,72.83733149999999,"S.V. Road, Bandra West, Mumbai, Maharashtra 400050, India"
734,1540.pdf,23/11/2022,00:00,29/01/2025,15:56," 04, तळ मजला, अंतुबाई ब्लॉक,, 170,सागा शॉपिंग सेन्टर समोर,, एस व्ही रोड,बांद्रा वेस्ट,मुंबई-400050   ","04, GROUND FLOOR, ANTUBAI BLOCK,, 170, OPPOSITE SAGA SHOPPING CENTRE,, SV ROAD, BANDRA WEST, MUMBAI-400050",19.0418892,72.81835939999999,"Byramji Jeejeebhoy Road, Bandstand Promenade, Mount Mary, Bandra West, Mumbai, Maharashtra 400050, India"
735,1539.pdf,14/01/2025,20:30,14/01/2025,20:30," बांद्रा किल्ल्याचे मागील बाजूस, कडेश्वरी मंदिर जवळ, , वांद्रे पश्‍चिम,  मुंबई 50, ","Behind Bandra Fort, Near Kadeshwari Temple, , Bandra West, Mumbai 50,",18.9581934,72.8320729,"Mumbai, Maharashtra, India"
736,1537.pdf,13/08/2024,00:00,10/02/2025,00:00," 701, रहेजा कमल, प्लॉट 202 , टीपीएस 03,28 वा Wa, वादे प मुंबई 50,   ","701, Raheja Kamal, Plot 202, TPS 03, 28th Wa, Vade P Mumbai 50,",19.056377,72.82395670000001,"rabiya mansion, 44, Chimbai Rd, near Shop no 3, Chimbai Village, Bandra West, Mumbai, Maharashtra 400050, India"
737,1543.pdf,30/01/2024,00:00,29/01/2025,17:35," राबिया मेन्शन, 44 ,चिंबई रोड,, कोळीवाडा, बांद्रा पश्‍चिम, मुंबई -,-400050   ","Rabia Mansion, 44, Chimbai Road, Koliwada, Bandra West, Mumbai -,-400050",19.0472352,72.8402625,"Fisherman Colony, 2RWR+V4R, Ramgad, Mahim West, Mahim, Mumbai, Maharashtra 400016, India"
738,1544.pdf,05/02/2025,10:30,10/02/2025,23:30," फ्लँट क्र, 22,कांचन को-ऑप हाउसिंग सोसा, बिल्डींग नं 13, HIG कलनी, , Rated बस डेपो जवळ,,के सी रोड,वांद्रे पश्‍चिम मुंबई-400050   ","Flat No, 22, Kanchan Co-op Housing Sosa, Building No 13, HIG Kalni, , Near Rated Bus Depot,, KC Road, Bandre West Mumbai-400050",19.051016,72.8355244,"14, LK Mehta Marg, Reclamation, Bandra West, Mumbai, Maharashtra 400050, India"
739,1545.pdf,11/02/2025,16:30,11/02/2025,16:40," के सी मार्ग, एमटीएनएल, समोर, लालमिट्टी,, वांद्रे प,मुंबई,  ","KC Marg, MTNL, Opposite, Lalmitti,, Bandra P, Mumbai,",19.0595596,72.8295287,"Bandra West, Mumbai, Maharashtra, India"
740,1546.pdf,11/02/2025,17:00,11/02/2025,17:10," पाली नाकयाजवळ, , बॉम्बे स्टीटजवळ, बांद्रा पश्‍चिम, मुंबई 50 ,  ","Near Pali Nakaya, , Near Bombay St, Bandra West, Mumbai 50 ,",19.0536345,72.8336849,"Highland Court Apartments, Santosh Nagar, Bandra West, Mumbai, Maharashtra 400050, India"
741,1548.pdf,09/02/2025,17:30,09/02/2025,17:30," हाईलन्ड कोर्ट बिल्डींग मधील , वाँचमेन रूम, बाझार रोड , वांद्रे प मुबंई,   ","WATCHMEN'S ROOM, BAZAR ROAD, BANDRA, MUMBAI, IN HIGHLAND COURT BUILDING",19.0444997,72.8200037,"Agnel Technical Education, Bandstand Promenade, Mount Mary, Bandra West, Mumbai, Maharashtra 400050, India"
742,1549.pdf,12/02/2025,16:00,12/02/2025,16:00," फादर अँन्गेल बस स्टाँपवरून , केन रोड वांद्रे पश्‍चिम मुंबई,   ","From Father Angel Bus Stand, Kane Road Bandra West Mumbai,",19.0609346,72.8232834,"Perry Cross Rd, Bandra West, Mumbai, Maharashtra 400050, India"
743,1547.pdf,20/04/2024,00:00,29/10/2024,00:00," 202, कल्पक हॉँरमस, पेरी क्रॉस रोड,, वांद्रे प, मुंबई,   ","202, KALPAK HONRAMUS, PERRY CROSS ROAD,, BANDRA P, MUMBAI,",18.9158353,72.8245589,"Rambhau Salgaonkar Rd & Shahid Bhagat Singh Rd, Cuffe Parade, Mumbai, Maharashtra 400005, India"
744,1552.pdf,30/04/2025,23:10,30/04/2025,23:15," एस बी एस रोड, साळगावकर जंक्शन, कुलाबा मुंबई,   ","SBS Road, Salgaonkar Junction, Colaba Mumbai,",19.051016,72.8355244,"14, LK Mehta Marg, Reclamation, Bandra West, Mumbai, Maharashtra 400050, India"
745,1551.pdf,14/01/2025,21:30,14/01/2025,21:30," लव्ह मुबंई गार्डन, , ब्रिज खाली, लालमिट्टि, , वांद्रे पश्‍चिम मुबंई 50,   ","Love Mumbai Garden, , Under Bridge, Lalmitti, , Bandra West Mumbai 50,",19.0455254,72.8247111,"Kadeshwari Mandir Rd, Mount Mary, Bandra West, Mumbai, Maharashtra 400050, India"
746,1550.pdf,01/01/2025,05:30,01/01/2025,05:30," डोमिनोझ पिझासमोर,, weet मंदीर मार्ग, , बांद्रा पश्‍चिम, मुंबई ,   ","Opposite Domino's Pizza,, weet Mandir Marg, , Bandra West, Mumbai ,",19.0595596,72.8295287,"Bandra West, Mumbai, Maharashtra, India"
747,1553.pdf,12/02/2025,16:30,12/02/2025,16:30," लालमिठ्ठी परिसर, वांद्रे प मु, ","Lalmitthi Precinct, Bandra PMU,",19.0459022,72.8209537,"Kane Rd, Mount Mary, Bandra West, Mumbai, Maharashtra 400050, India"
748,1554.pdf,12/02/2025,18:00,12/02/2025,18:00," सिस्टर बंगलो बस 211स्टॉपवरून, केन रोड वांद्रे पश्‍चिम मुंबई,   ","From Sister Bungalow Bus 211 Stop, Kane Road Bandra West Mumbai,",19.0510479,72.8385002,"1, 50, Swami Vivekanand Rd, Near Jama Masjid, C Block BKC, Qurese Nagar, Bandra West, Mumbai, Maharashtra 400050, India"
749,1555.pdf,07/01/2025,02:30,07/01/2025,02:30," लकी हाँटेलजवळील सिग्नल, एसव्ही रोड, वांद्रे पश्‍चिम, मुंबई 50,  1 ","Signal Near Lucky Hotel, SV Road, Bandra West, Mumbai 50, 1",19.0479366,72.8270418,"B.N.D. Reclamation Bus Station, KC Marg, Nityanand Nagar, ONGC Colony, Bandra West, Mumbai, Maharashtra 400050, India"
750,1556.pdf,12/02/2025,20:10,12/02/2025,20:10," नित्यानंदनगर झोपडपटटी, , रिक्लेमेशन बस डेपोसमोर, , वांद्रे प, मंबई, ","Nityanandnagar Slum, , Opposite Reclamation Bus Depot, , Bandra P, Mumbai,",19.0560816,72.82403750000002,"Chimbai Village, Bandra West, Mumbai, Maharashtra 400050, India"
751,1557.pdf,11/02/2025,15:00,11/02/2025,17:00," 106, ओम साई अपार्टमेंट, , दिलखुश अपार्टमेंट जवळ, , चिंबई, वांद्रे प मुबंई 50 ,   ","106, Om Sai Apartment, , Near Dilkush Apartment, , Chimbai, Bandra P Mumbai 50 ,",,,
752,1559.pdf,29/01/2025,00:00,29/01/2025,00:00," ट्रायोस , रोज मेरी अपा ,वांद्रेप मुं ,   ","Trios, Rose Mary Apa, Vandrep Mum,",19.051016,72.8355244,"14, LK Mehta Marg, Reclamation, Bandra West, Mumbai, Maharashtra 400050, India"
753,1558.pdf,13/02/2025,02:15,13/02/2025,02:15," यु ब्रीज जवळ, लाल मिटटी, वांद्रे प, मुंबई-50 ,   ","Near U Bridge, Lal Mitti, Bandre P, Mumbai-50,",19.0539656,72.8326935,"Bazar Rd, Bandra West, Mumbai, Maharashtra 400050, India"
754,1562.pdf,15/01/2025,00:15,15/01/2025,00:15," बाजार रोड,, जैन मंदिर जवळ ,, वांद्रे पश्‍चिम मुंबई 50,   ","Bazaar Road,, Near Jain Temple,, Bandra West Mumbai 50,",18.9581934,72.8320729,"Mumbai, Maharashtra, India"
755,1560.pdf,13/02/2025,16:50,13/02/2025,16:50," लालमिठ्ठी परिसर,, द्रे प मुंबई 50 , ","Lalmitthi Precinct,, Dr. Mumbai 50,",19.0353849,72.8423036,"Mahim, Mumbai, Maharashtra, India"
756,1561.pdf,13/02/2025,18:00,13/02/2025,18:00," खेरवाडीकडुन माहीम काँजवे कडे, जाणारा रस्ता, वांद्रे प मुबंई 50, ","From Kherwadi to Mahim Kanjwe Road, Bandra P Mumbai 50,",19.0625008,72.8308923,"16th Rd, Khar West, Mumbai, Maharashtra 400050, India"
757,1563.pdf,13/02/2025,18:30,13/02/2025,18:30," तिसावा रस्ता ते मिया कबाब , वांद्रे पश्‍चिम मुंबई 50,  1 ","Tisava Rasta to Mia Kebab, Bandra West Mumbai 50, 1",19.0595596,72.8295287,"Bandra West, Mumbai, Maharashtra, India"
758,1565.pdf,14/02/2025,01:15,14/02/2025,01:15," THY नगर, IS स्टण्ड,, वांद्रे प मुबंई 50,   ","THY NAGAR, IS STAND,, BANDRA P MUMBAI 50,",19.0188076,72.8172173,"Golfa Devi Temple Rd, Koliwada, Worli, Mumbai, Maharashtra 400030, India"
759,1564.pdf,16/03/2025,16:00,16/03/2025,16:20," गोल्फादेवी रोड, वरळी कोळीवाडा,, मुंबई - 400030,   ","Golfadevi Road, Worli Koliwada,, Mumbai - 400030,",19.0545819,72.8344499,"50, Chinchpokli Rd, Santosh Nagar, Bandra West, Mumbai, Maharashtra 400050, India"
760,1566.pdf,13/02/2025,18:30,14/02/2025,04:10," SIFT मर्कन्टाईल को , Hes बक चिंचपोकळी रोड, वांद्रे पश्‍चिम मुबई 50,  ","SIFT Mercantile Co, Hes Buck Chinchpokli Road, Bandra West Mumbai 50,",19.059534,72.8214028,"Jogger's Park, Sangeet Samrat Naushad Ali Rd, Bandra West, Mumbai, Maharashtra 400050, India"
761,1567.pdf,13/02/2025,20:00,14/02/2025,10:00," वांद्रे जाँगर्स पार्कजवळ,, कार्टर रोड वांद्रे पश्‍चिम मुंब,   ","NEAR JANGERS PARK BANDRA, CARTER ROAD BANDRA WEST MUMB,",19.051016,72.8355244,"14, LK Mehta Marg, Reclamation, Bandra West, Mumbai, Maharashtra 400050, India"
762,1568.pdf,07/01/2025,11:00,07/01/2025,11:00," वांद्रे वाहतुक विभाग कार्यालय,, रिक्‍लेमेशन ब्रिज खाली, , लाल मिट्टी » वांद्रे पश्‍चिम मुंबई 50 ","Bandra Transport Department Office, Below Reclamation Bridge, Lal Mitti » Bandra West Mumbai 50",19.0595596,72.8295287,"Bandra West, Mumbai, Maharashtra, India"
763,1571.pdf,14/02/2025,16:15,14/02/2025,16:20," लालमिठ्ठी परिसर,, वांद्रे प मुंबई 50 ,  ","Lalmitthi Premises,, Bandre P Mumbai 50 ,",19.1386175,72.8451695,"Swami Vivekanand Rd, India"
764,1569.pdf,14/02/2025,10:15,14/02/2025,10:20," इंडीयल ऑईल पेट्रोल पंप जवळ, , एस व्ही रोड, वांद्रे प मुंबई ,   ","Near Indian Oil Petrol Pump, , SV Road, Bandra P Mumbai ,",19.0515721,72.83463139999999,"Reclamation, Bandra West, Mumbai, Maharashtra, India"
765,1570.pdf,13/02/2025,17:00,13/02/2025,17:00," बांद्रा रिक्‍लेमेशन, बांद्रा प मुंबई 50,   ","Bandra Reclamation, Bandra P Mumbai 50,",19.0595596,72.8295287,"Bandra West, Mumbai, Maharashtra, India"
766,1572.pdf,14/02/2025,16:20,14/02/2025,16:25," लालमिठ्ठी परिसर,, वांद्रे प मुंबई 50 ,  ","Lalmitthi Premises,, Bandre P Mumbai 50 ,",19.0595596,72.8295287,"Bandra West, Mumbai, Maharashtra, India"
767,1573.pdf,15/01/2025,00:40,15/01/2025,00:40," रस्त्याचे कडेला रिक्षाचे , आडोशाला,समुद्रकिनारी Flas , कोळीवाडा खळयाजवळ,,वांद्रे पश्‍चिम मुंबई 50   ","Roadside Rickshaws, Adoshala, Seaside Flas, Near Koliwada Khalya,, Bandre West Mumbai 50",19.0595596,72.8295287,"Bandra West, Mumbai, Maharashtra, India"
768,1574.pdf,14/02/2025,15:00,14/02/2025,15:05," लालमिठ्ठी परिसर, , वांद्रे प मुंबई 50,  ","Lalmithi Premises, , Bandra P Mumbai 50,",19.060927,72.8465307,"Bandra East, Mumbai, Maharashtra, India"
769,1575.pdf,14/02/2025,16:15,14/02/2025,16:20," लालमिठ्ठी परिसर, वांद्रे प मुंबई 50, ","Lalmithi Precinct, Bandre P Mumbai 50,",19.0138006,72.83413809999999,"97, 02, Bhavani Shankar Rd, opp. ShardhaSharam School, near Central Bank, Dadar West, Mumbai, Maharashtra 400028, India"
770,1576.pdf,08/01/2025,19:10,08/01/2025,20:00," 02, भवानी शंकर रोड , शंकर भवन,प्लाँट नं 97, दादर वेस्ट मुंबई 28,   ","02, Bhawani Shankar Road, Shankar Bhawan, Plant No. 97, Dadar West Mumbai 28,",18.9629314,72.8471169,"Wadi Bandar, Mazgaon, Mumbai, Maharashtra, India"
771,1577.pdf,01/04/2025,22:30,02/04/2025,01:30," मुर्तुजा चेंबर, सिमेन्स हटेल, वाडीबंदर, मुंबई 09,   ","Murtuja Chamber, Siemens Hutel, Wadibandar, Mumbai 09,",19.0353849,72.8423036,"Mahim, Mumbai, Maharashtra, India"
772,1579.pdf,14/02/2025,23:00,15/02/2025,02:00," माहिम काँजवे कडुन कोंबडी गल्ल, कडे जाणारा रस्ता, माता बालक , पुतळयाजवळ, वांद्रे पश्‍चिम, मु,  ","From Mahim Kanjwe Kadun Kombadi Gall, Road To, Mata Balak, Near Statue, Bandra West, Mu,",19.059906,72.8773938,"Qureshi Nagar, Kurla, Mumbai, Maharashtra, India"
773,1578.pdf,14/02/2025,17:31,14/02/2025,17:31," सार्वजनिक शौचालयाजवळील गेटजवळ , कुरेशी नगर, वांद्रेप मुंबई-,  ","NEAR GATE NEAR PUBLIC TOILET , KURESHI NAGAR, WANDREP MUMBAI-,",19.0458854,72.821935,"50, Kane Rd, Mount Mary, Bandra West, Mumbai, Maharashtra 400050, India"
774,1580.pdf,14/02/2025,23:00,14/02/2025,23:00," बन्डस्टड, केन रोड, , वांद्रे पष्चिम, मुंबई 50, ","BUNDSTUD, KANE ROAD, , BANDRA WEST, MUMBAI 50,",19.0527321,72.8369151,"1, Madam Wadi, Santosh Nagar, Bandra West, Mumbai, Maharashtra 400050, India"
775,1581.pdf,15/02/2025,03:10,15/02/2025,03:10," माहीम काँजवे, बांद्रा पश्‍चिम म,  1 ","Mahim Kanjwe, Bandra West, 1",19.0510539,72.8388575,"3R2Q+CGH, C Block BKC, Bandra West, Mumbai, Maharashtra 400050, India"
776,1582.pdf,07/01/2025,17:45,07/01/2025,17:45," कुरेशी नगर मैदान येथिल , सार्वजनिक शौचालयाच्या , भिंतीच्या आडोशाला,,वांद्रे पश्‍चिम मुंबई 50  ","Near Qureshi Nagar Maidan, Public Toilet, Wall Adoshala, Bandre West Mumbai 50",19.05523,72.8320402,"50, Hill Rd, Ranwar, Bandra West, Mumbai, Maharashtra 400050, India"
777,1583.pdf,15/02/2025,12:30,15/02/2025,12:30," हिल रोड,, वांद्रे पश्‍चिम मुंबई 50 ,   ","HILL ROAD,, BANDRA WEST MUMBAI 50 ,",19.0552104,72.83253719999999,"Shop No. 1, BEAU PRIDE, Beaupride Apartment, 49, Hill Rd, Ranwar, Bandra West, Mumbai, Maharashtra 400050, India"
778,1585.pdf,15/02/2025,13:00,15/02/2025,13:00," ट्रायोज शोरूम समोर , हिल रोड वांद्रे पश्‍चिम, मुंबई,   ","Opposite Trio's Showroom, Hill Road Bandra West, Mumbai,",19.0772858,72.8674286,"3VG8+WX7, Church Rd, Kolivery Village, Kunchi Kurve Nagar, Kalina, Santacruz East, Mumbai, Maharashtra 400029, India"
779,1584.pdf,15/01/2025,00:15,15/01/2025,00:15," शास्त्रीनगर, , बी एम सी मैदान, , वांद्रे पश्‍चिम, मुंबई 50 , ","Shastri Nagar, , BMC Maidan, , Bandra West, Mumbai 50 ,",19.0552006,72.8308311,"Hill Rd, Bandra West, Mumbai, Maharashtra 400050, India"
780,1587.pdf,15/02/2025,16:00,15/02/2025,16:00," हिलरोड , , वांद्रे पश्‍चिम , ","Hillroad, , Bandra West,",19.0614446,72.8368915,"3, 30th Rd, next to Amarsons, Bandra West, Mumbai, Maharashtra 400050, India"
781,1586.pdf,28/01/2025,03:30,28/01/2025,03:30," व्हिला रोझा, प्लॉट नं 75, टीपीएस ll Fae नं 03,, 30 वा रोड, वान्द्रे प, मुंबई,   ","Villa Rosa, Plot No 75, TPS ll Fae No 03,, 30th Road, Bandre P, Mumbai,",19.0595596,72.8295287,"Bandra West, Mumbai, Maharashtra, India"
782,1588.pdf,16/02/2025,00:15,16/02/2025,00:20," शास्त्रीनगर, बीएमसी मैदाना, जवळ भिंतीच्या आडोशाला,, वांद्रे पश्‍चिम, मुंबई 50 , ","Shastri Nagar, BMC Maidana, Near Wall Adoshala,, Bandra West, Mumbai 50 ,",19.0515721,72.83463139999999,"Reclamation, Bandra West, Mumbai, Maharashtra, India"
783,1591.pdf,15/02/2025,23:00,16/02/2025,02:00," कोबंडी गल्ली रेक्लेमेशन , वांद्रे पश्‍चिम, मुंबई 50, ","Kobandi Galli Reclamation, Bandra West, Mumbai 50,",19.0468707,72.8234835,"Mount Mary, Bandra West, Mumbai, Maharashtra 400050, India"
784,1590.pdf,16/02/2025,00:30,16/02/2025,00:40," माउंटमेरी, वांद्रे पोलीस , बीट क्र 03 चौकी समोर,, बांद्रा पश्‍चिम मुंबई 50 , ","Mount Mary, Bandra Police, Beat No 03 Opposite Chowki,, Bandra West Mumbai 50,",19.012455,72.822231,"Babasaheb Worlikar Chowk, Swatantryaveer Savarkar Rd, Adarsh Nagar, Worli, Mumbai, Maharashtra 400025, India"
785,1589.pdf,16/03/2025,07:00,16/03/2025,07:15," थापर हाउस समोर, बाबासाहेब वरळीकर चौक,बसस्टाँप वरळी मुंबई ","Opposite Thapar House, Babasaheb Worlikar Chowk, Bus Stand Worli Mumbai",19.051016,72.8355244,"14, LK Mehta Marg, Reclamation, Bandra West, Mumbai, Maharashtra 400050, India"
786,1592.pdf,16/02/2025,16:15,16/02/2025,16:24," लालमिठ्ठी परिसर, वांद्रे ,पश्‍चिम मुंबई 50 ","Lalmitthi Area, Bandra, West Mumbai 50",19.0566661,72.8377008,"Bandra Talao, Bandra West, Mumbai, Maharashtra 400050"
787,1594.pdf,16/02/2025,17:00,16/02/2025,17:00," पंजाब नॅशनल बँकसमोर,, उत्तरवाहीनी बांद्रा तलाव जवळ, वांद्रे प,   ","Opp.Punjab National Bank,,Near Bandra Lake North, Bandra W,",19.0595596,72.8295287,"Bandra West, Mumbai, Maharashtra, India"
788,1593.pdf,16/02/2025,17:15,16/02/2025,17:15," लालमिठ्ठी परिसर, वांद्रे, प मुझुखबई 50 ,  ","Lalmithi Premises, Bandra, P Muzukhbai 50,",19.0595596,72.8295287,"Bandra West, Mumbai, Maharashtra, India"
789,1595.pdf,15/01/2025,09:40,15/01/2025,10:10," बर्गरीकिग हाँटेलजवळ,, वरसकर मार्ग, , वांद्रे, पश्‍चिम, मंबई, ","Near Burgerkig Hotel,, Varaskar Marg, , Bandra, West, Mumbai,",19.0595596,72.8295287,"Bandra West, Mumbai, Maharashtra, India"
790,1596.pdf,08/01/2025,03:00,08/01/2025,03:00," बन्ड स्टन्ड बांद्रा प मुंबई,  ","Bond Stand Bandra P Mumbai,",19.0510043,72.8293225,"A-791, Bandra Reclamation Rd, General Arunkumar Vaidya Nagar, Bandra West, Mumbai, Maharashtra 400050, India"
791,1597.pdf,16/02/2025,18:30,16/02/2025,22:00," लीलावती हॉस्पीटल जवळील जनरल, अरूणकुमार वैदय क्रीडांगण च्या , वांद्रे पश्‍चिम , मुंबई 50 ,   ","50, Arunkumar Vaidya Playground, General, Near Lilavati Hospital, Bandra West, Mumbai.",19.0790239,72.9080122,"Ghatkopar, Sindhu Wadi, Ghatkopar East, Mumbai, Maharashtra 400077, India"
792,1598.pdf,16/02/2025,20:30,16/02/2025,20:30," लिलावती हाँस्पीटल कडून , घाटकोपर कडे जाताना रेल्वे ब्री, च्या आधी वांद्रे पश्‍चिम,  ","From Lilavati Hospital, on the way to Ghatkopar, before the railway bridge, Bandra West,",19.0595596,72.8295287,"Bandra West, Mumbai, Maharashtra, India"
793,1599.pdf,17/02/2025,00:40,17/02/2025,00:40," शास्त्रीनगर, बीएमसी मैदाना जवळ, भिंतीच्या आडोशाला, , वांद्रे पश्‍चिम, मुंबई 50 , ","Shastri Nagar, Near BMC Ground, Adoshala of Wall, , Bandra West, Mumbai 50 ,",19.0595596,72.8295287,"Bandra West, Mumbai, Maharashtra, India"
794,1602.pdf,16/02/2025,22:00,17/02/2025,02:00," कोंबडी गल्ली, पश्‍चिम दुतगती , मार्गकडे जाणारा रस्ता, येणारा रस्ता, वांद्रे पश्‍चिम, , ","KOMBDI GALLI, PASCHIM DUTGATI , ROAD TO MARG, ROAD TOWARDS, BANDRA WEST, ,",18.9578038,72.83707749999999,"XR5P+4RG, 2nd Flank Road, Chinchbunder, Dongri, Mumbai, Maharashtra 400009, India"
795,1601.pdf,19/04/2025,09:30,19/04/2025,23:15," हबीब स्कुल, केसरबाग च्या विरुध, डोंगरी, मुंबई   ","Opposite Habib School, Kesar Bagh, Dongri, Mumbai",19.0514817,72.8223577,"Pereira Rd, Mount Mary, Bandra West, Mumbai, Maharashtra 400050, India"
796,1600.pdf,16/02/2025,22:00,17/02/2025,02:00," माउंटमेरी पोलीस चैकी बिटक्र-3, परेरा रोड, बांद्रा प मुंबई, ","Mount Mary Police Station Bitkr-3, Perera Road, Bandra P Mumbai,",19.0498503,72.83165149999999,"01 Rahul Nagar, Nityanand Nagar, Reclamation, Bandra West, Mumbai, Maharashtra 400050, India"
797,1603.pdf,17/04/2023,00:00,17/06/2024,00:00," रूम नं 02, राहुल नगर,, रेक्लेमेशन वांद्रे , पश्‍चिम मुंबई 50,   ","Room No 02, Rahul Nagar,, Reclamation Bandra, West Mumbai 50,",19.0561996,72.8332061,"Elco Market, B/107, Hill Rd, Ranwar, Bandra West, Mumbai, Maharashtra 400050, India"
798,1605.pdf,17/02/2025,08:50,17/02/2025,09:00," एल्को मार्केटसमोर , हिल रोड, मुंबई,   ","Opposite Elco Market, Hill Road, Mumbai,",19.0482143,72.8202909,"BJ Road, Bandra West, Mumbai, Maharashtra 400050, India"
799,1608.pdf,18/02/2025,00:30,18/02/2025,00:30," छत्री गार्डन बी जे रोड, वांद्रे प मुबंई 50,   ","Chhatri Garden BJ Road, Bandra P Mumbai 50,",19.0468707,72.8234835,"Mount Mary, Bandra West, Mumbai, Maharashtra 400050, India"
800,1610.pdf,30/10/2024,00:00,06/02/2025,00:00," गोरा को ऑप होऊ सो, तळ मजला ,डॉ पीटर डायस रोड ,, माऊंट मेरी पीटर डायस अपार्टमेट,बांद्रा पश्‍चिम Aas --400050   ","Gora Ko Op Hoo So, Ground Floor, Dr. Peter Dyce Road,, Mount Mary Peter Dyce Apartment, Bandra West Aas --400050",19.0468707,72.8234835,"Mount Mary, Bandra West, Mumbai, Maharashtra 400050, India"
801,1612.pdf,18/02/2025,00:30,18/02/2025,12:15," 303, 3 रा माळा, लुईसा अपार्टमेंट, सेंट जाँन बाप्टिस्ट रोड,, माउंटमेरी स्टेप्स, वांद्रे मुं,   ","303, 3RD FLOOR, LOUISA APARTMENT, ST JOHN BAPTIST ROAD,, MOUNTMARY STEPS, BANDRA MU,",19.0599727,72.8222188,"Carter Rd, Bandra West, Mumbai, Maharashtra 400050, India"
802,1609.pdf,08/01/2025,15:00,08/01/2025,15:00," कात्रज गार्डनजवळ, कार्टर रोड, , वांद्रे प, मुंबई , ","Near Katraj Garden, Carter Road, , Bandra P, Mumbai ,",19.0720024,72.8229417,"Off Carter Rd, Khar, Khar West, Mumbai, Maharashtra 400052, India"
803,1607.pdf,11/02/2025,20:45,11/02/2025,20:45," राजेश खन्ना यांच्या बंगल्याजवळ, कमीशनर ऑफीसजवळ, कार्टर रोड,, बांद्रा प मुबंई, ","NEAR RAJESH KHANNA'S BUNGALOW, NEAR COMMISSIONER'S OFFICE, CARTER ROAD, BANDRA P MUMBAI,",19.1548694,72.8578994,"6/22, Mhada Vanrai Colony, Aarey Milk Colony, Goregaon, Mumbai, Maharashtra 400065, India"
804,1604.pdf,16/02/2025,22:35,16/02/2025,22:40," नेस्को Biot क्रमांक 6 मध्ये ,, वनराई ,गोरेगावं, पुर्व मुंबई,   ","In Nesco Biot No. 6, Vanrai, Goregaon, East Mumbai,",19.0595596,72.8295287,"Bandra West, Mumbai, Maharashtra, India"
805,1606.pdf,15/01/2025,09:00,15/01/2025,09:00," पंजाब सिंध पनीर,, Bie हाँटेल समोर,, वांद्रे पश्‍चिम, मुंबई 50,   ","Punjab Sindh Paneer,, Opposite Bie Hotel,, Bandra West, Mumbai 50,",19.0595596,72.8295287,"Bandra West, Mumbai, Maharashtra, India"
806,1611.pdf,18/02/2025,15:15,18/02/2025,15:15," 6 बी प्रायमस,3 रा माळा,स्टेट, बंक ऑफ इंडियाच्या वरच्या ,मजल्यावर, वांद्रे पश्‍चिम मुंबई   ","6B Primus, 3rd Mala, State, Above Bank of India, Floor, Bandra West Mumbai",19.0551355,72.83176929999999,"Bindiya Apartment, Ramdas Nayak Marg, Ranwar, Bandra West, Mumbai, Maharashtra 400050, India"
807,1614.pdf,01/08/2024,00:00,18/02/2025,00:00," शाप नंबर 1, 8 व 9, , बिंदीया अपार्टमेंट हिल रोड, , बांद्रा पश्‍चिम मुंबई 400050 , ","Shop No. 1, 8 & 9, , Bindia Apartment Hill Road, , Bandra West Mumbai 400050 ,",19.0595596,72.8295287,"Bandra West, Mumbai, Maharashtra, India"
808,1616.pdf,16/02/2025,20:00,16/02/2025,20:00," गाडी जास्मीन स्टोअर सेंट, फ्रांसीस ए सी सी चर्च , वांद्रे प मुबंई 50,  ","GADI JASMINE STORE ST, FRANCIS ACC CHURCH, BANDRA P MUMBAI 50,",19.018923,72.8184981,"Worli Village, Worli, Mumbai, Maharashtra 400030, India"
809,1613.pdf,16/03/2025,10:30,16/03/2025,11:00," महाकाली नगर, वरळी गाव,वरळी मुंबई   ","Mahakali Nagar, Worli Village, Worli Mumbai",19.0595596,72.8295287,"Bandra West, Mumbai, Maharashtra, India"
810,1618.pdf,19/02/2025,14:15,19/02/2025,14:15," बर्गरीकिग हाँटेलजवळ,, वरसकर मार्ग, वांद्रे, पश्‍चिम,, ","NEAR BURGARIKIG HOTEL,, VARASKAR MARG, BANDRA, WEST,,",19.0514817,72.8223577,"Pereira Rd, Mount Mary, Bandra West, Mumbai, Maharashtra 400050, India"
811,1617.pdf,15/01/2025,15:30,15/01/2025,15:35," परेरा रोड,मांउट मेरी , बीट चैकी जवळ , वांद्रे पश्‍चिम मुबंई50, ","Perera Road, Mount Mary, Near Beit Chaiki, Bandra West Mumbai 50,",19.0595596,72.8295287,"Bandra West, Mumbai, Maharashtra, India"
812,1615.pdf,19/02/2025,02:15,19/02/2025,02:20," शास्त्रीनगर, बीएमसी मैदाना जवळ, भिंतीच्या आडोशात्रा,, वांद्रे पश्‍चिम, मुंबई 50,   ","Shastri Nagar, Near BMC Ground, Adoshatra, Bandra West, Mumbai 50,",19.0595596,72.8295287,"Bandra West, Mumbai, Maharashtra, India"
813,1619.pdf,19/02/2025,15:15,19/02/2025,15:15," लालमिठ्ठी परिसर, वांद्रे प म, ","Lalmithi Premises, Bandra P.M.,",19.0595596,72.8295287,"Bandra West, Mumbai, Maharashtra, India"
814,1620.pdf,19/02/2025,16:15,19/02/2025,16:15," लालमिठ्ठी परिसर, वांद्रे प म, ","Lalmithi Premises, Bandra P.M.,",19.0445203,72.8381418,"2RVQ+R72 Mahim Causeway, Lady Jamshedji Rd, Mahim Koliwada, Mahim West, Mahim, Mumbai, Maharashtra 400050, India"
815,1621.pdf,19/02/2025,10:30,19/02/2025,10:30," बांद्रा पुर्व येथुन दुकानाचे , उधारीचे पैसे वेस्टर्न एक्स, प्रेस हायवेवर घेवुन येत असतांन,माहीम कजवेच्या पुढे यु ब्रीज  ","From Bandra East, you can get shop, loan money at Western X, Press Highway, U Bridge next to Mahim Kazway.",19.0595596,72.8295287,"Bandra West, Mumbai, Maharashtra, India"
816,1622.pdf,08/01/2025,15:20,08/01/2025,15:20," लालमिठ्ठी परिसर, वांद्रे प मुंबई 50 , ","Lalmithi Premises, Bandre P Mumbai 50,",19.0595596,72.8295287,"Bandra West, Mumbai, Maharashtra, India"
817,1623.pdf,19/02/2025,23:30,19/02/2025,23:30," चाळ नं 19 व 20 च्या मधील , ल्ली, ट्रान्झिंट कम्प,, वांद्रे पश्‍चिम, मुंबई 50 , ","Between Chall No. 19 & 20, Lilli, Transit Comp., Bandra West, Mumbai 50,",19.0548399,72.84069029999999,"Bandra, Bairam Naupada, Bandra East, Mumbai, Maharashtra 400050, India"
818,1624.pdf,20/02/2025,13:20,20/02/2025,13:20," वांद्रे रेल्वे स्टशेन परिसर,, वांद्रे प मुबंई 50,  Beat No. (बीट क्र.): ","Bandra Railway Station Complex,, Bandra P Mumbai 50, Beat No. (Beat No.):",19.0595596,72.8295287,"Bandra West, Mumbai, Maharashtra, India"
819,1626.pdf,21/02/2025,01:56,21/02/2025,01:56," Faas मार्ग, fas रोड,, वांद्रे पश्‍चिम, मुंबई 50,   ","Faas Marg, fas road,, Bandra West, Mumbai 50,",18.9597509,72.83781499999999,"Dongri, Umerkhadi, Mumbai, Maharashtra 400009, India"
820,1625.pdf,22/04/2025,09:00,22/04/2025,10:00," 07/01, बनातवाला बिल्डींग,पोष्ट ऑफिस, जवळ, उमरखाडी, डोंगरी, मुंबई ,   ","07/01, Banatwala Building, Post Office, Near Umarkhadi, Dongri, Mumbai,",19.0539656,72.8326935,"Bazar Rd, Bandra West, Mumbai, Maharashtra 400050, India"
821,1627.pdf,21/02/2025,07:30,21/02/2025,07:30," नुरी TT ऑफ कंम्पनीज यांचे, नुरी होरीझन, मखलाई पार्क,, बझार रोड, वांद्रे पश्‍चिम, मुं,   ","of Nuri TT of Companies, Nuri Horizon, Makhlai Park,, Bazar Road, Bandra West, Mun.",19.0595596,72.8295287,"Bandra West, Mumbai, Maharashtra, India"
822,1629.pdf,21/02/2025,17:21,21/02/2025,17:21," लालमिठ्ठी परिसर, वांद्रे प , मुंबई 50 या ठिकाणी  ","Lalmithi Premises, Bandra P, Mumbai at 50",19.139536,72.9238392,"Kombadi Galli, Farid Nagar, Bhandup West, Mumbai, Maharashtra 400078, India"
823,1632.pdf,21/02/2025,22:00,22/02/2025,00:30," कोंबडी गल्ली,, ae Recerca, , वांद्रे पश्‍चिम, मुंबई 50, ","Kombadi Galli,, ae Recerca, , Bandra West, Mumbai 50,",19.0595596,72.8295287,"Bandra West, Mumbai, Maharashtra, India"
824,1630.pdf,21/02/2025,17:30,21/02/2025,17:30," लालमिठ्ठी परिसर, वांद्रे प ,मुबई 50 ठिकाणी ","Lalmithi area, Bandra P, Mumbai at 50 locations",19.0513393,72.83235069999999,"3R3M+23F, Rangsharda Marg, Bandra Reclamation Flyover, near Lilavati Hospital, Nityanand Nagar, A Block BKC, Bandra West, Mumbai, Maharashtra 400050, India"
825,1628.pdf,15/01/2025,14:30,15/01/2025,14:35," रंगशारदा हाँटेल जवळ , नरर्गीस दत्त नगर,केसी मार्ग , वांद्रे, पश्‍चिम, मंबई, ","Near Rangsharada Hotel, Narrgis Dutt Nagar, KC Marg, Bandra, West, Mumbai,",19.139536,72.9238392,"Kombadi Galli, Farid Nagar, Bhandup West, Mumbai, Maharashtra 400078, India"
826,1631.pdf,21/02/2025,17:00,21/02/2025,17:00," कोंबडी गल्ली जवळ, रिक्लेमेशन ब्रिजखाली,, लालमिटटी, वांद्रेप  मुंबई-50 ,  ","Near Kombadi Galli, Under Reclamation Bridge,, Lalmitti, Wandrep Mumbai-50,",19.0543881,72.8248109,"92-A, Hill Rd, opp. St. Andrews Church, Old Rajaram Wadi, Ranwar, Bandra West, Mumbai, Maharashtra 400050, India"
827,1633.pdf,21/02/2025,23:00,22/02/2025,01:00," खोजा फ्लोरिस्ट,, बांद्रा पश्‍चिम, मुंबई 50, ","Khoja Florist, Bandra West, Mumbai 50,",19.0624465,72.82679089999999,"Supéreme artveda, 50, Pali Mala Rd, Bandra West, Mumbai, Maharashtra 400050, India"
828,1635.pdf,08/01/2025,16:30,08/01/2025,16:30," पालीनाका बांद्रा पश्‍चिम, मुंबई-50,  ","Palinaka Bandra West, Mumbai-50,",19.05523,72.8320402,"50, Hill Rd, Ranwar, Bandra West, Mumbai, Maharashtra 400050, India"
829,1634.pdf,22/02/2025,08:00,22/02/2025,08:00," एल्को मार्केट समोर, हिल रोड,, वांद्रे पष्चिम मुंबई 50, ","Opposite Elco Market, Hill Road, Bandra West Mumbai 50,",19.0552006,72.8308311,"Hill Rd, Bandra West, Mumbai, Maharashtra 400050, India"
830,1638.pdf,22/02/2025,15:30,22/02/2025,15:30," हिल रोड,वांद्रे पश्‍चिम मुंबई ,  ","Hill Road, Bandre West Mumbai,",19.018923,72.8184981,"Worli Village, Worli, Mumbai, Maharashtra 400030, India"
831,1637.pdf,16/03/2025,22:30,16/03/2025,23:00," महाकाली नगर, वरळी गाव, वरळी मुंबई,   ","Mahakali Nagar, Worli Village, Worli Mumbai,",18.9112903,72.8189652,"Sadhu Vaswani Marg, Mumbai, Maharashtra, India"
832,1640.pdf,22/02/2025,16:30,22/02/2025,16:30," साधू वासवाणी चैक,, वांदे पश्‍चिम, मुंबई 50,  ","Sadhu Vaswani Chaik, Vande West, Mumbai 50,",19.0595596,72.8295287,"Bandra West, Mumbai, Maharashtra, India"
833,1636.pdf,22/02/2025,13:55,22/02/2025,13:55," णे नंदी गल्ली, वांद्रे, पश्‍चिम, ","Ne Nandi Galli, Bandra, West,",19.050516,72.8213832,"Bandstand Promenade, Bandra West, 400050, India"
834,1639.pdf,15/01/2025,15:30,15/01/2025,15:35," बण्डस्टंड, वांद्रे पश्‍चिम, म,   ","Bundstand, Bandra West, M,",19.0595596,72.8295287,"Bandra West, Mumbai, Maharashtra, India"
835,1641.pdf,22/02/2025,22:40,22/02/2025,22:50," SHE रिपब्लीक आयस्क्रीम, शाँपच्या समोर पात्रीनाका , वांद्रे प मुंबई,   ","SHE REPUBLIC ICE CREAM, Opposite Shamp Patrinaka, Bandra P Mumbai,",19.0515721,72.83463139999999,"Reclamation, Bandra West, Mumbai, Maharashtra, India"
836,1642.pdf,22/02/2025,22:00,22/02/2025,22:10," कोंबडी गल्ली, वांद्रे, रिक्लेमेशन, वांद्रे , वांद्रे पश्‍चिम, मुंबई, ","Kombadi Galli, Bandra, Reclamation, Bandra, Bandra West, Mumbai,",19.0515721,72.83463139999999,"Reclamation, Bandra West, Mumbai, Maharashtra, India"
837,1643.pdf,22/02/2025,23:00,23/02/2025,03:00," कोंबडी गल्ली, वांद्रे , रिक्‍लेमेशन,वांद्रे पश्‍चिम, मुं, ","Kombadi Galli, Bandra, Reclamation, Bandra West, Mun,",19.139536,72.9238392,"Kombadi Galli, Farid Nagar, Bhandup West, Mumbai, Maharashtra 400078, India"
838,1646.pdf,23/02/2025,23:00,24/02/2025,01:00," कोंबडी गल्ली, वांद्रे Recta, वांद्रे पषिचम, मुंबई 50, ","50, Kombadi Galli, Bandre Recta, Bandre Pashicham, Mumbai,",19.0491441,72.8276867,"KC Marg, Bandra West, Mumbai, Maharashtra 400050, India"
839,1644.pdf,23/02/2025,13:20,23/02/2025,13:20," के सी मार्ग ट्रँगल vise, , वांद्रे पश्‍चिम, मुंबई 50, ","KC Marg Triangle vise, , Bandra West, Mumbai 50,",19.0489832,72.820672,"BJ Road, Bandra West, 400050, India"
840,1645.pdf,23/02/2025,20:30,23/02/2025,20:30," मन्नत बंगल्यासमोरील बस स्टाँप, बी जे रोड,वांद्रे पश्‍चिम,मुं,   ","Bus Stand Opposite Mannat Bungalow, BJ Road, Bandre West, Mun,",19.0595596,72.8295287,"Bandra West, Mumbai, Maharashtra, India"
841,1648.pdf,01/01/2025,12:30,01/01/2025,13:00," व्हरायटी स्टोअर्स जवळ, बाजारा, वांद्रे प मुबंई 50,  ","Near Variety Stores, Bazaar, Bandra P Mumbai 50,",18.9565751,72.8403865,"Nandalal Jani Rd & Sholapur St, Dana Bandar, Mandvi, Mumbai, Maharashtra 400009, India"
842,1649.pdf,24/04/2025,00:20,24/04/2025,01:05," सोलापुर स्ट्रीट, नंदलाल, जानी रोड जंक्षन वाडीबंदर , मुंबई,   ","Solapur Street, Nandlal, Jani Road Junction Wadibandar, Mumbai,",19.0602719,72.8362006,"Shop no.14, mall, 24th&33rd road, Bandra West, Mumbai, Maharashtra 400050, India"
843,1652.pdf,19/02/2025,01:00,19/02/2025,07:00," शाप क्र14, रिझवी गार्डन जवळ ,, मिनारा मस्जिद समोर,, रिक्‍लेमेशन रोड,,बांद्रा पश्‍चिम,मुंबई 50   ","Shop No.14, Near Rizvi Garden,, Opposite Minara Masjid,, Reclamation Road,, Bandra West, Mumbai 50",19.139536,72.9238392,"Kombadi Galli, Farid Nagar, Bhandup West, Mumbai, Maharashtra 400078, India"
844,1647.pdf,23/02/2025,22:00,24/02/2025,02:30," कोंबडी गल्ली, वेस्टर्न एक्सप्र, वांद्रे प मुबंई50, ","KOMBDI GALLI, WESTERN EXPRESS, BANDRA P MUMBAI 50,",19.0559138,72.8345271,"Matrix Complex, 51, Hill Rd, Santosh Nagar, Bandra West, Mumbai, Maharashtra 400050, India"
845,1650.pdf,15/01/2025,16:25,15/01/2025,16:30," बाटा शौरूमजवळ, हिलरोड, , वांद्रे, पश्‍चिम, मंबई , ","Near Bata Showroom, Hillroad, , Bandra, West, Mumbai ,",19.0551998,72.8243492,"SHEKRI HOUSE,, 112, Chimbai Rd, behind St. Andrew's Church, Bandra West, Mumbai, Maharashtra 400050, India"
846,1651.pdf,15/12/2024,10:30,15/12/2024,10:30," 112 चिंबई ,, सेंन्ट न्डूज चर्चच्या , पाठीमागे, चिंबई ,,बांद्रा पश्‍चिम मुंबई 50  ","112 CHIMBAI ,, BEHIND ST NDO'S CHURCH, CHIMBAI ,, BANDRA WEST MUMBAI 50",19.0544038,72.8375416,"1st Rd, S.V. Road, Bandra West, Mumbai, Maharashtra 400050, India"
847,1653.pdf,28/11/2024,00:00,28/11/2024,00:00," रूम नं 202, साई सागर सोस, सोसायटी, वांद्रे पश्‍चिम,,मुंबई 400050   ","Room No 202, Sai Sagar Sos, Society, Bandra West, Mumbai 400050",19.0595596,72.8295287,"Bandra West, Mumbai, Maharashtra, India"
848,1655.pdf,25/02/2025,08:00,25/02/2025,08:00," सार्वजनिक सुलभ शौचालय, लालमिटी, बांद्रा प, मुंबई ;   ","Public Accessible Toilet, Lalmithi, Bandra P, Mumbai ;",19.0556421,72.83324680000001,"Ground Floor, Mezzanine and lower, Ground floor, Shop No. 1, 2, High peak chs ltd, 3 & 4 Hilton, Hill Rd, opp. Elco Arcade, W, Bandra West, Mumbai, Maharashtra 400050, India"
849,1656.pdf,25/02/2025,14:30,25/02/2025,14:30," कोटक महिंद्रा बंक समोर,, हिल रोड, वांद्रे पश्‍चिम, मुं,   ","Opp Kotak Mahindra Bunk,, Hill Road, Bandra West, Mun,",19.0552006,72.8308311,"Hill Rd, Bandra West, Mumbai, Maharashtra 400050, India"
850,1654.pdf,24/02/2025,20:30,24/02/2025,20:30," Vat स्टुडीओ, चेरी फिक शाँप जवळ, हिल रोड, वांद्रे प मुबंई,   ","Vat Studio, Near Cherry Fick Shampoo, Hill Road, Bandra, Mumbai,",19.0595596,72.8295287,"Bandra West, Mumbai, Maharashtra, India"
851,1658.pdf,25/02/2025,14:30,25/02/2025,14:30," लालमिठ्ठी परिसर, वांद्रे प मु, ","Lalmitthi Precinct, Bandra PMU,",19.0595596,72.8295287,"Bandra West, Mumbai, Maharashtra, India"
852,1657.pdf,25/02/2025,14:35,25/02/2025,14:35," लव्ह गार्डन परिसर, कोंबडी गल्ल, वांद्रे प मुबंई 50,  ","Love Garden Complex, Kombadi Gall, Bandra P Mumbai 50,",19.059334,72.8281503,"St Cyril Rd, Bandra West, Mumbai, Maharashtra 400050, India"
853,1659.pdf,28/07/2023,16:00,01/01/2024,00:00," फलट क्रमांक 601,602 6वा माळा , काॉँझ-इन बिल्डींग सेंट सिरिल , रोड वांद्रे प मुंबई 50 ,   ","Flat No. 601,602 6TH FLOOR, CAUNZ-IN BUILDING ST. CYRIL, ROAD BANDRA P MUMBAI 50,",19.0562415,72.8343024,"355, Ramdas Nayak Marg, Hill, Road, opposite Marks N Spencer, Bandra West, Mumbai, Maharashtra 400050, India"
854,1660.pdf,26/02/2025,00:50,26/02/2025,00:55," the nest पहिला माळा, , हॉटेल मेट्रो पलेस, हिल रोड,, वांद्रे पश्‍चिम,  मुंबई 50,  ","the nest First Floor, Hotel Metro Palace, Hill Road, Bandra West, Mumbai 50,",19.0513393,72.83235069999999,"3R3M+23F, Rangsharda Marg, Bandra Reclamation Flyover, near Lilavati Hospital, Nityanand Nagar, A Block BKC, Bandra West, Mumbai, Maharashtra 400050, India"
855,1661.pdf,02/01/2025,15:10,02/01/2025,15:10," हाँटेल रंगशारदाजवळ असलेल्या , कच्च्या झोपडीजवळ, केसीमार्ग, वांद्रे, पश्‍चिम, मंबई ,  ","Located Near Hotel Rangsharada, Near Kachcha Chhoti, KC Marg, Bandra, West, Mumbai,",19.0485461,72.8250942,"Blue Heaven Society, Rebello Rd, Mount Mary, Bandra West, Mumbai, Maharashtra 400050, India"
856,1662.pdf,15/01/2025,10:00,15/01/2025,10:00," फ्लट नं सी/202, ब्ल्यु हेवन, रिबेलो रोड,, वांद्रे पष्चिम, मुंबई 400050,   ","FLAT NO C/202, BLUE HAVEN, REBELLO ROAD,, BANDRA WEST, MUMBAI 400050,",18.957479,72.8349645,"Sardar Vallabhbhai patel road, Bunder Building, and, opposite khoja kabrastan, beside DFC chinese, Mandvi, Mumbai, Maharashtra 400009, India"
857,1663.pdf,24/04/2025,06:15,24/04/2025,11:00," चिल्ड्रन होम सोसायटी, मुंबई,, निरीक्षकगह, बालगह,,उमरखाडी, मुंबई 09   ","Children's Home Society, Mumbai, Inspectorate, Balgah, Umarkhadi, Mumbai 09",16.6166719,74.1078459,"Shiroli, Maharashtra 416001, India"
858,1665.pdf,18/02/2024,00:00,08/01/2025,00:00," मु पो कुलाची शिरोली, , तालुका - हातकलंकडे,, जिल्हा - कोल्हापुर,   ","Mu Po Kulachi Shiroli, , Taluka - Hatkalnade,, District - Kolhapur,",19.060927,72.8465307,"Bandra East, Mumbai, Maharashtra, India"
859,1664.pdf,26/02/2025,14:30,26/02/2025,14:30," लालमिठ्ठी परिसर, फुटपाथवर,, वांद्रे प मुंबई 50 , ","Lalmithi Area, On Footpath,, Bandre P Mumbai 50 ,",19.0595596,72.8295287,"Bandra West, Mumbai, Maharashtra, India"
860,1666.pdf,26/02/2025,15:30,26/02/2025,15:30," लालमिठ्ठी परिसर, , फुटपाथवर ,, वांद्रे पश्‍चिम मुंबई 50, ","LALMITHI COMPLEX, , ON PAVEMENT ,, BANDRA WEST MUMBAI 50,",19.0595596,72.8295287,"Bandra West, Mumbai, Maharashtra, India"
861,1667.pdf,26/02/2025,15:15,26/02/2025,15:15," कोंबडी गल्ली, , वांद्रे पश्‍चिम मुंबई 50, ","KOMBDI GALLI, , BANDRA WEST MUMBAI 50,",19.0595596,72.8295287,"Bandra West, Mumbai, Maharashtra, India"
862,1668.pdf,26/02/2025,15:15,26/02/2025,15:15," कोंबडी गल्ली, , वांद्रे पश्‍चिम मुंबई 50, ","KOMBDI GALLI, , BANDRA WEST MUMBAI 50,",19.0353849,72.8423036,"Mahim, Mumbai, Maharashtra, India"
863,1670.pdf,26/02/2025,20:30,26/02/2025,20:30," माहीम खाडी ब्रीज जवळ,, खाडी लगत,बीएमसीची लोखंडीचे, आडोशाला ,साउथ बॉन्ड वर, वांद्‌,  ","Near Mahim Khadi Bridge, Adjacent to Khadi, BMC's Railway, Adoshala, On South Bond, Vand,",19.051016,72.8355244,"14, LK Mehta Marg, Reclamation, Bandra West, Mumbai, Maharashtra 400050, India"
864,1671.pdf,27/02/2025,14:15,27/02/2025,14:15," लालमिठ्ठी परिसर, फुटपाथवर ,, वांद्रे पश्‍चिम मुंबई 50, ","Lalmitthi Area, On Footpath,, Bandra West Mumbai 50,",19.0595596,72.8295287,"Bandra West, Mumbai, Maharashtra, India"
865,1669.pdf,19/08/2023,00:00,19/08/2023,00:00," सीटी सर्व्हे ऑफीस, , म्हैसुर भवन, 4 व 5 माळा, , बांद्रा प, मुंबई 50,  ","CT Survey Office, , Mysore Bhavan, 4 & 5 Mala, , Bandra P, Mumbai 50,",19.0595596,72.8295287,"Bandra West, Mumbai, Maharashtra, India"
866,1672.pdf,27/02/2025,14:25,27/02/2025,14:25," कोंबडी गल्ली, , बांद्रा पश्‍चिम मुंबई 50, ","KOMBDI GALLI, , BANDRA WEST MUMBAI 50,",19.0595596,72.8295287,"Bandra West, Mumbai, Maharashtra, India"
867,1673.pdf,16/01/2025,00:05,16/01/2025,00:05," जरीमरी मंदिर पाठीमागे,, वांद्रे तलावाच्या समोर, wales रोड, वांद्रे प  मु,  2   ","Behind Jarimari Mandir,, Opposite Bandra Lake, Wales Road, Bandra P Mu, 2",19.0595596,72.8295287,"Bandra West, Mumbai, Maharashtra, India"
868,1676.pdf,03/08/2024,00:00,05/09/2024,00:00," रूम नं ए 22, , कमलपुश्प सोसायटी, , वांद्रे पश्‍चिम, मुंबई 50,   ","Room No A 22, , Kamalpushp Society, , Bandra West, Mumbai 50,",19.0545819,72.8344499,"50, Chinchpokli Rd, Santosh Nagar, Bandra West, Mumbai, Maharashtra 400050, India"
869,1674.pdf,27/02/2025,14:30,27/02/2025,15:00," संतोष गरेज ,, चिंचपोकळी रोड,, बांद्रा पश्‍चिम ,मुंबई 50,   ","Santosh Garage,, Chinchpokli Road,, Bandra West, Mumbai 50,",18.955521,72.8401242,"Nandalal Jani Rd, Dana Bandar, Mandvi, Mumbai, Maharashtra 400009, India"
870,1675.pdf,25/04/2025,00:10,25/04/2025,02:35," नंदलाल जानी रोड, सिमेन्स हटेलच्या समोर,, वाडीबंदर, डोंगरी, मुंबई 09,   ","Nandalal Jani Road, Opposite Siemens Hotel,, Wadibandar, Dongri, Mumbai 09,",19.0552006,72.8308311,"Hill Rd, Bandra West, Mumbai, Maharashtra 400050, India"
871,1677.pdf,03/08/2024,00:00,20/08/2024,00:00," 164 सेलाव्ही Fars, 164,मकडोनल्ड समोर हिल रोड, वांद्रे प मुंबई,   ","164 Selavy Fars, 164, Opposite Macdonald Hill Road, Bandra P Mumbai,",19.0606564,72.8218326,"Kanta road, Bandra West, Mumbai, Maharashtra 400050, India"
872,1678.pdf,09/01/2025,15:00,09/01/2025,15:00," ओटरस क्लब,काटर रोड,, वांद्रे पश्‍चिम, मुंबई 50,   ","Otters Club, Katter Road, Bandra West, Mumbai 50,",19.0561007,72.8339903,"400, 050, Waterfield Road, Bandra West, Mumbai, Maharashtra 400050, India"
873,1679.pdf,12/02/2025,21:00,12/02/2025,21:10," बीएमसी सार्वजनिक सुलभ, शौचालय समोर, पटेलनगरी,, शास्त्रीनगर, बांद्रा प, मुंबई, ","BMC Public Access, Opposite Toilet, Patelnagari,, Shastrinagar, Bandra P, Mumbai,",19.058555,72.841946,"161, Kherwadi Rd, MHB Colony, Bandra Terminus, Naupada Village, Bandra East, Mumbai, Maharashtra 400051, India"
874,1680.pdf,28/02/2025,01:30,28/02/2025,01:40," जैन मंदीर जवह बाजार रोड, ,वांद्रे प मुंबई 50 ,   ","Jain Mandir Jawah Bazar Road, Bandre P Mumbai 50,",19.139536,72.9238392,"Kombadi Galli, Farid Nagar, Bhandup West, Mumbai, Maharashtra 400078, India"
875,1681.pdf,28/02/2025,03:00,28/02/2025,03:05," कोंबडी गल्ली जवळ,, रिक्‍्लेमेशन ब्रिजखाल्री, , लालमिट्ठी, वांद्रेप  मुंबई-50,  ","Near Kombadi Galli,, Reclamation Brijkhalri, , Lalmitthi, Wandrep Mumbai-50,",19.0667827,72.8333849,"Raheja Building, Bandra West, Mumbai, Maharashtra 400052, India"
876,1682.pdf,27/02/2025,03:00,27/02/2025,03:30," रहेजा बिल्डींग, तवा हॉटेल, बांद्रा प, मुंबई,   ","Raheja Building, Tawa Hotel, Bandra P, Mumbai,",19.0595596,72.8295287,"Bandra West, Mumbai, Maharashtra, India"
877,1683.pdf,28/02/2025,17:05,28/02/2025,17:05," लव्ह गार्डन परिसर, कोंबडी गल्ल, वांद्रे प मुबंई,  ","Love Garden Precinct, Kombadi Gall, Bandra P Mumbai,",19.0595596,72.8295287,"Bandra West, Mumbai, Maharashtra, India"
878,1684.pdf,16/01/2025,00:40,16/01/2025,00:40," 05, हंगर हवेली, 404, हाजी मोहम्मद, नुरा बिल्डींग, एस व्हि रोडलकी, हाँटेलच्या समोर, बांद्रा प, ,   ","05, Hunger Haveli, 404, Haji Mohammed, Noora Building, S V Rodalki, Opposite Hotel, Bandra P, ,",19.0551942,72.83733149999999,"S.V. Road, Bandra West, Mumbai, Maharashtra 400050, India"
879,1685.pdf,28/02/2025,00:30,28/02/2025,00:30," मदर अँन्ड सन स्टच्युजवळ , एस व्ही रोड वांद्रे पश्‍चिम मुं,  1 ","Near Mother and Son Statue, SV Road Bandra West Mun, 1",19.0558286,72.8373322,"Swami Vivekanand Rd, Bandra West, Mumbai, Maharashtra, India"
880,1686.pdf,28/02/2025,19:00,28/02/2025,19:10," एसव्हीरोडकडुन रेल्वे स्टेशन , कडे AON रोडवर बांद्रा तलाव , फुटपाथवर, वान्द्रे प, मुंबई ,  ","From SV Road to Railway Station, on AON Road to Bandra Lake, on Footpath, Bandra P, Mumbai,",19.0491441,72.8276867,"KC Marg, Bandra West, Mumbai, Maharashtra 400050, India"
881,1689.pdf,28/02/2025,22:15,28/02/2025,22:20," कोंबडी गल्ली, के सी मार्ग , लालमटटी वांद्रे प मुंबई ,   ","KOMBDI GALLI, KC MARG, LALMATTI BANDRA P MUMBAI,",19.0539656,72.8326935,"Bazar Rd, Bandra West, Mumbai, Maharashtra 400050, India"
882,1690.pdf,28/02/2025,22:30,28/02/2025,22:30," मच्छी मार्केट समोर,पितळवाडी,, बाजार रोड, वांद्रे पश्‍चिम, मुं,   ","Opposite Macchi Market, Pitalwadi, Bazar Road, Bandra West, Mun.",19.0530943,72.8404424,"3R3R+65P BUS DEPOT, PLOT NO.2, near Bandra, C Block BKC, SHASTRI NAGAR, Bandra West, Mumbai, Maharashtra 400050, India"
883,1688.pdf,28/02/2025,22:30,28/02/2025,22:40," शास्त्री नगर बस डेपोच्या मोकळय, मैदानामध्ये पडक्या भिंतीच्या ,  आडोशाला, स्टेशन जवळ,,वांद्रे, पश्‍चिम, मुंबई 1 ","Shastri Nagar Bus Depot Open Ground, Fallen Wall, Adoshala, Near Station, Bandra, West, Mumbai 1",19.05523,72.8320402,"50, Hill Rd, Ranwar, Bandra West, Mumbai, Maharashtra 400050, India"
884,1691.pdf,09/01/2025,17:00,09/01/2025,17:00," हिल रोड, वांद्रे पश्‍चिम, मुंबई 50,  ","Hill Road, Bandra West, Mumbai 50,",19.0177989,72.84781199999999,"Dadar, Mumbai, Maharashtra, India"
885,1687.pdf,03/03/2025,04:45,03/03/2025,04:55," 386, विर सावरकर रोड , एच डी एफ सी बंक लिमीटेड, दादर प मुंबई ;   ","386, Vir Savarkar Road, HDFC Bank Limited, Dadar P Mumbai;",19.0595596,72.8295287,"Bandra West, Mumbai, Maharashtra, India"
886,1692.pdf,28/02/2025,23:40,28/02/2025,23:50," लालमिट्टी, नर्गिसदत्तनगर, , वांद्रे पश्‍चिम मुंबई 50,   ","Lalmitty, Nargisduttanagar, , Bandra West Mumbai 50,",19.0595596,72.8295287,"Bandra West, Mumbai, Maharashtra, India"
887,1693.pdf,28/02/2025,23:30,28/02/2025,23:40," आपला दवाखाना जवळील, मोकळया जागेत शास्त्री नगर,, वांद्रे पश्‍चिम मुंबई,  ","Our clinic is near by, in open space Shastri Nagar, Bandra West Mumbai,",19.0595596,72.8295287,"Bandra West, Mumbai, Maharashtra, India"
888,1694.pdf,28/02/2025,23:55,28/02/2025,23:55," लव्ह गार्डन परिसर,, कोंबडी गल्ली, वांद्रे प, मुं, ","Love Garden Premises,, Kombadi Galli, Bandra P, Mun,",19.0515529,72.8327674,"KC Marg, Reclamation, Bandra West, Mumbai, Maharashtra 400050, India"
889,1696.pdf,28/02/2025,23:25,28/02/2025,23:35," वांद्रे रिकलेमेशन फ्लाय ओव्हर, पश्‍चिम, मुंबई ,  व्हर, ब्रिजच्या खाली, Revert, वांद्रे ","Bandra Reclamation Fly Over, West, Mumbai, Ver, Under Bridge, Revert, Bandra",18.9581934,72.8320729,"Mumbai, Maharashtra, India"
890,1695.pdf,16/01/2025,02:00,16/01/2025,02:00," अपना दवाखान्याजवळ, , महाराष्ट्रनगर, वांद्रे पश्‍चिम, मुंबई ,   ","Near Apna Dispensary, , Maharashtranagar, Bandra West, Mumbai ,",19.0813949,72.8498401,"23, Oasis, Nehru Road, Vakola, Santacruz East, 3RMX+3HQ, Demello Compound, Ashok Nagar, Santacruz East, Mumbai, Maharashtra 400055, India"
891,1698.pdf,01/03/2025,00:40,01/03/2025,00:50," यु ब्रिज खाली, सार्वजनिक , शोंचालयाचे जवळ,, लालमिट्टी, वांद्रे प  मुंबई , ","Under U Bridge, Public, Near Shonchalaya,, Lalmitty, Bandra P Mumbai,",19.0504144,72.8375614,"14, LK Mehta Marg, Reclamation, Bandra West, Mumbai, Maharashtra 400050, India"
892,1702.pdf,06/01/2025,15:30,07/01/2025,11:30," बांद्रा अग्निशमन केंद्र, एलके, मेहता मार्ग,, बांद्रा पश्‍चिम, मुं,   ","Bandra Fire Station, LK, Mehta Marg,, Bandra West, Mun,",19.05523,72.8320402,"50, Hill Rd, Ranwar, Bandra West, Mumbai, Maharashtra 400050, India"
893,1701.pdf,01/03/2025,15:30,01/03/2025,15:30," बाटा शोरूम जवळ,, हिल रोड वर,, वांद्रे, पश्‍चिम, मुंबई 50, ","NEAR BATA SHOWROOM,, ON HILL ROAD,, BANDRA, WEST, MUMBAI 50,",19.0772858,72.8674286,"3VG8+WX7, Church Rd, Kolivery Village, Kunchi Kurve Nagar, Kalina, Santacruz East, Mumbai, Maharashtra 400029, India"
894,1697.pdf,01/03/2025,00:30,01/03/2025,00:40," शास्त्रीनगर, बीएमसी मैदान, , वांद्रे पश्‍चिम, मुंबई 50,   ","Shastri Nagar, BMC Ground, , Bandra West, Mumbai 50,",18.9612164,72.8436414,"P D'Mello Rd, Wadi Bandar, Mazgaon, Mumbai, Maharashtra, India"
895,1700.pdf,26/04/2025,00:10,26/04/2025,00:15," घडयाळ गोदी, मेन गेटच्या समोर,, सिध्दीविनायक sea, पीडीमेलो , वाडीबंदर, मुंबई- ,400009   ","Ghadyal Dock, Opposite Main Gate, Siddhivinayak Sea, PDMello, Wadibandar, Mumbai- 400009",19.0094237,72.8329108,"Sayani Marg, Model Mill Compound, 2R5M+Q57, Elphinstone West, Parel Bus Depot, Dighe Nagar, Parel, Mumbai, Maharashtra 400025, India"
896,1699.pdf,09/01/2025,23:00,10/01/2025,00:00," सयानी रोड,, सारथी बार, अँण्ड रेस्टाँरंट,, एलफिस्टन मुंबई 28,   ","Sayani Road, Sarathi Bar & Restaurant, Elphiston Mumbai 28,",19.0511024,72.83596109999999,"Nargis Dutt Nagar, Reclamation, Bandra West, Mumbai, Maharashtra 400050, India"
897,1703.pdf,09/01/2025,18:00,09/01/2025,18:00," यु ब्रीज खाली, , नर्गिस दत्त नगर परिसर, वांद्रे पष्चिम, मुंबई 50,  ","Below U Bridge, , Nargis Dutt Nagar Area, Bandra West, Mumbai 50,",19.0475315,72.82850959999999,"Nityanand Nagar, A Block BKC, Bandra West, Mumbai, Maharashtra 400050, India"
898,1710.pdf,10/01/2025,02:30,10/01/2025,02:30," रुम नं 32,, नित्यानंद नगर, ओ एन जी सी च्या, पाठीमागे, बांद्रा RecA, , बांद्रा पश्‍चिम मुंबई 50,   ","ROOM NO 32, NITYANAND NAGAR, BEHIND ONGC, BANDRA RECA, , BANDRA WEST MUMBAI 50,",19.0595596,72.8295287,"Bandra West, Mumbai, Maharashtra, India"
899,1704.pdf,09/01/2025,14:45,09/01/2025,14:45," यु ब्रीज खाली, वांद्रे प, मुंबई , ","Below U Bridge, Bandra West, Mumbai,",19.0551249,72.82726880000001,"St Andrews Rd, Bandra West, Mumbai, Maharashtra 400050, India"
900,1705.pdf,04/01/2025,16:00,05/01/2025,18:00," गेट नं 03 चे समोर,, होली फमिली हाँस्पीटल, , सेंट अँन्डर्युज रोड, वांद्रे प,   ","Opposite Gate No. 03, Holy Family Hospital, St. Andrews Road, Bandra P,",19.0574544,72.83364499999999,"3R4M+XFJ, Waterfield Road, Bandra West, Mumbai, Maharashtra 400050, India"
901,1706.pdf,17/01/2025,12:15,17/01/2025,12:15," भाभा रुग्णालय समोर, वाँटरफिल्ड, ,वांद्रे पश्चीम,मुंबई 50 ,   ","Opposite Bhabha Hospital, Vanterfield, Bandra West, Mumbai 50,",19.059534,72.8214028,"Jogger's Park, Sangeet Samrat Naushad Ali Rd, Bandra West, Mumbai, Maharashtra 400050, India"
902,1711.pdf,10/01/2025,11:10,10/01/2025,11:10," डिलाईट अपार्टमेंटच्या बाहेर, , जगर्स पार्क जवळ, , पेरी क्रॉस रोड, sar पश्‍चिम मुंबई 50   ","Off Delight Apartments, , Near Jaggers Park, , Perry Cross Road, sar West Mumbai 50",19.0886595,72.8339937,"Dheeraj Heritage Residency, Linking Rd, near Gol Garden, Daulat Nagar, Santacruz (West), Mumbai, Maharashtra 400054, India"
903,1707.pdf,09/01/2025,17:50,09/01/2025,17:50," शास्त्री नगर, पटेल नगरी,, रेल्वे स्टेशन जवळ, वांद्रे प, मुंबई,  ","Shastri Nagar, Patel Nagri,, Near Railway Station, Bandra P, Mumbai,",19.0586105,72.82648680000001,"42, St Andrews Rd, Bandra West, Mumbai, Maharashtra 400050, India"
904,1709.pdf,01/01/2025,03:20,01/01/2025,03:30," बांद्रा जिमखाना जंक्शन, , सेंट अँड्युज रोड,, बांद्रा प मुंबई,   ","Bandra Gymkhana Junction, , St Andrews Road,, Bandra P Mumbai,",19.0593105,72.82191139999999,"50, Carter Rd, Bandra West, Mumbai, Maharashtra 400050, India"
905,1708.pdf,09/01/2025,22:40,09/01/2025,22:40," ऑर्टर्स क्लबच्या पुढे, कार्टर रोड,, वांद्रे पश्‍चिम, मुंबई 50,   ","50, CARTER ROAD, BANDRA WEST, MUMBAI, BESIDE ORTER'S CLUB.",18.9775183,72.8420155,"111, Reay Rd, Nirmal Park Railway Colony, Byculla, Mumbai, Maharashtra 400010, India"
906,1712.pdf,18/03/2025,16:40,18/03/2025,18:31," 111 ए, केसरीनाथ भोये मार्ग , मोतीराम निवास, वरळी कोळीवाड ,मुंबई 30   ","111A, Kesarinath Bhoye Marg, Motiram Niwas, Worli Koliwad, Mumbai 30",19.0542135,72.8395105,"Bandra (W), B Block BKC, Bandra West, Mumbai, Maharashtra 400050, India"
907,1713.pdf,10/01/2025,18:20,10/01/2025,18:20," माहीम कजवे, दक्षिणवाहीन,, पश्‍चिम द्रुतगती मार्ग, , बांद्रा प,   ","Mahim Kajway, Dakshinwain,, Western Expressway, , Bandra W,",19.0535138,72.8292861,"Church St, Ranwar, Bandra West, Mumbai, Maharashtra 400050, India"
908,1714.pdf,11/01/2025,00:30,11/01/2025,00:30," अँड्र्युज चर्च ,, सेंट stot रोड,, वांद्रे पश्‍चिम, मुंबई 50, ","ANDREW'S CHURCH,, ST STOT ROAD,, BANDRA WEST, MUMBAI 50,",19.0550103,72.82538650000001,"50, Chimbai Rd, Bandra West, Mumbai, Maharashtra 400050, India"
909,1715.pdf,11/01/2025,00:50,11/01/2025,00:50," सेंट अँण्डूज चर्च समोर, , चिंबई रोड,, वांद्रे पश्‍चिम, मुंबई 50 , ","Opposite St. Andrew's Church, , Chimbai Road,, Bandra West, Mumbai 50 ,",19.0785345,72.873103,"Shastri Nagar Rd, Kolivery Village, Kalina, Santacruz East, Mumbai, Maharashtra 400029, India"
910,1716.pdf,11/01/2025,00:15,11/01/2025,00:15," शास्त्री नगर बस,, स्टेशन जवळ, वांद्रे, , पश्‍चिम, मुंबई, ","Shastri Nagar Bus,, Near Station, Bandra, , West, Mumbai,",19.0562814,72.83432119999999,"1st Floor, Hotel Metro Palace, Hill Rd, opposite Marks & Spencer, above Barbeque Nation, Bandra West, Mumbai, Maharashtra 400050, India"
911,1721.pdf,11/01/2025,21:55,11/01/2025,21:55," द नेस्ट हाँटेल, पहिला माळा, , हाँटेल मेट्रोपँलेस शेजारी,हिल , रोड,मार्क अँण्ड स्पेन्सरच्या ,विरूद्ध बाजूस,वांद्रे प मुंबई -400050   ","The Nest Hotel, 1st Mala, , Beside Hotel Metropolis, Hill, Road, Opposite Mark & ​​Spencer, Bandra P Mumbai-400050",19.0561637,72.8314252,"36-B, 9th Rd, Sayed Wadi, Bandra West, Mumbai, Maharashtra 400050, India"
912,1717.pdf,17/01/2025,15:00,17/01/2025,15:00," पिनँकल गोल्ड,9 वा रोड,, अल्मेडा पार्क जवळ,, वांद्रे पश्चीम ,मुंबई 50,   ","Pinnacle Gold,9th Road,,Near Alameda Park,,Bandra West,Mumbai 50,",19.0539656,72.8326935,"Bazar Rd, Bandra West, Mumbai, Maharashtra 400050, India"
913,1718.pdf,05/10/2023,00:00,28/12/2024,00:00," ट्रान्सीट कॅम्प चाळ नं 1 जवळ, राजीव नगर, बांद्रा रेकलैमशन, व, मदनी मंझिल,501,पाचवा माळा,,बाजार रोड,बांद्रा पश्‍चिम, मु-400050  ","NEAR TRANSIT CAMP CHAL NO 1, RAJIV NAGAR, BANDRA CLAIM, AND, MADNI MANZIL, 501, PACHWA MALA,, BAZAR ROAD, BANDRA WEST, MU-400050",19.0539656,72.8326935,"Bazar Rd, Bandra West, Mumbai, Maharashtra 400050, India"
914,1719.pdf,15/12/2023,00:00,16/12/2024,00:00," डी, इंदिराजी नगर,हनुमान गल्ली,, बाजार रोड,शाहीन बिल्डिंग जवळ,, बांद्रा पश्‍चिम, मुंबई-,-400050 ","D, Indiraji Nagar, Hanuman Galli,, Bazaar Road, Near Shaheen Building,, Bandra West, Mumbai-,-400050",19.0595596,72.8295287,"Bandra West, Mumbai, Maharashtra, India"
915,1720.pdf,11/01/2025,06:30,11/01/2025,06:30," डॉ. पिटर डायस रोड,, राँयल बिल्डींगजवळ, , वांद्रे पश्‍चिम, मुंबई 50,  ","Dr. Peter Dyce Road,, Near Royal Building, , Bandra West, Mumbai 50,",19.0458854,72.821935,"50, Kane Rd, Mount Mary, Bandra West, Mumbai, Maharashtra 400050, India"
916,1722.pdf,01/01/2025,18:00,01/01/2025,19:00," ताजलन्ड हॉटेल केन रोड , वांद्रे पश्‍चिम मुंबई 50 ,  ","Tajland Hotel Kane Road, Bandra West Mumbai 50,",19.0658238,72.82318219999999,"50, Sangeet Samrat Naushad Ali Rd, Shirley, Bandra West, Mumbai, Maharashtra 400050, India"
917,1723.pdf,11/01/2025,01:00,11/01/2025,01:00," ओटर्स क्लबसमोर, , संगीत सम्राट नोशादअली रोड, , बांद्रा पश्‍चिम  मुंबई 50, ","Opposite Otters Club, , Sangeet Samrat Noshad Ali Road, , Bandra West Mumbai 50,",19.052489,72.8345596,"KC Marg, Reclamation, Bandra West, Mumbai, Maharashtra 400050, India"
918,1725.pdf,12/01/2025,14:20,12/01/2025,14:25," रंगशारदा परिसर केसीमार्ग , बांद्रा रिक्‍लेमेशन, मुबंई,   ","Rangsarada Complex KC Marg, Bandra Reclamation, Mumbai,",19.0549457,72.8250016,"115, Hill Rd, Old Rajaram Wadi, Bandra West, Mumbai, Maharashtra 400050, India"
919,1727.pdf,12/01/2025,19:16,12/01/2025,17:10," सेंट अँन्डरुज चर्च,, हिल रोड वांद्रे पश्‍चिम मुंबई ,   ","St Andrew's Church, Hill Road Bandra West Mumbai,",19.0418249,72.8587585,"Shop No 20, Block Number 5, Transit Camp, Block No 1, Dharavi, Mumbai, Maharashtra 400017, India"
920,1726.pdf,12/01/2025,15:00,12/01/2025,15:00," लकी हॉटेलजवळ, , एसव्हीरोडवर, वांद्रे पश्‍चिम, मुंबई ,   ","Near Lucky Hotel, , On SV Road, Bandra West, Mumbai ,",18.4955406,73.81635849999999,"Gosavi Vasti, Kothrud, Pune, Maharashtra 411052, India"
921,1728.pdf,09/06/2023,15:45,09/06/2023,15:45," गोसावी वस्ती, , भुजबळ बंगल्याच्या मागील, बाजुस असलेल्या पत्र्याच्या शेड, कोथरुड, पुणे ","Gosavi Vasti, , Behind Bhujbal Bungalow, Side Shed, Kothrud, Pune",19.0599727,72.8222188,"Carter Rd, Bandra West, Mumbai, Maharashtra 400050, India"
922,1729.pdf,03/12/2024,02:00,03/12/2024,02:00," Se पार्कच्या समोरील , रस्त्यावर, कार्टर रोड,, वांद्रे पश्‍चिम, मुंबई 4000, ","Opposite Se Park, Road, Carter Road,, Bandra West, Mumbai 4000,",19.0538911,72.83764910000001,"Bld no-9, Bandra Junction of S.V. Road, &, Hill Rd, Madam Wadi, Santosh Nagar, Bandra West, Mumbai, Maharashtra 400050, India"
923,1731.pdf,13/01/2025,10:50,13/01/2025,10:50," एस व्ही रोडवरील लकी हॉटेल, , ते कोंडुर जंक्शन दरम्यान ,, बांद्रा पश्‍चिम मुंबई 50, ","Lucky Hotel on SV Road, , between Kondur Junction ,, Bandra West Mumbai 50,",19.0598768,72.8285796,"1, 50, Perry Rd, Bandra West, Mumbai, Maharashtra 400050, India"
924,1730.pdf,13/01/2025,03:10,13/01/2025,03:10," विनी अपार्टमेंटच्या समोर, पेरी रोड,, वांद्रे पश्‍चिम, मुंबई 50,  1 ","Opposite Vinnie Apartments, Perry Road, Bandra West, Mumbai 50, 1",19.0511024,72.83596109999999,"Nargis Dutt Nagar, Reclamation, Bandra West, Mumbai, Maharashtra 400050, India"
925,1732.pdf,13/01/2025,16:45,13/01/2025,16:50," नर्गिस दत्त नगर, टेलिफोन , एक्सचेंज जवळ, बांद्रा प, ATS   ","Nargis Dutt Nagar, Tel , Near Exchange, Bandra P, ATS",18.9569873,72.8413028,"Raichur St, Dana Bandar, Mandvi, Mumbai, Maharashtra 400009, India"
926,1724.pdf,26/04/2025,21:20,26/04/2025,21:35," मनोहर बारचे पाठीमागील बाजुस, रायचुर स्ट्रीट, वाडीबंदर,, मुंबई, ","Behind Manohar Bar, Raichur Street, Wadibandar, Mumbai,",19.0418249,72.8587585,"Shop No 20, Block Number 5, Transit Camp, Block No 1, Dharavi, Mumbai, Maharashtra 400017, India"
927,1733.pdf,13/01/2025,18:45,13/01/2025,18:45," लकी हाँटेलजवळ, , एसव्हीरोडवर, , वांद्रे पश्‍चिम, मुंबई ,   ","Near Lucky Hotel, , On SV Road, , Bandra West, Mumbai ,",19.0594726,72.8314809,"50, Turner Rd, Bandra West, Mumbai, Maharashtra 400050, India"
928,1734.pdf,14/01/2025,00:35,14/01/2025,00:35," उत्तर वाहीनी, टर्नर रोड, वांद्रे पमुंबई 50 , ","Uttar Vahini, Turner Road, Bandra Mumbai 50,",19.0539656,72.8326935,"Bazar Rd, Bandra West, Mumbai, Maharashtra 400050, India"
929,1737.pdf,14/01/2025,00:15,14/01/2025,00:20," बाजार रोड, जैन मंदिर जवळ ,, वांद्रे प मुंबई 50 ,   ","Bazar Road, Near Jain Mandir,, Bandra P Mumbai 50,",19.0552247,72.8373787,"239, Swami Vivekanand Rd, S.V. Road, Bandra West, Mumbai, Maharashtra 400050, India"
930,1739.pdf,08/01/2025,12:00,09/01/2025,13:27," गुलाटी पेट्रोलपंप, , राम मंदिर समोर,एस व्ही रोड,, वांद्रे पश्‍चिम, मुंबई 50,   ","Gulati Petrol Pump, , Opposite Ram Mandir, SV Road,, Bandre West, Mumbai 50,",19.0514817,72.8223577,"Pereira Rd, Mount Mary, Bandra West, Mumbai, Maharashtra 400050, India"
931,1738.pdf,14/01/2025,01:00,14/01/2025,01:05," बिट क्र3, माउंट मेरी पोलीस, चौकीजवळ, परेरा रोड,, बांद्रा प मुंबई, ","Bit No.3, Mount Mary Police, Near Chowki, Perera Road, Bandra P Mumbai,",19.0541116,72.8374122,"shop no 8, God Gift Tower, opp. lucky hotel, Madam Wadi, Santosh Nagar, Bandra West, Mumbai, Maharashtra 400050, India"
932,1741.pdf,13/01/2025,11:30,13/01/2025,11:30," डायमंड ज्युस सेंटर माजीज , हॉटेलजवळ, बाझार रोड, वांद्रे पश्‍चिम मुंबई 50 ,  ","Diamond Juice Center Majestic, Near Hotel, Bazaar Road, Bandre West Mumbai 50,",19.0294382,72.8469146,"Senapati Bapat Marg, Hanuman Nagar, Matunga East, Mumbai, Maharashtra, India"
933,1736.pdf,20/03/2025,01:00,20/03/2025,01:10," फुल मार्केट समोर, सेनापती बापट, हनुमाण नगर सोसायटी, दादर मुंबई, ","Opposite Full Market, Senapati Bapat, Hanuman Nagar Society, Dadar Mumbai,",19.058518,72.835088,"17-A, St Martins Rd, Bandra West, Mumbai, Maharashtra 400050, India"
934,1735.pdf,01/01/2025,22:30,01/01/2025,23:00," फरेरा फ्लँट नं 17/ए , सेंट मार्टीन WS , वांद्रे पश्‍चिम मुंबई 50 ,   ","FERRERA FLAT NO 17/A, ST MARTIN WS, BANDRA WEST MUMBAI 50,",19.0606485,72.825025,"3R6G+722, St John Rd, Pali Hill, Mumbai, Maharashtra 400050, India"
935,1740.pdf,11/01/2025,08:30,13/01/2025,08:00," अँन्थनी गरेजजवळ, न्यु कांतवाड, वांद्रे पश्‍चिम मुंबई,   ","NEAR ANTHONY GARAGE, NEW KANTWAD, BANDRA WEST MUMBAI,",19.0581574,72.8230983,"New Jaladarshan Society, Chimbai Rd, Near Jogger's Park, Bandra West, Mumbai, Maharashtra 400050, India"
936,1742.pdf,01/12/2023,00:00,30/06/2024,00:00," 702, न्यु जलदर्शन बिल्डींग, ए-विंग, पेरी wa रोड,, बांद्रा वेस्ट मुंबई, ","702, New Jaldarshan Building, A-Wing, Perry wa Road,, Bandra West Mumbai,",19.0338561,72.816723,"Bandra Worli Sea Link Bridge, Mount Mary, Bandra West, Mumbai, Maharashtra 400050, India"
937,1744.pdf,14/01/2025,14:30,14/01/2025,14:30," वांद्रे वरळी सी लिंक,वांद्रे , वांद्रे प मुबंई , ","Bandra Worli Sea Link, Bandra, Bandra P Mumbai,",19.0594726,72.8314809,"50, Turner Rd, Bandra West, Mumbai, Maharashtra 400050, India"
938,1745.pdf,14/01/2025,01:50,14/01/2025,03:00," बेग बँरो स्टुडिओ प्लँट नं01, तळमजला, न्युशंक ,, टर्नर रोड, ,बांद्रा पश्‍चिम,मुंबई 50 ","Beg Barro Studio Plant No.01, Ground Floor, Newshank,, Turner Road, Bandra West, Mumbai 50",19.057083,72.8287108,"St. Andrew's College, Bandra West, Mumbai, Maharashtra 400050, India"
939,1743.pdf,11/01/2025,21:30,11/01/2025,23:30," सेंट अँड्र्युज कॉन्फरन्स हाँल,, अँड्र्युज काँलेज , वांद्रे पश्‍चिम मुंबई,   ","St Andrews Conference Hall, Andrews College, Bandra West Mumbai,",18.9565751,72.8403865,"Nandalal Jani Rd & Sholapur St, Dana Bandar, Mandvi, Mumbai, Maharashtra 400009, India"
940,1748.pdf,26/04/2025,23:40,26/04/2025,23:50," सोलापुर स्ट्रिट, नंदलाल जानी, रोड जंक्षन, वाडीबंदर, , मुंबई- 09,   ","Solapur Street, Nandlal Jani, Road Junction, Wadibandar, , Mumbai- 09,",19.0418892,72.81835939999999,"Byramji Jeejeebhoy Road, Bandstand Promenade, Mount Mary, Bandra West, Mumbai, Maharashtra 400050, India"
941,1747.pdf,14/01/2025,20:30,14/01/2025,20:30," बांद्रा किल्ल्याचे मागील बाजूस, कडेश्वरी मंदिर जवळ, , वांद्रे पश्‍चिम,  मुंबई 50, ","Behind Bandra Fort, Near Kadeshwari Temple, , Bandra West, Mumbai 50,",19.0510479,72.8385002,"50, Swami Vivekanand Rd, Near Jama Masjid, C Block BKC, Qurese Nagar, Bandra West, Mumbai, Maharashtra 400050, India"
942,1746.pdf,14/01/2025,18:45,14/01/2025,18:45," लकी हाँटेलजवळ, , एस व्ही रोड वर, , वांद्रे पश्‍चिम, मुंबई 50,   ","NEAR LUCKY HOTEL, , ON SV ROAD, , BANDRA WEST, MUMBAI 50,",19.0530943,72.8404424,"3R3R+65P BUS DEPOT, PLOT NO.2, near Bandra, C Block BKC, SHASTRI NAGAR, Bandra West, Mumbai, Maharashtra 400050, India"
943,1750.pdf,18/01/2025,03:00,18/01/2025,03:00," शास्त्री नगर, , बस डेपोच्या पाठीमागे, , वांद्रे पश्‍चिम, मुंबई 50,   ","Shastri Nagar, , Behind Bus Depot, , Bandra West, Mumbai 50,",19.051016,72.8355244,"14, LK Mehta Marg, Reclamation, Bandra West, Mumbai, Maharashtra 400050, India"
944,1751.pdf,14/01/2025,21:30,14/01/2025,21:30," लव्ह मुबंई गार्डन, , ब्रिज खाली, लालमिट्टि, , वांद्रे पश्‍चिम मुबंई 50,   ","Love Mumbai Garden, , Under Bridge, Lalmitti, , Bandra West Mumbai 50,",19.0455254,72.8247111,"Kadeshwari Mandir Rd, Mount Mary, Bandra West, Mumbai, Maharashtra 400050, India"
945,1749.pdf,01/01/2025,05:30,01/01/2025,05:30," डोमिनोझ पिझासमोर,, weet मंदीर मार्ग, , बांद्रा पश्‍चिम, मुंबई ,   ","Opposite Domino's Pizza,, weet Mandir Marg, , Bandra West, Mumbai ,",19.0539656,72.8326935,"Bazar Rd, Bandra West, Mumbai, Maharashtra 400050, India"
946,1752.pdf,15/01/2025,00:15,15/01/2025,00:15," बाजार रोड,, जैन मंदिर जवळ ,, वांद्रे पश्‍चिम मुंबई 50,   ","Bazaar Road,, Near Jain Temple,, Bandra West Mumbai 50,",19.0595596,72.8295287,"Bandra West, Mumbai, Maharashtra, India"
947,1753.pdf,15/01/2025,00:40,15/01/2025,00:40," रस्त्याचे कडेला रिक्षाचे , आडोशाला,समुद्रकिनारी Flas , कोळीवाडा खळयाजवळ,,वांद्रे पश्‍चिम मुंबई 50   ","Roadside Rickshaws, Adoshala, Seaside Flas, Near Koliwada Khalya,, Bandre West Mumbai 50",19.0772858,72.8674286,"3VG8+WX7, Church Rd, Kolivery Village, Kunchi Kurve Nagar, Kalina, Santacruz East, Mumbai, Maharashtra 400029, India"
948,1754.pdf,15/01/2025,00:15,15/01/2025,00:15," शास्त्रीनगर, , बी एम सी मैदान, , वांद्रे पश्‍चिम, मुंबई 50 , ","Shastri Nagar, , BMC Maidan, , Bandra West, Mumbai 50 ,",19.0595596,72.8295287,"Bandra West, Mumbai, Maharashtra, India"
949,1755.pdf,15/01/2025,09:40,15/01/2025,10:10," बर्गरीकिग हाँटेलजवळ,, वरसकर मार्ग, , वांद्रे, पश्‍चिम, मंबई, ","Near Burgerkig Hotel,, Varaskar Marg, , Bandra, West, Mumbai,",19.0514817,72.8223577,"Pereira Rd, Mount Mary, Bandra West, Mumbai, Maharashtra 400050, India"
950,1757.pdf,15/01/2025,15:30,15/01/2025,15:35," परेरा रोड,मांउट मेरी , बीट चैकी जवळ , वांद्रे पश्‍चिम मुबंई50, ","Perera Road, Mount Mary, Near Beit Chaiki, Bandra West Mumbai 50,",19.0513393,72.83235069999999,"3R3M+23F, Rangsharda Marg, Bandra Reclamation Flyover, near Lilavati Hospital, Nityanand Nagar, A Block BKC, Bandra West, Mumbai, Maharashtra 400050, India"
951,1758.pdf,15/01/2025,14:30,15/01/2025,14:35," रंगशारदा हाँटेल जवळ , नरर्गीस दत्त नगर,केसी मार्ग , वांद्रे, पश्‍चिम, मंबई, ","Near Rangsharada Hotel, Narrgis Dutt Nagar, KC Marg, Bandra, West, Mumbai,",19.050516,72.8213832,"Bandstand Promenade, Bandra West, 400050, India"
952,1759.pdf,15/01/2025,15:30,15/01/2025,15:35," बण्डस्टंड, वांद्रे पश्‍चिम, म,   ","Bundstand, Bandra West, M,",19.0595596,72.8295287,"Bandra West, Mumbai, Maharashtra, India"
953,1756.pdf,15/01/2025,09:00,15/01/2025,09:00," पंजाब सिंध पनीर,, Bie हाँटेल समोर,, वांद्रे पश्‍चिम, मुंबई 50,   ","Punjab Sindh Paneer,, Opposite Bie Hotel,, Bandra West, Mumbai 50,",19.0510479,72.8385002,"50, Swami Vivekanand Rd, Near Jama Masjid, C Block BKC, Qurese Nagar, Bandra West, Mumbai, Maharashtra 400050, India"
954,1761.pdf,19/01/2025,22:20,19/01/2025,22:30," लकी हाँटेल समोर,एस व्ही रोड,, वांद्रे पश्‍चिम मुंबई 50 ,   ","Opposite Lucky Hotel, SV Road, Bandra West Mumbai 50,",19.0162598,72.83742610000002,"559, Bhavani Shankar Rd, Near Kabutar khana, Dadar West, Dadar, Mumbai, Maharashtra 400028, India"
955,1760.pdf,21/03/2025,11:00,21/03/2025,11:10," 559, भवानी शंकर रोड,, ,टी पी एस 4,माहीम डिव्हीजन,, ,दादर प,मुंबई ","559, Bhawani Shankar Road, TPS 4, Mahim Division, Dadar P, Mumbai",19.0559138,72.8345271,"Matrix Complex, 51, Hill Rd, Santosh Nagar, Bandra West, Mumbai, Maharashtra 400050, India"
956,1762.pdf,15/01/2025,16:25,15/01/2025,16:30," बाटा शौरूमजवळ, हिलरोड, , वांद्रे, पश्‍चिम, मंबई , ","Near Bata Showroom, Hillroad, , Bandra, West, Mumbai ,",19.0485461,72.8250942,"Blue Heaven Society, Rebello Rd, Mount Mary, Bandra West, Mumbai, Maharashtra 400050, India"
957,1764.pdf,15/01/2025,10:00,15/01/2025,10:00," फ्लट नं सी/202, ब्ल्यु हेवन, रिबेलो रोड,, वांद्रे पष्चिम, मुंबई 400050,   ","FLAT NO C/202, BLUE HAVEN, REBELLO ROAD,, BANDRA WEST, MUMBAI 400050,",19.0595596,72.8295287,"Bandra West, Mumbai, Maharashtra, India"
958,1766.pdf,16/01/2025,00:40,16/01/2025,00:40," 05, हंगर हवेली, 404, हाजी मोहम्मद, नुरा बिल्डींग, एस व्हि रोडलकी, हाँटेलच्या समोर, बांद्रा प, ,   ","05, Hunger Haveli, 404, Haji Mohammed, Noora Building, S V Rodalki, Opposite Hotel, Bandra P, ,",19.0513393,72.83235069999999,"3R3M+23F, Rangsharda Marg, Bandra Reclamation Flyover, near Lilavati Hospital, Nityanand Nagar, A Block BKC, Bandra West, Mumbai, Maharashtra 400050, India"
959,1763.pdf,02/01/2025,15:10,02/01/2025,15:10," हाँटेल रंगशारदाजवळ असलेल्या , कच्च्या झोपडीजवळ, केसीमार्ग, वांद्रे, पश्‍चिम, मंबई ,  ","Located Near Hotel Rangsharada, Near Kachcha Chhoti, KC Marg, Bandra, West, Mumbai,",19.0595596,72.8295287,"Bandra West, Mumbai, Maharashtra, India"
960,1765.pdf,16/01/2025,00:05,16/01/2025,00:05," जरीमरी मंदिर पाठीमागे,, वांद्रे तलावाच्या समोर, wales रोड, वांद्रे प  मु,  2   ","Behind Jarimari Mandir,, Opposite Bandra Lake, Wales Road, Bandra P Mu, 2",19.0574544,72.83364499999999,"3R4M+XFJ, Waterfield Road, Bandra West, Mumbai, Maharashtra 400050, India"
961,1768.pdf,17/01/2025,12:15,17/01/2025,12:15," भाभा रुग्णालय समोर, वाँटरफिल्ड, ,वांद्रे पश्चीम,मुंबई 50 ,   ","Opposite Bhabha Hospital, Vanterfield, Bandra West, Mumbai 50,",18.9581934,72.8320729,"Mumbai, Maharashtra, India"
962,1767.pdf,16/01/2025,02:00,16/01/2025,02:00," अपना दवाखान्याजवळ, , महाराष्ट्रनगर, वांद्रे पश्‍चिम, मुंबई ,   ","Near Apna Dispensary, , Maharashtranagar, Bandra West, Mumbai ,",19.0561637,72.8314252,"36-B, 9th Rd, Sayed Wadi, Bandra West, Mumbai, Maharashtra 400050, India"
963,1769.pdf,17/01/2025,15:00,17/01/2025,15:00," पिनँकल गोल्ड,9 वा रोड,, अल्मेडा पार्क जवळ,, वांद्रे पश्चीम ,मुंबई 50,   ","Pinnacle Gold,9th Road,,Near Alameda Park,,Bandra West,Mumbai 50,",19.0552247,72.8373787,"239, Swami Vivekanand Rd, S.V. Road, Bandra West, Mumbai, Maharashtra 400050, India"
964,1770.pdf,08/01/2025,12:00,09/01/2025,13:27," गुलाटी पेट्रोलपंप, , राम मंदिर समोर,एस व्ही रोड,, वांद्रे पश्‍चिम, मुंबई 50,   ","Gulati Petrol Pump, , Opposite Ram Mandir, SV Road,, Bandre West, Mumbai 50,",19.0514202,72.831206,"KC Marg, Bandra West, 400050, India"
965,1772.pdf,02/01/2025,18:35,02/01/2025,18:35," बांद्रा रिकलेमेशन बस Sut समो, स्वामी नित्यानंद नगर, केसी, मार्ग, वांद्रे, पश्‍चिम, मंबई,  ","Bandra Reclamation Bus Sut Samo, Swami Nityananda Nagar, KC, Marg, Bandra, West, Mumbai,",19.0530943,72.8404424,"3R3R+65P BUS DEPOT, PLOT NO.2, near Bandra, C Block BKC, SHASTRI NAGAR, Bandra West, Mumbai, Maharashtra 400050, India"
966,1771.pdf,18/01/2025,03:00,18/01/2025,03:00," शास्त्री नगर, , बस डेपोच्या पाठीमागे, , वांद्रे पश्‍चिम, मुंबई 50,   ","Shastri Nagar, , Behind Bus Depot, , Bandra West, Mumbai 50,",19.0581737,72.836229,"3R5P+7F9, Dr V Raghunath Marg, Bandra West, Mumbai, Maharashtra 400050, India"
967,1773.pdf,19/01/2025,13:34,19/01/2025,13:34," ए/ 04, आनंद कोर्ट डाँ, रघुनाथ मार्ग, वांद्रे पश्‍चिम ,   ","A/ 04, Anand Court Dr, Raghunath Marg, Bandra West,",19.0514202,72.831206,"KC Marg, Bandra West, 400050, India"
968,1777.pdf,02/01/2025,18:35,02/01/2025,18:35," बांद्रा रिकलेमेशन बस Sut समो, स्वामी नित्यानंद नगर, केसी, मार्ग, वांद्रे, पश्‍चिम, मंबई,  ","Bandra Reclamation Bus Sut Samo, Swami Nityananda Nagar, KC, Marg, Bandra, West, Mumbai,",19.0510479,72.8385002,"50, Swami Vivekanand Rd, Near Jama Masjid, C Block BKC, Qurese Nagar, Bandra West, Mumbai, Maharashtra 400050, India"
969,1775.pdf,19/01/2025,22:20,19/01/2025,22:30," लकी हाँटेल समोर,एस व्ही रोड,, वांद्रे पश्‍चिम मुंबई 50 ,   ","Opposite Lucky Hotel, SV Road, Bandra West Mumbai 50,",19.051016,72.8355244,"14, LK Mehta Marg, Reclamation, Bandra West, Mumbai, Maharashtra 400050, India"
970,1778.pdf,13/01/2025,16:00,13/01/2025,16:00," लालमिट्टी, वांद्रे पश्‍चिम मुं, वांद्रे प मुबंई ,   ","Lalmitti, Bandra West Mumbai, Bandra P Mumbai,",19.0581737,72.836229,"3R5P+7F9, Dr V Raghunath Marg, Bandra West, Mumbai, Maharashtra 400050, India"
971,1776.pdf,19/01/2025,13:34,19/01/2025,13:34," ए/ 04, आनंद कोर्ट डाँ, रघुनाथ मार्ग, वांद्रे पश्‍चिम ,   ","A/ 04, Anand Court Dr, Raghunath Marg, Bandra West,",18.9209939,72.8303614,"WRCJ+94X, Henry Rd, Cusrow Baug Colony, Apollo Bandar, Colaba, Mumbai, Maharashtra 400001, India"
972,1774.pdf,11/05/2025,14:13,11/05/2025,14:16," खुप्रोबाग जवळ, इलेक्ट्रीक हाउस, टायटन आय प्लस शोरुम, कुलाबा, मुंबई,   ","Near Khuprobagh, Electric House, Titan i Plus Showroom, Colaba, Mumbai,",19.0510479,72.8385002,"50, Swami Vivekanand Rd, Near Jama Masjid, C Block BKC, Qurese Nagar, Bandra West, Mumbai, Maharashtra 400050, India"
973,1779.pdf,20/01/2025,19:00,20/01/2025,19:00," यु ब्रिजच्या खालील , ट्राफिक सिग्नलजवळ,, एस व्ही रोड ,,वांद्रे पश्‍चिम मुंबई 50   ",BELOW U BRIDGE NEAR TRAFFIC SIGNALS SV ROAD BANDRA WEST MUMBAI 50,19.0524576,72.82198369999999,"50, BJ Road, Ranwar, Bandra West, Mumbai, Maharashtra 400050, India"
974,1780.pdf,21/01/2025,02:00,21/01/2025,02:00," बॅन्डस्टँन्ड,, वान्द्रे पश्‍चिम मुंबई 50, ","Bandstand, Bandra West Mumbai 50,",19.05523,72.8320402,"50, Hill Rd, Ranwar, Bandra West, Mumbai, Maharashtra 400050, India"
975,1781.pdf,21/01/2025,02:30,21/01/2025,02:30," SSA माँलच्या समोर,, हिल रोड ,, बांद्रा पश्‍चिम मुंबई 50,   ","Opposite SSA Mall,, Hill Road,, Bandra West Mumbai 50,",19.0610445,72.8268512,"Mac Ronells Bungalow, St. Andrews Road, Pali Hill, Mac Ronells Bungalow, next to Learners Academy School, Bandra West, Mumbai, Maharashtra 400050, India"
976,1782.pdf,09/01/2025,18:00,21/01/2025,18:05," क्रोम स्टुडीओ, कन्डीज रेस्टो, जवळ, सेन्ट एन्ड्रीव्स रोड, पाली हिल वांद्रे प मुंबई ,   ","Chrome Studio, Near Candy's Resto, St. Andrews Road, Pali Hill Bandra P Mumbai,",19.051016,72.8355244,"14, LK Mehta Marg, Reclamation, Bandra West, Mumbai, Maharashtra 400050, India"
977,1784.pdf,13/01/2025,16:00,13/01/2025,16:00," लालमिट्टी, वांद्रे पश्‍चिम मुं, वांद्रे प मुबंई ,   ","Lalmitti, Bandra West Mumbai, Bandra P Mumbai,",19.0545819,72.8344499,"50, Chinchpokli Rd, Santosh Nagar, Bandra West, Mumbai, Maharashtra 400050, India"
978,1788.pdf,01/01/1995,00:00,20/03/2024,00:00," चिंचपोकळी रोड,, वांद्रे पश्चीम, मुंबई 50,   ","Chinchpokli Road, Bandra West, Mumbai 50,",19.0566661,72.8377008,"Bandra Talao, Bandra West, Mumbai, Maharashtra 400050"
979,1789.pdf,22/01/2025,17:50,22/01/2025,17:50," 51 नं बस,, वांद्रे तलाव , , वांद्रे पश्‍चिम मुंबई 400050 ,  ","Bus No. 51, Bandra Lake, Bandra West Mumbai 400050",19.0530047,72.8341295,"289, Bazar Rd, Indiraji Nagar, Bandra West, Mumbai, Maharashtra 400050, India"
980,1783.pdf,11/01/2025,06:00,11/01/2025,06:00," रुम नं 101, रोज कास्टल बिल्डी, 289, बाजार रोड, हायलन्ड कोर्ट, सी विंग जवळ, वान्द्रे प, मुं, ","Room No 101, Rose Castle Bldg., 289, Bazar Road, Highland Court, Near C Wing, Bandra P, Mun,",19.0484742,72.8273626,"50, KC Marg, HIG Colony, Mount Mary, Bandra West, Mumbai, Maharashtra 400050, India"
981,1787.pdf,22/01/2025,02:30,22/01/2025,02:30," लाल मिट्टी , केसी मार्ग, , वांद्रे पश्‍चिम, मुंबई 50,   ","Lal Mitti , KC Marg, , Bandra West, Mumbai 50,",19.0595596,72.8295287,"Bandra West, Mumbai, Maharashtra, India"
982,1785.pdf,22/01/2025,00:15,22/01/2025,00:15," स्वागत हॉटेलसमोर, शास्त्रीनग, वांद्रे बसडेपो समोर, वांद्रे ,   ","Opposite Swagat Hotel, Shastrinag, Bandra Opposite Bus Depot, Bandra,",19.011644,72.835685,"Kamgar Stadium, Babasaheb Ambedkar Nagar, Mumbai, Maharashtra, India"
983,1786.pdf,19/03/2025,12:30,20/03/2025,17:30," नमन मिट टाँवर समोर, कामगर स्टेडीअमचे पाठीमागे, आंब, प्रभादेवी, मुंबई 400028,   ","Opposite Naman Mitt Tower, Behind Kamagar Stadium, Mango, Prabhadevi, Mumbai 400028,",19.0135054,72.8375406,"Senapati Bapat Marg, Dadar West, Mumbai, Maharashtra, India"
984,1791.pdf,22/03/2025,16:45,22/03/2025,16:50," सेनापती बापट मार्गे, मिनाताई ठाकरे फुल मार्केटच्या , उजव्या भिंतीलगत, दादर पश्‍चिम,मुंबई 400028  ","Senapati Bapat Via, Near Right Wall Of Minatai Thackeray Full Market, Dadar West, Mumbai 400028",18.9143228,72.83055840000002,"Sunder nagri, 207, near Colaba Market, Sunder Nagar, Dr Babasaheb Ambedkar Nagar, Azad Nagar, Colaba, Mumbai, Maharashtra 400005, India"
985,1790.pdf,06/05/2025,12:30,18/05/2025,08:30," 38, बापू नाखवा चाळ,लाला निगम रोड, सुंदर नगरी,जमशेदजी बंदर, कुलाबा, मुंबई- 05, ","38, Bapu Nakhawa Chal, Lala Nigam Road, Sundar Nagri, Jamshedji Bandar, Colaba, Mumbai- 05,",19.00832,72.830725,"Dhanmill Naka, Lower Parel, Elphinstone, Lower Parel, Mumbai, Maharashtra 400013, India"
986,1792.pdf,25/11/2024,12:30,25/11/2024,13:00," गोखले रोड , धनमील नाका, साउथ प्रभादेवी मुंबई 25 ,   ","Gokhale Road, Dhanmil Naka, South Prabhadevi Mumbai 25,",19.0135054,72.8375406,"Senapati Bapat Marg, Dadar West, Mumbai, Maharashtra, India"
987,1793.pdf,22/03/2025,16:45,22/03/2025,16:50," सेनापती बापट मार्गे, मिनाताई ठाकरे फुल मार्केटच्या , उजव्या भिंतीलगत, दादर पश्‍चिम,मुंबई 400028  ","Senapati Bapat Via, Near Right Wall Of Minatai Thackeray Full Market, Dadar West, Mumbai 400028",19.0115221,72.83435419999999,"Tilak Bhavan, Kakasaheb Gadgil Marg, Babasaheb Ambedkar Nagar, Mumbai, Maharashtra 400025, India"
988,1797.pdf,23/03/2025,00:15,23/03/2025,00:30," काकासाहेब गाडगीळ मार्ग, टिळक भवन दुध वाला कर्नर जवळ, प्रभादेवी,मुंबई 25   ","Kakasaheb Gadgil Marg, Tilak Bhavan Near Dudhwala Corner, Prabhadevi, Mumbai 25",18.9169857,72.82869099999999,"240, Lala Nigam Rd, Apollo Bandar, Colaba, Mumbai, Maharashtra 400005, India"
989,1794.pdf,20/05/2025,17:00,20/05/2025,17:05," 240, लाला निगम रोड, आझाद नगर झोपडपट्टी, कुलाबा, मुंबई 05,   ","240, Lala Nigam Road, Azad Nagar Slum, Colaba, Mumbai 05,",19.0510479,72.8385002,"50, Swami Vivekanand Rd, Near Jama Masjid, C Block BKC, Qurese Nagar, Bandra West, Mumbai, Maharashtra 400050, India"
990,1795.pdf,20/01/2025,19:00,20/01/2025,19:00," यु ब्रिजच्या खालील , ट्राफिक सिग्नलजवळ,, एस व्ही रोड ,,वांद्रे पश्‍चिम मुंबई 50   ",BELOW U BRIDGE NEAR TRAFFIC SIGNALS SV ROAD BANDRA WEST MUMBAI 50,19.0115221,72.83435419999999,"Tilak Bhavan, Kakasaheb Gadgil Marg, Babasaheb Ambedkar Nagar, Mumbai, Maharashtra 400025, India"
991,1796.pdf,23/03/2025,00:15,23/03/2025,00:30," काकासाहेब गाडगीळ मार्ग, टिळक भवन दुध वाला कर्नर जवळ, प्रभादेवी,मुंबई 25   ","Kakasaheb Gadgil Marg, Tilak Bhavan Near Dudhwala Corner, Prabhadevi, Mumbai 25",18.9067031,72.8147123,"Colaba, Mumbai, Maharashtra, India"
992,1798.pdf,22/05/2025,17:35,22/05/2025,17:40," बस जहांगीर आर्ट गलेरी समोरील, रस्त्याच्या पत्नीकडे बस स्टप 26, कुलाबा, मुंबई,   ","Bus Stop 26, Colaba, Mumbai, opposite Jahangir Art Gallery, Patna Road",19.0083716,72.8346913,"Elphinstone Bridge, 1, Jagannath Bhatankar Marg, Dighe Nagar, Parel, Mumbai, Maharashtra 400013, India"
993,1801.pdf,24/03/2025,00:45,24/03/2025,00:55," सेनापती बापट मार्ग, एलफिस्टन ब्रिजच्या खाली,, प्रभादेवी, मुंबई ,   ","Senapati Bapat Marg, Below Elphiston Bridge,, Prabhadevi, Mumbai ,",18.9169858,72.82869099999999,"254, Lala Nigam Rd, Apollo Bandar, Colaba, Mumbai, Maharashtra 400005, India"
994,1800.pdf,23/05/2025,06:00,23/05/2025,06:15," रूम न254, लाला निगम रोड, आझाद नगरी, कुलाबा,मुंबई,   ","Room No 254, Lala Nigam Road, Azad Nagri, Colaba, Mumbai,",19.0129086,72.8330639,"Aashish Industrial Estate, Dadar West, Parel, Mumbai, Maharashtra 400025, India"
995,1799.pdf,23/03/2025,16:00,23/03/2025,16:10," आशिष इंडस्ट्री समोर, झिंग प्लाझा , दादर , मुंबई ,   ","Opposite Ashish Industry, Zing Plaza, Dadar, Mumbai,",18.9169858,72.82869099999999,"253, Lala Nigam Rd, Apollo Bandar, Colaba, Mumbai, Maharashtra 400005, India"
996,1802.pdf,23/05/2025,06:00,23/05/2025,06:05," रूम नं 253, लाला निगम रोड, आझादनगरी, कुलाबा, मुंबई,  ","Room No 253, Lala Nigam Road, Azadnagari, Colaba, Mumbai,",19.011888,72.8256993,"Century Bazaar, Prabhadevi, Mumbai, Maharashtra, India"
997,1803.pdf,24/03/2025,15:03,24/03/2025,15:15," FIAT शोरूमच्या समोर,, सेंच्युरी बाजारच्या सिग्नला,, मुंबई , ","IN FRONT OF FIAT SHOWROOM,, CENTURY BAZAAR SIGNALA,, MUMBAI,",19.0524576,72.82198369999999,"50, BJ Road, Ranwar, Bandra West, Mumbai, Maharashtra 400050, India"
998,1806.pdf,21/01/2025,02:00,21/01/2025,02:00," बॅन्डस्टँन्ड,, वान्द्रे पश्‍चिम मुंबई 50, ","Bandstand, Bandra West Mumbai 50,",18.9571401,72.8073218,"XR44+VW4, Dadi Seth Road, Grant Road West, Dadi Sheth Wadi, Malabar Hill, Mumbai, Maharashtra 400007, India"
999,1805.pdf,25/05/2025,23:10,25/05/2025,23:12," 18, एनएसावंत मार्ग, फायर स्टेशन , जवळ जेके मेहता ब्लॉक, कुलाबा, मुंबई,   ","18, NSavant Marg, Fire Station, Near JK Mehta Block, Colaba, Mumbai,",18.9692903,72.846633,"5/22, Dockyard, Wadi Bandar, Colaba, Mumbai, Maharashtra 400010, India"
1000,1812.pdf,25/05/2025,22:00,25/05/2025,22:15," रूम नं 116 एव बी च्या समोर, सुंदरनगरी, कुलाबा, मुंबई- 05,   ","Opposite Room No. 116 and B, Sundarnagari, Colaba, Mumbai-05,",18.914574,72.8244574,"Shahid Bhagat Singh Rd, Colaba, Mumbai, Maharashtra, India"
1001,1810.pdf,26/05/2025,01:00,26/05/2025,01:10," रिगल जंक्शन, कुलाबा येथुन , एस बी एस रोडच्या दिशेने , कुलाबा मुंबई,  ","Regal Junction, Colaba Yethun, Towards SBS Road, Colaba Mumbai,",19.0177989,72.84781199999999,"Dadar, Mumbai, Maharashtra, India"
1002,1804.pdf,12/03/2024,00:00,08/09/2024,17:10," सी/121, काशीनाथ धुरू रोड, दादर पण्चिम अपार्टमेन्ट, दादर पण्चिम, ,मुंबई 28   ","C/121, Kashinath Dhuru Road, Dadar Panchim Apartment, Dadar Panchim, ,Mumbai 28",18.9991425,72.8214543,"63/25, near Shriram Mill Compound, Worli Naka, BDD Chawls Worli, Worli, Mumbai, Maharashtra 400018, India"
1003,1811.pdf,04/12/2011,23:00,28/01/2025,23:15," 69, सेच्युरी बाजार, आदर्श नगर कलनी, प्रभादेवी, वरळी, मुंबई 25,   ","69, Century Bazar, Adarsh ​​Nagar Kalani, Prabhadevi, Worli, Mumbai 25,",18.920717,72.830649,"Adenwala Rd, Apollo Bandar, Colaba, Mumbai, Maharashtra 400001, India"
1004,1808.pdf,25/05/2025,23:40,26/05/2025,00:25," कुलाबा मार्केट कुलाबावाडी, शेजारील मोकळया जागेत , कुलाबा मुंबई  05,  ","KULABA MARKET KULABAWADI, NEXT OPEN SPACE , KULABA MUMBAI 05,",19.0114274,72.83241559999999,"Irani Chawl, Gokhale Road (S, Sayani Rd, Babasaheb Ambedkar Nagar, Dadar, Mumbai, Maharashtra 400025, India"
1005,1807.pdf,25/03/2025,13:30,25/03/2025,13:40," गोखले रोड, सुजय हटेल समोर, दादर प मुंबई ,   ","Gokhale Road, Opposite Sujay Hutel, Dadar P Mumbai,",19.0175163,72.83863769999999,"503, Bhavani Complex, Brahman Seva Mandal, 5, Bhavani Shankar Rd, opposite Mumbai, Near Kabutar khana, Dadar West, Dadar, Mumbai, Maharashtra 400028, India"
1006,1809.pdf,24/03/2025,16:30,24/03/2025,16:40," 503, 5, भवानी शंकर रोड , , शांतीनगर को ऑ हो सोसायटी, गरेज गल्ली,दादर, मुंबई 25   ","503, 5, Bhawani Shankar Road, , Shantinagar Co O Ho Society, Garage Galli, Dadar, Mumbai 25",18.9302585,72.826314,"7, Dinshaw Vacha Rd, Churchgate, Mumbai, Maharashtra 400020, India"
1007,1813.pdf,25/12/2023,11:00,07/01/2025,14:00," 07, दिनशा वाच्चा रोड, राखीमहल, दुसरा मजला, चर्चगेट मुंबई,   ","07, Dinsha Vaccha Road, Rakhimahal, 2nd Floor, Churchgate Mumbai,",18.9067031,72.8147123,"Colaba, Mumbai, Maharashtra, India"
1008,1818.pdf,28/05/2025,14:00,28/05/2025,22:00," सेंट्रल 91 बिल्डिंग, नेव्हल डॉकयार्ड, कुलाबा,मुंबई ,   ","Central 91 Building, Naval Dockyard, Colaba, Mumbai,",18.9169545,72.8287209,"97, Lala Nigam Rd, Apollo Bandar, Colaba, Mumbai, Maharashtra 400005, India"
1009,1814.pdf,28/05/2025,12:45,28/05/2025,13:00," 97, लाला निगम रोड, सुंदरनगरी झोपडपट्टी 1 माळा, कुलाबा मुंबई,   ","97, Lala Nigam Road, Sundernagari Slum 1 Mala, Colaba Mumbai,",19.05523,72.8320402,"50, Hill Rd, Ranwar, Bandra West, Mumbai, Maharashtra 400050, India"
1010,1817.pdf,21/01/2025,02:30,21/01/2025,02:30," SSA माँलच्या समोर,, हिल रोड ,, बांद्रा पश्‍चिम मुंबई 50,   ","Opposite SSA Mall,, Hill Road,, Bandra West Mumbai 50,",18.9198657,72.8298371,"Shahid Bhagat Singh Rd, Mumbai, Maharashtra, India"
1011,1815.pdf,29/05/2025,08:10,29/05/2025,08:15," शहीद भगतसिंग रोड, बेस्ट 1  ठाण्या पासून दिशा Beat No. (बीट क्र.):  स्ट भवन, कुलाबा मुंबई, ","Shaheed Bhagat Singh Road, Best 1 from Thane to Disha Beat No. (Beat No.): St Bhawan, Colaba Mumbai,",19.0168763,72.8353683,"5, Bhavani Shankar Road, Matkar Marg, Dadar West, Babasaheb Ambedkar Nagar, Dadar, Mumbai, Maharashtra 400028, India"
1012,1816.pdf,01/12/2024,00:00,03/01/2025,00:00," दादर पोलीस ठाणे हद्द, दादर पश्‍चिंम,मुंबई   ","Dadar Police Station Limit, Dadar West, Mumbai",19.017085,72.8423396,"Upendra Nagar, Senapati Bapat Marg, Dadar East, Dadar, Mumbai, Maharashtra 400028, India"
1013,1821.pdf,01/04/2022,11:00,01/04/2025,11:00," 04, सेनापती बापट मार्ग,, उपेन्द्रनगर,दादर रेल्वे ब्रिज, दादर पश्‍चिम,मुंबई 400028,   ","04, Senapati Bapat Marg,, Upendranagar, Dadar Railway Bridge, Dadar West, Mumbai 400028,",19.017085,72.8423396,"Upendra Nagar, Senapati Bapat Marg, Dadar East, Dadar, Mumbai, Maharashtra 400028, India"
1014,1819.pdf,01/04/2022,11:00,01/04/2025,11:00," 04, सेनापती बापट मार्ग,, उपेन्द्रनगर,दादर रेल्वे ब्रिज, दादर पश्‍चिम,मुंबई 400028,   ","04, Senapati Bapat Marg,, Upendranagar, Dadar Railway Bridge, Dadar West, Mumbai 400028,",19.017085,72.8423396,"Upendra Nagar, Senapati Bapat Marg, Dadar East, Dadar, Mumbai, Maharashtra 400028, India"
1015,1820.pdf,01/04/2022,11:00,01/04/2025,11:00," 04, सेनापती बापट मार्ग,, उपेन्द्रनगर,दादर रेल्वे ब्रिज, दादर पश्‍चिम,मुंबई 400028,   ","04, Senapati Bapat Marg,, Upendranagar, Dadar Railway Bridge, Dadar West, Mumbai 400028,",19.017085,72.8423396,"Upendra Nagar, Senapati Bapat Marg, Dadar East, Dadar, Mumbai, Maharashtra 400028, India"
1016,1822.pdf,01/05/2023,11:00,01/04/2025,19:30," 175/11, सेनापती बापट मार्ग,, उपेन्द्रनगर, दादर पश्‍चिम,मुंबई 400028,   ","175/11, Senapati Bapat Marg,, Upendranagar, Dadar West, Mumbai 400028,",19.017085,72.8423396,"Upendra Nagar, Senapati Bapat Marg, Dadar East, Dadar, Mumbai, Maharashtra 400028, India"
1017,1823.pdf,01/05/2023,11:00,01/04/2025,19:30," 175/11, सेनापती बापट मार्ग,, उपेन्द्रनगर, दादर पश्‍चिम,मुंबई 400028,   ","175/11, Senapati Bapat Marg,, Upendranagar, Dadar West, Mumbai 400028,",19.0131687,72.82070039999999,"Sasmira Rd, Municipal Colony, Worli Shivaji Nagar, Worli, Mumbai, Maharashtra 400030, India"
1018,1824.pdf,26/02/2025,17:00,25/03/2025,07:00," वरळी बस डेपो, जनता काँलनी, वरळी कोळीवाडा मुंबई 30,   ","Worli Bus Depot, Janta Kalni, Worli Koliwada Mumbai 30,",19.011888,72.8256993,"Century Bazaar, Prabhadevi, Mumbai, Maharashtra, India"
1019,1827.pdf,23/10/2023,00:00,12/03/2025,11:00," 805, सेंच्युरी बाजार, आठवा मजला, सी सुंदर नगर, प्रभादेवी, मुंबई25 ,  ","805, Century Bazaar, Eighth Floor, C Sundar Nagar, Prabhadevi, Mumbai25,",19.011888,72.8256993,"Century Bazaar, Prabhadevi, Mumbai, Maharashtra, India"
1020,1830.pdf,23/10/2023,00:00,12/03/2025,11:00," 805, सेंच्युरी बाजार, आठवा मजला, सी सुंदर नगर, प्रभादेवी, मुंबई25 ,  ","805, Century Bazaar, Eighth Floor, C Sundar Nagar, Prabhadevi, Mumbai25,",19.0131687,72.82070039999999,"Sasmira Rd, Municipal Colony, Worli Shivaji Nagar, Worli, Mumbai, Maharashtra 400030, India"
1021,1825.pdf,26/02/2025,17:00,25/03/2025,07:00," वरळी बस डेपो, जनता काँलनी, वरळी कोळीवाडा मुंबई 30,   ","Worli Bus Depot, Janta Kalni, Worli Koliwada Mumbai 30,",19.0131687,72.82070039999999,"Sasmira Rd, Municipal Colony, Worli Shivaji Nagar, Worli, Mumbai, Maharashtra 400030, India"
1022,1826.pdf,26/02/2025,17:00,25/03/2025,07:00," वरळी बस डेपो, जनता काँलनी, वरळी कोळीवाडा मुंबई 30,   ","Worli Bus Depot, Janta Kalni, Worli Koliwada Mumbai 30,",19.011888,72.8256993,"Century Bazaar, Prabhadevi, Mumbai, Maharashtra, India"
1023,1831.pdf,23/10/2023,00:00,12/03/2025,11:00," 805, सेंच्युरी बाजार, आठवा मजला, सी सुंदर नगर, प्रभादेवी, मुंबई25 ,  ","805, Century Bazaar, Eighth Floor, C Sundar Nagar, Prabhadevi, Mumbai25,",19.0123285,72.8286766,"Orbit Plaza, New Prabhadevi Rd, Prabhadevi, Mumbai, Maharashtra 400025, India"
1024,1829.pdf,11/01/2025,16:40,11/01/2025,17:30," ऑरबिट प्लाझा बिल्डींगजवळील , जवळ,भिंतीला लागुन असलेल्या , फुटपाथ व प्रभादेवी सर्कतर,,प्रभादेवी , दादर प, मुंबई   ","Near Orbit Plaza Building, Near, Adjacent to Wall, Footpath and Prabhadevi Sarkar,, Prabhadevi, Dadar P, Mumbai",19.0610445,72.8268512,"Mac Ronells Bungalow, St. Andrews Road, Pali Hill, Mac Ronells Bungalow, next to Learners Academy School, Bandra West, Mumbai, Maharashtra 400050, India"
1025,1828.pdf,09/01/2025,18:00,21/01/2025,18:05," क्रोम स्टुडीओ, कन्डीज रेस्टो, जवळ, सेन्ट एन्ड्रीव्स रोड, पाली हिल वांद्रे प मुंबई ,   ","Chrome Studio, Near Candy's Resto, St. Andrews Road, Pali Hill Bandra P Mumbai,",19.0112033,72.8370152,"Swarajya CHS, West, Senapati Bapat Marg, Babasaheb Ambedkar Nagar, Prabhadevi, Mumbai, Maharashtra 400013, India"
1026,1832.pdf,03/03/2025,06:00,13/03/2025,10:00," 214, 2 रा मजला,बिल्डींग नं 01 , स्वराज्य सी एच एस, सनशाईन टाँवर जवळ,सेनापती बापट मार्ग दादर प F-400013   ","214, 2nd Floor, Building No. 01, Swarajya CHS, Near Sunshine Tower, Senapati Bapat Marg Dadar P-400013",19.0112033,72.8370152,"Swarajya CHS, West, Senapati Bapat Marg, Babasaheb Ambedkar Nagar, Prabhadevi, Mumbai, Maharashtra 400013, India"
1027,1833.pdf,03/03/2025,06:00,13/03/2025,10:00," 214, 2 रा मजला,बिल्डींग नं 01 , स्वराज्य सी एच एस, सनशाईन टाँवर जवळ,सेनापती बापट मार्ग दादर प F-400013   ","214, 2nd Floor, Building No. 01, Swarajya CHS, Near Sunshine Tower, Senapati Bapat Marg Dadar P-400013",19.0106968,72.8368469,"2R6P+7PH, Dadar West, Prabhadevi, Mumbai, Maharashtra 400013, India"
1028,1836.pdf,31/03/2025,16:30,31/03/2025,17:00," आंबेडकरनगर,, खापरीदेवी चाळ, प्रभादेवी, मुंबई,   ","Ambedkar Nagar, Khaparidevi Chall, Prabhadevi, Mumbai,",19.0106968,72.8368469,"2R6P+7PH, Dadar West, Prabhadevi, Mumbai, Maharashtra 400013, India"
1029,1838.pdf,31/03/2025,16:30,31/03/2025,17:00," आंबेडकरनगर,, खापरीदेवी चाळ, प्रभादेवी, मुंबई,   ","Ambedkar Nagar, Khaparidevi Chall, Prabhadevi, Mumbai,",19.0112033,72.8370152,"Swarajya CHS, West, Senapati Bapat Marg, Babasaheb Ambedkar Nagar, Prabhadevi, Mumbai, Maharashtra 400013, India"
1030,1834.pdf,03/03/2025,06:00,13/03/2025,10:00," 214, 2 रा मजला,बिल्डींग नं 01 , स्वराज्य सी एच एस, सनशाईन टाँवर जवळ,सेनापती बापट मार्ग दादर प F-400013   ","214, 2nd Floor, Building No. 01, Swarajya CHS, Near Sunshine Tower, Senapati Bapat Marg Dadar P-400013",19.0106968,72.8368469,"2R6P+7PH, Dadar West, Prabhadevi, Mumbai, Maharashtra 400013, India"
1031,1837.pdf,31/03/2025,16:30,31/03/2025,17:00," आंबेडकरनगर,, खापरीदेवी चाळ, प्रभादेवी, मुंबई,   ","Ambedkar Nagar, Khaparidevi Chall, Prabhadevi, Mumbai,",19.0112033,72.8370152,"Swarajya CHS, West, Senapati Bapat Marg, Babasaheb Ambedkar Nagar, Prabhadevi, Mumbai, Maharashtra 400013, India"
1032,1835.pdf,03/03/2025,06:00,13/03/2025,10:00," 214, 2 रा मजला,बिल्डींग नं 01 , स्वराज्य सी एच एस, सनशाईन टाँवर जवळ,सेनापती बापट मार्ग दादर प F-400013   ","214, 2nd Floor, Building No. 01, Swarajya CHS, Near Sunshine Tower, Senapati Bapat Marg Dadar P-400013",19.0530047,72.8341295,"289, Bazar Rd, Indiraji Nagar, Bandra West, Mumbai, Maharashtra 400050, India"
1033,1839.pdf,11/01/2025,06:00,11/01/2025,06:00," रुम नं 101, रोज कास्टल बिल्डी, 289, बाजार रोड, हायलन्ड कोर्ट, सी विंग जवळ, वान्द्रे प, मुं, ","Room No 101, Rose Castle Bldg., 289, Bazar Road, Highland Court, Near C Wing, Bandra P, Mun,",19.0106968,72.8368469,"2R6P+7PH, Dadar West, Prabhadevi, Mumbai, Maharashtra 400013, India"
1034,1840.pdf,31/03/2025,16:30,31/03/2025,17:00," आंबेडकरनगर,, खापरीदेवी चाळ, प्रभादेवी, मुंबई,   ","Ambedkar Nagar, Khaparidevi Chall, Prabhadevi, Mumbai,",19.0143064,72.82776659999999,"MAK Devika, New Prabhadevi Rd, opposite prabhadevi mandir, Ameya Society, Prabhadevi, Mumbai, Maharashtra 400025, India"
1035,1841.pdf,09/01/2025,22:00,10/01/2025,10:00," प्रभादेवी मंदीरासमोर, , मकदेवीका इमारतीच्या , गेटच्या आतमध्ये,,प्रभादेवी , मुंबई   ","Opposite Prabhadevi Temple, Inside Gate, Makdevika Building, Prabhadevi, Mumbai",19.0170574,72.8409291,"443, Senapati Bapat Marg, Priyadarshini Society, Dadar, Mumbai, Maharashtra 400028, India"
1036,1842.pdf,07/04/2025,14:19,07/04/2025,14:25," 443, सेनापती बापट मार्ग, मीनाताई ठाकरे फुल मार्केट,, दादर पश्‍चिम, मुंबई,   ","443, Senapati Bapat Marg, Meenatai Thackeray Full Market,, Dadar West, Mumbai,",19.0170574,72.8409291,"443, Senapati Bapat Marg, Priyadarshini Society, Dadar, Mumbai, Maharashtra 400028, India"
1037,1843.pdf,07/04/2025,14:19,07/04/2025,14:25," 443, सेनापती बापट मार्ग, मीनाताई ठाकरे फुल मार्केट,, दादर पश्‍चिम, मुंबई,   ","443, Senapati Bapat Marg, Meenatai Thackeray Full Market,, Dadar West, Mumbai,",19.0170574,72.8409291,"443, Senapati Bapat Marg, Priyadarshini Society, Dadar, Mumbai, Maharashtra 400028, India"
1038,1845.pdf,07/04/2025,14:19,07/04/2025,14:25," 443, सेनापती बापट मार्ग, मीनाताई ठाकरे फुल मार्केट,, दादर पश्‍चिम, मुंबई,   ","443, Senapati Bapat Marg, Meenatai Thackeray Full Market,, Dadar West, Mumbai,",19.0175257,72.8384601,"Bhavani Shankar Rd, Dadar West, Dadar, Mumbai, Maharashtra, India"
1039,1849.pdf,09/04/2025,17:15,09/04/2025,17:20," ,भंवानी शंकर रोड, , बाबुराव परोटेकर रोडच्या फुटपाथ, दादर मुंबई 28, ",", BHWANI SHANKAR ROAD, , FOOTWEAR OF BABURAO PAROTEKAR ROAD, DADAR MUMBAI 28,",19.0170574,72.8409291,"443, Senapati Bapat Marg, Priyadarshini Society, Dadar, Mumbai, Maharashtra 400028, India"
1040,1844.pdf,07/04/2025,14:19,07/04/2025,14:25," 443, सेनापती बापट मार्ग, मीनाताई ठाकरे फुल मार्केट,, दादर पश्‍चिम, मुंबई,   ","443, Senapati Bapat Marg, Meenatai Thackeray Full Market,, Dadar West, Mumbai,",19.0139266,72.82454969999999,"Office No-1, 502, S.V, Swatantryaveer Savarkar Rd, Opposite, Century Bazaar, Prabhadevi, Mumbai, Maharashtra 400025, India"
1041,1848.pdf,08/04/2025,02:45,08/04/2025,02:50," वीर सावरकर मार्ग,, बेंगॉल केमीकल जंक्षन,, प्रभादेवी,मुंबई,  ","Veer Savarkar Marg,, Bengal Chemical Junction,, Prabhadevi, Mumbai,",19.0139266,72.82454969999999,"Office No-1, 502, S.V, Swatantryaveer Savarkar Rd, Opposite, Century Bazaar, Prabhadevi, Mumbai, Maharashtra 400025, India"
1042,1847.pdf,08/04/2025,02:45,08/04/2025,02:50," वीर सावरकर मार्ग,, बेंगॉल केमीकल जंक्षन,, प्रभादेवी,मुंबई,  ","Veer Savarkar Marg,, Bengal Chemical Junction,, Prabhadevi, Mumbai,",19.0139266,72.82454969999999,"Office No-1, 502, S.V, Swatantryaveer Savarkar Rd, Opposite, Century Bazaar, Prabhadevi, Mumbai, Maharashtra 400025, India"
1043,1846.pdf,08/04/2025,02:45,08/04/2025,02:50," वीर सावरकर मार्ग,, बेंगॉल केमीकल जंक्षन,, प्रभादेवी,मुंबई,  ","Veer Savarkar Marg,, Bengal Chemical Junction,, Prabhadevi, Mumbai,",19.0595596,72.8295287,"Bandra West, Mumbai, Maharashtra, India"
1044,1850.pdf,22/01/2025,00:15,22/01/2025,00:15," स्वागत हॉटेलसमोर, शास्त्रीनग, वांद्रे बसडेपो समोर, वांद्रे ,   ","Opposite Swagat Hotel, Shastrinag, Bandra Opposite Bus Depot, Bandra,",19.0175257,72.8384601,"Bhavani Shankar Rd, Dadar West, Dadar, Mumbai, Maharashtra, India"
1045,1851.pdf,09/04/2025,17:15,09/04/2025,17:20," ,भंवानी शंकर रोड, , बाबुराव परोटेकर रोडच्या फुटपाथ, दादर मुंबई 28, ",", BHWANI SHANKAR ROAD, , FOOTWEAR OF BABURAO PAROTEKAR ROAD, DADAR MUMBAI 28,",19.0175257,72.8384601,"Bhavani Shankar Rd, Dadar West, Dadar, Mumbai, Maharashtra, India"
1046,1852.pdf,09/04/2025,17:15,09/04/2025,17:20," ,भंवानी शंकर रोड, , बाबुराव परोटेकर रोडच्या फुटपाथ, दादर मुंबई 28, ",", BHWANI SHANKAR ROAD, , FOOTWEAR OF BABURAO PAROTEKAR ROAD, DADAR MUMBAI 28,",19.0118962,72.8238202,"810, 11, Sadanand Hasu Tandel Marg, Shree Sai Sundar Nagar, Kamgar Nagar, Prabhadevi, Mumbai, Maharashtra 400030, India"
1047,1853.pdf,11/01/2025,06:30,11/01/2025,19:00," रूनं 810, , सदानंद हासु तांडेल मार्ग , , बिनं11, साई सुंदर नगर, ,प्रभ्ादेवी,मुंबई राहत्या घरातुन   ","Room No. 810, , Sadanand Hasu Tandel Marg, , No. 11, Sai Sundar Nagar, , Prabhadevi, Mumbai From Residence",19.0177989,72.84781199999999,"Dadar, Mumbai, Maharashtra, India"
1048,1859.pdf,23/06/2025,12:00,23/06/2025,12:05," ब्राडवे जंक्षन पोस्ट ऑफीस समोर, ae बाँड दादर पु मुंबई,   ","Opposite Broadway Junction Post Office, Ae Bond Dadar PU Mumbai,",19.0175257,72.8384601,"Bhavani Shankar Rd, Dadar West, Dadar, Mumbai, Maharashtra, India"
1049,1855.pdf,09/04/2025,17:15,09/04/2025,17:20," ,भंवानी शंकर रोड, , बाबुराव परोटेकर रोडच्या फुटपाथ, दादर मुंबई 28, ",", BHWANI SHANKAR ROAD, , FOOTWEAR OF BABURAO PAROTEKAR ROAD, DADAR MUMBAI 28,",19.0175257,72.8384601,"Bhavani Shankar Rd, Dadar West, Dadar, Mumbai, Maharashtra, India"
1050,1854.pdf,09/04/2025,17:15,09/04/2025,17:20," ,भंवानी शंकर रोड, , बाबुराव परोटेकर रोडच्या फुटपाथ, दादर मुंबई 28, ",", BHWANI SHANKAR ROAD, , FOOTWEAR OF BABURAO PAROTEKAR ROAD, DADAR MUMBAI 28,",19.0184432,72.8396633,"28, Bhavani Shankar Rd, opposite to King's Crest Commercial Center & Ram Mandir, Near Kabutar khana, Dadar West, Dadar, Mumbai, Maharashtra 400028, India"
1051,1856.pdf,09/04/2025,18:15,09/04/2025,18:20," बाबुराव परोटेकर रोडच्या, , फुटपाथवर उजव्या बाजूला,, भवानी शंकर रोड, दादर मुंबई 28, ","Of Baburao Parotekar Road, , Right Side On Sidewalk,, Bhawani Shankar Road, Dadar Mumbai 28,",19.1384906,72.93052229999999,"Lal Bahadur Shastri Marg, near S' ward BMC office, Bhandup (W, Kanjurmarg West, Bhandup West, Mumbai, Maharashtra 400078, India"
1052,1858.pdf,08/04/2025,10:30,08/04/2025,11:00," जाखादेवी चौक, आमंत्रण हॉटेल समोर,, दादर प मुंबई 28, ","Jakhadevi Chowk, Opposite Anantan Hotel,, Dadar P Mumbai 28,",19.0139266,72.82454969999999,"Office No-1, 502, S.V, Swatantryaveer Savarkar Rd, Opposite, Century Bazaar, Prabhadevi, Mumbai, Maharashtra 400025, India"
1053,1860.pdf,13/04/2025,03:15,13/04/2025,03:25," विर सावरकर मार्ग,, बेंगाल केमीकल जंक्षन, प्रभादेवी, मुंबई 25, ","Vir Savarkar Marg,, Bengal Chemical Junction, Prabhadevi, Mumbai 25,",19.0099328,72.829951,"Sumer Trinity Vertical, New Prabhadevi Rd, Kamgar Nagar, Prabhadevi, Mumbai, Maharashtra 400025, India"
1054,1857.pdf,23/08/2024,10:00,10/03/2025,11:00," स्वप्नसाफल्य,साती आसरा सीएच, मोतीलाल ओसवाल टॉवर, प्रभादेवी दादर प मुंबई,  ","Swapnsafalya, Sati Asara CH, Motilal Oswal Tower, Prabhadevi Dadar P Mumbai,",19.0484742,72.8273626,"50, KC Marg, HIG Colony, Mount Mary, Bandra West, Mumbai, Maharashtra 400050, India"
1055,1861.pdf,22/01/2025,02:30,22/01/2025,02:30," लाल मिट्टी , केसी मार्ग, , वांद्रे पश्‍चिम, मुंबई 50,   ","Lal Mitti , KC Marg, , Bandra West, Mumbai 50,",19.0268747,72.8553352,"Matunga East, Mumbai, Maharashtra, India"
1056,1862.pdf,23/06/2025,12:20,23/06/2025,12:25," चिमनभाई व्होरा मार्ग-सहकार भां, आरोरा जंक्षन,डाँन बॉँक्सोकडे, माटुंगा पुर्व मुंबई, ","Chimanbhai Vora Marg-Sahkar Bhan, Arora Junction, Don Bankso, Matunga East Mumbai,",19.0150211,72.8366072,"2R8P+2J5, Bhavani Shankar Rd, Babasaheb Ambedkar Nagar, Dadar West, Mumbai, Maharashtra 400028, India"
1057,1863.pdf,13/04/2025,03:30,13/04/2025,03:35," भवानी शंकर रोड, fret काशा बिल्डींग समोर, दादर पश्‍चिम, मुंबई , ","Bhawani Shankar Road, Opposite Fret Kasha Building, Dadar West, Mumbai,",19.018226,72.8168362,"Koliwada, Worli, Mumbai, Maharashtra 400030, India"
1058,1866.pdf,20/01/2022,12:00,13/04/2025,12:05," 247, बीपीटी काँलनीच्या पाठीमागे, जनता काँलनी, वरळी कोळीवाडा,मुंबई 400030 ,   ","247, BEHIND BPT KOLANI, JANTA KOLANI, WORLI KOLIWADA, MUMBAI 400030 ,",19.0135054,72.8375406,"Senapati Bapat Marg, Dadar West, Mumbai, Maharashtra, India"
1059,1865.pdf,12/01/2025,12:15,12/01/2025,12:20," सेनापती बापट मार्ग,, मिनाताई फुल मार्केटच्या पाठीमा, दादर पश्‍चिम,मुंबई,, ","Senapati Bapat Marg,, Beside Minatai Full Market, Dadar West, Mumbai.",18.9928997,72.8436,"GD Ambekar Marg, Jijamata Nagar, Abhyudaya Nagar, Parel, Mumbai, Maharashtra 400033, India"
1060,1868.pdf,01/01/2023,12:00,13/04/2025,15:00," जी/80/368,, नवतरूण रहिवाषी संघ,गणेश लेन, पहिला मजला, जनता काँलनी,, ,वरळी कोळीवाडा, मुंबई 400030 , 169 बस स्टॉँपच्या पाठीमागे,   ","G/80/368,, Navtarun Rahivashi Sangh, Ganesh Lane, 1st Floor, Janta Kanlani,, ,Worli Koliwada, Mumbai 400030 ,Behind 169 Bus Stop,",19.0268747,72.8553352,"Matunga East, Mumbai, Maharashtra, India"
1061,1867.pdf,24/06/2025,13:50,24/06/2025,13:55," चिमणभाई प्रेमजी व्होरा मार्ग, योजना क्र 57, पथ क्र 10 , एस डब्ल्यु रोड,माटुंगा पुर्व मुंबई   ","Chimanbhai Premji Vora Marg, Scheme No 57, Path No 10, SW Road, Matunga East Mumbai",19.018226,72.8168362,"Koliwada, Worli, Mumbai, Maharashtra 400030, India"
1062,1870.pdf,26/03/2025,12:00,13/04/2025,18:00," 324, जनता काँलनी,, साईकपा सेवा मंडळ, वरळी कोळीवाडा, मुंबई 400030 ,   ","324, Janata Kalni,, Saikpa Seva Mandal, Worli Koliwada, Mumbai 400030,",19.0268747,72.8553352,"Matunga East, Mumbai, Maharashtra, India"
1063,1864.pdf,24/06/2025,13:50,24/06/2025,13:55," चिमणभाई प्रेमजी वोरा मार्ग, माटुंगा पूर्व, मुंबई,-400019   ","Chimanbhai Premji Vora Marg, Matunga East, Mumbai,-400019",19.0545819,72.8344499,"50, Chinchpokli Rd, Santosh Nagar, Bandra West, Mumbai, Maharashtra 400050, India"
1064,1872.pdf,01/01/1995,00:00,20/03/2024,00:00," चिंचपोकळी रोड,, वांद्रे पश्चीम, मुंबई 50,   ","Chinchpokli Road, Bandra West, Mumbai 50,",19.0177255,72.8443667,"Swaminarayan Chowk, Central Railway, opp. Dadar Railway Station, Dadar East, Dadar, Mumbai, Maharashtra 400014, India"
1065,1871.pdf,26/06/2025,11:00,26/06/2025,11:10," स्वामी नारायन मंदीर,, दादर पूर्व, मुंबई ,   ","Swami Narayan Mandir,, Dadar East, Mumbai,",19.0186534,72.8612355,"Wadala Bridge, Mumbai, Maharashtra, India"
1066,1869.pdf,25/06/2025,16:00,25/06/2025,16:45," चार रोड, वडाळा ब्रिज,, गवारे गाव चौकीच्या समोर,, माटूंगा पुर्व मुंबई,-400019 ","Char Road, Wadala Bridge, Opposite Gaware Gaon Chowki, Matunga East Mumbai-400019",18.9762663,72.8405464,"Mustafa Bazar, Byculla, Mumbai, Maharashtra 400010, India"
1067,1873.pdf,12/04/2025,10:45,12/04/2025,11:00," मोतीराम तांडेल चौक, प्रभादेवी मुंबई,  ","Motiram Tandel Chowk, Prabhadevi Mumbai,",19.0127337,72.8258618,"1603, Appasaheb Marathe Marg, Century Bazaar, Prabhadevi, Mumbai, Maharashtra 400025, India"
1068,1875.pdf,04/10/2024,13:00,06/12/2024,14:00," 1603, अप्पा साहेब मराठे मार्ग, सिद॒धी प्रभा सो,न्यू प्रभादेवी, प्रभादेवी मुंबई-25 ,   ","1603, Appa Saheb Marathe Marg, Siddharthi Prabha So, New Prabhadevi, Prabhadevi Mumbai-25,",19.0247465,72.85389959999999,"545, Dr Babasaheb Ambedkar Rd, Matunga East, Mumbai, Maharashtra 400019, India"
1069,1874.pdf,27/06/2025,11:50,27/06/2025,11:55," सेठ खिमजी तेजूकाया रोड , खालसा काँलेज जवळ, , माटुंगा पूर्व, मुंबई,-400019   ","Seth Khimji Tejukaya Road, Near Khalsa College, Matunga East, Mumbai-400019",19.0184246,72.8484161,"Head Post Office E, Dr Babasaheb Ambedkar Rd, opp. Dadar, near Asiad Stand, Parsee Colony, Dadar, Mumbai, Maharashtra 400014, India"
1070,1876.pdf,27/06/2025,16:40,27/06/2025,16:45," डॉ बी ए रोड, धनलक्ष्मी ट्रॅव्हल्स समोर, दादर पूर्व, मुंबई,-400014   ","Dr B A Road, Opposite Dhanalakshmi Travels, Dadar East, Mumbai,-400014",19.0169538,72.83039389999999,"SK Bole Rd, Prabhadevi, Mumbai, Maharashtra 400028, India"
1071,1877.pdf,01/01/2025,07:30,01/01/2025,07:35," एसके बोले रोड, सिध्दीविनायक गणपती मंदीर,, दादर प, मुंबई,   ","SK Bole Road, Siddhivinayak Ganapati Mandir,, Dadar P, Mumbai,",19.0146363,72.8219228,"OPEN AIR THEATRE, Adarsh Nagar Rd, MIG Colony, Adarsh Nagar, Prabhadevi, Mumbai, Maharashtra 400030, India"
1072,1878.pdf,12/01/2025,13:05,12/01/2025,13:09," आदर्शनगर,, वरळी स्पोर्ट क्लबच्या पाठीमाग, वरळी,मुंबई 400030 , ","Adarshnagar,,Behind Worli Sports Club,Worli,Mumbai 400030,",19.0247332,72.8583044,"Nathalal Parekh Marg, near Khalsa College, Matunga East, Mumbai, Maharashtra 400019, India"
1073,1879.pdf,30/06/2025,18:30,30/06/2025,18:35," आयसीटी कलेजच्या समोर,, खालसा कलेजच्या पाठीमागील बाजू, माटुंगा पूर्व, मुंबई 19,   ","Opposite ICT College,, Back Side Khalsa College, Matunga East, Mumbai 19,",19.0255948,72.8571607,"2VG4+6VM, Nathalal Parekh Marg, Matunga East, Mumbai, Maharashtra 400019, India"
1074,1880.pdf,30/06/2025,19:00,30/06/2025,19:15," डॉन बोस्को हायस्कूल पासून, महेश्वरी सर्कलच्या दिशेने , माटुंगा पुर्व मुंबई 19,   ","From Don Bosco High School, towards Maheshwari Circle, Matunga East Mumbai 19,",19.0268747,72.8553352,"Matunga East, Mumbai, Maharashtra, India"
1075,1881.pdf,01/07/2025,15:50,01/07/2025,15:55," अरोरा SMA ACA सर्कल , वरून सायन कडे जाणारा रस्ता, माटुंगा पूर्व मुंबई,   ","ARORA SMA ACA CIRCLE , ROAD TO SION FROM , MATUNGA EAST MUMBAI,",19.0274335,72.856399,"Maheshwari Udyan, Mumbai, Matunga East, Mumbai, Maharashtra 400019, India"
1076,1882.pdf,03/07/2025,18:45,03/07/2025,18:50," डाँ बी ए रोड, दक्षिण वाहीन, महेश्वरी सर्कल , माटुंगा पुर्व मुंबई ,   ","DA B A ROAD, Dakshin Wahin, Maheshwari Circle, Matunga East Mumbai,",19.060927,72.8465307,"Bandra East, Mumbai, Maharashtra, India"
1077,202.pdf,24/01/2025,23:00,25/01/2025,00:45," बीट क्र3 चैकीसमोर, वांद्रे प, वांद्रे प मुबंई50, ","Beat No. 3 Opposite Chaiki, Bandre P, Bandre P Mumbai 50,",19.0440093,72.8449806,"Senapati Bapat Marg, Mahim West, Mahim, Mumbai, Maharashtra, India"
1078,203.pdf,28/07/2025,18:30,28/07/2025,18:30," सेनापती बापट रोड , माहिम फाटक, , माहिम पश्‍चिम मुंबई 16,   ","Senapati Bapat Road, Mahim Phatak, Mahim West Mumbai 16,",19.1131251,72.8583226,"Nahar & Seth Indutrial Estate, G/ D, Chakala, Andheri East, Mumbai, Maharashtra 400099, India"
1079,204.pdf,10/05/2025,15:00,10/05/2025,15:30," कार्डिनल ग्रेसेस रोड, नहार इस्टेटच्या बाजूला, चकाला, अंधेरी पूर्व ,मूंबई,   ","Cardinal Graces Road, Beside Nahar Estate, Chakala, Andheri East, Mumbai,",19.032012,72.8401043,"Mahim West, Mahim, Mumbai, Maharashtra, India"
1080,205.pdf,28/07/2025,10:30,29/07/2025,08:15," 2957, ग्राउंड फलोर ,बीएमसी चाळ,, जनरल अरुनकुमार वैदय मार्ग, , माहिम काँजवे, माहिम पश्‍चिम मुं,16   ","2957, Ground Floor, BMC Chal,, General Arun Kumar Vaidya Marg, Mahim Kanjwe, Mahim West Mun, 16",19.0192343,72.81716519999999,"116, Golfa Devi Temple Rd, Koliwada, Worli, Mumbai, Maharashtra 400030, India"
1081,206.pdf,02/02/2025,22:15,02/02/2025,22:30," 116, गोल्फादेवी रोड, पाखारी गल्ली , वरळी कोळीवाडा,मुंबई   ","116, Golfadevi Road, Pakhari Galli, Worli Koliwada, Mumbai",19.1155015,72.857171,"Andheri - Kurla Rd, Gundavali, Andheri East, Mumbai, Maharashtra, India"
1082,207.pdf,10/05/2025,14:30,10/05/2025,15:00," अंधेरी कुर्ला रोड, आकाष कलेज समोरील बस स्टप , शेजारी, गुंदवली अंधेरी पूर्व, मुंबई   ","Andheri Kurla Road, Bus Stop Opposite Akash College, Neighbourhood, Gundawali Andheri East, Mumbai",19.1185184,72.8590172,"Gundavali, Andheri East, Mumbai, Maharashtra, India"
1083,208.pdf,27/04/2025,04:00,11/05/2025,10:00," गुदंवली Users रोड,, गुदंवली बस स्टाप जवळ,, अंधेरी पुर्व मुंबई , ","Gudanvali Users Road,, Near Gudanvali Bus Stop,, Andheri East Mumbai,",19.1185184,72.8590172,"Gundavali, Andheri East, Mumbai, Maharashtra, India"
1084,209.pdf,27/04/2025,04:00,11/05/2025,10:00," गुदंवली Users रोड,, गुदंवली बस स्टाप जवळ,, अंधेरी पुर्व मुंबई , ","Gudanvali Users Road,, Near Gudanvali Bus Stop,, Andheri East Mumbai,",19.0389887,72.84002219999999,"Mahim Lohar Chawl, Mahim West, Mahim, Mumbai, Maharashtra 400016, India"
1085,210.pdf,29/07/2025,15:00,29/07/2025,15:00," इक्बाल सुभेदार कटरर्स, खाउ गल्ली, लोहार चाळ, , माहिम पश्‍चिम, मुंबई 16,   ","Iqbal Subhedar Cutlers, Khau Galli, Lohar Chal, , Mahim West, Mumbai 16,",19.1185184,72.8590172,"Gundavali, Andheri East, Mumbai, Maharashtra, India"
1086,211.pdf,27/04/2025,04:00,11/05/2025,10:00," गुदंवली Users रोड,, गुदंवली बस स्टाप जवळ,, अंधेरी पुर्व मुंबई , ","Gudanvali Users Road,, Near Gudanvali Bus Stop,, Andheri East Mumbai,",19.0400602,72.84157569999999,"Shop No 1, Mahim Market, Swami Vivekanand Rd, near Dargah, Mahim West, Mahim, Mumbai, Maharashtra 400016, India"
1087,212.pdf,29/07/2025,18:30,29/07/2025,19:05," माहीम दर्गामागील समुद्रकिनारी, माहीम प, मुंबई , ","Beach behind Mahim Dargah, Mahim P, Mumbai,",19.0513393,72.83235069999999,"3R3M+23F, Rangsharda Marg, Bandra Reclamation Flyover, near Lilavati Hospital, Nityanand Nagar, A Block BKC, Bandra West, Mumbai, Maharashtra 400050, India"
1088,213.pdf,25/01/2025,02:30,25/01/2025,02:30," वेस्टर्न एक्सप्रेस हायवे , AY बण्ड रंगषारदा sea , जवळ वांद्रे प मुबंई,   ","Western Express Highway, AY Band Rangsharada Sea, Near Bandra P Mumbai,",19.0381092,72.8408395,"Wanjawadi, Mahim West, Mahim, Mumbai, Maharashtra 400016, India"
1089,214.pdf,29/07/2025,08:00,29/07/2025,14:00," 11, साई मेन्शन, दुसरा माळा,, वांजावाडी, , माहिम पश्‍चिम, मुंबई 400016,   ","11, Sai Mansion, 2nd Floor,, Wanjawadi, , Mahim West, Mumbai 400016,",19.1084019,72.8574355,"Sahar Rd, Navpada, Marol, Andheri East, Mumbai, Maharashtra, India"
1090,215.pdf,12/05/2025,23:00,12/05/2025,23:15," सहार रोड, नवपाडा,, मनियार चाळ,, म्हाडा कलनी, अंधेरी पूर्व,, मुंबई   ","Sahar Road, Navpada,, Maniar Chal,, Mhada Kalani, Andheri East,, Mumbai",19.1755064,72.8701913,"General Arun Kumar Vaidya Marg, Mumbai, Maharashtra, India"
1091,216.pdf,30/07/2025,01:45,30/07/2025,01:55," अरूण कुमार वैदय मार्ग, , पत्थरवाडी झोपडपट्टी, माहिम wear मुंबई 16,   ","Arun Kumar Vaidya Marg, , Patharwadi Slum, Mahim wear Mumbai 16,",19.201136,72.8638399,"Akurli Rd, Kandivali, Hanuman Nagar, Kandivali East, Mumbai, Maharashtra 400101, India"
1092,217.pdf,23/06/2023,01:00,15/09/2024,15:00," लोकमान्य तिळक चा Sel 01,, हनुमान नगर अकुर्ली रोड,, कांदविली ुर्व मुंबई ,   ","Sel 01 of Lokmanya Tilak,, Hanuman Nagar Akurli Road,, Kandwili Urv Mumbai ,",19.0181131,72.8304514,"384, Swatantryaveer Savarkar Rd, Prabhadevi, Mumbai, Maharashtra 400025, India"
1093,218.pdf,10/02/2025,18:45,10/02/2025,19:00," वीर सावरकर रोड, यादव पाटीलवाडी, , प्रभादेवी , मुंबई,   ","Veer Savarkar Road, Yadav Patilwadi, Prabhadevi, Mumbai,",19.028796,72.8412937,"Sweet Home, 8, Lady Jamshedji Rd, City Light, Matunga West, Mumbai, Maharashtra 400016, India"
1094,219.pdf,30/07/2025,17:00,30/07/2025,17:00," बाबा कटरर्स, खाउ गल्ली, लोहार चाळ,माहिम पश्‍चिम, मुंबई 400016   ","Baba Cutters, Khau Galli, Lohar Chal, Mahim West, Mumbai 400016",19.0353849,72.8423036,"Mahim, Mumbai, Maharashtra, India"
1095,220.pdf,31/07/2025,00:20,31/07/2025,00:20," मकरंद सोसायटीच्या मागे , दर्गाच्या पाठीमागेसमुद्रकिनारी, माहीम प मुंबई 16, ","Behind Makarand Society, Behind Dargah Beach, Mahim P Mumbai 16,",19.1110621,72.8655922,"J B Nagar, Andheri East, Mumbai, Maharashtra, India"
1096,221.pdf,14/05/2025,14:30,14/05/2025,17:00," टिप टाँप कलेक्ष्न,जेबीनगर,, अंधेरी पुर्व मूंबई ,   ","Tip Stamp Collection, JB Nagar, Andheri East Mumbai,",19.1108496,72.85782499999999,"Kajuwadi, Chakala, Andheri East, Mumbai, Maharashtra 400099, India"
1097,222.pdf,15/05/2025,01:30,15/05/2025,02:00," 1208/12 वा, काजुवाडी, चकाला, अंधेरी पु मुंबई ,   ","1208/12th, Kajuwadi, Chakala, Andheri PU Mumbai,",19.0455034,72.8430551,"Naya Nagar, Baba Saheb Ambedkar Nagar, Mahim, Mumbai, Maharashtra 400016, India"
1098,223.pdf,31/07/2025,11:30,31/07/2025,12:10," चामुंडा मेडीकल जवळ,, नयानगर,, माहिम पश्‍चिम मुंबई 16,   ","Near Chamunda Medical,, Nayanagar,, Mahim West Mumbai 16,",19.0595596,72.8295287,"Bandra West, Mumbai, Maharashtra, India"
1099,224.pdf,03/01/2025,19:30,03/01/2025,19:30," लकी हॉटेल,, बांद्रा, मुंबई 50,   ","Lucky Hotel,, Bandra, Mumbai 50,",19.048281,72.82511199999999,"Mount Mary Steps, Mount Mary, Bandra West, Mumbai, Maharashtra 400050, India"
1100,225.pdf,25/01/2025,09:30,25/01/2025,09:30," दळवी चाळ, , माउंट मेरी स्टेप्स,, वांद्रे पश्‍चिम, मुंबई 50 ,   ","Dalvi Chal, , Mount Mary Steps,, Bandra West, Mumbai 50 ,",19.0554159,72.8440879,"Anant Kanekar Marg, Bandra East, Mumbai, Maharashtra 400051, India"
1101,226.pdf,11/05/2025,18:30,11/05/2025,18:40," अँक्सीस बकेसमोर ,, मरोळ मच्छी मार्कैटच्या , फूटपाथवर,ऐ के रोड,,अंधेरी पूर्व, मूंबई   ","Opposite Anxis Bucks, Marol Fish Market, Footpath, AI K Road, Andheri East, Mumbai",19.0370032,72.8423025,"Lady Jamshedji Rd, India"
1102,227.pdf,31/07/2025,12:30,31/07/2025,12:30," एल जे रोड, पराडाईज हाँटेल समोर, एच पी पेट्रोल पंप शेजारी,माहिम पश्‍चिम, मुंबई 16   ","LJ Road, Opposite Paradise Hotel, Next to HP Petrol Pump, Mahim West, Mumbai 16",19.1169535,72.8800016,"Marol Maroshi Rd, Andheri East, Mumbai, Maharashtra, India"
1103,228.pdf,15/05/2025,23:00,15/05/2025,23:30," मरोळ, मच्छी मार्केट,, जेबीनगर, अंधेरी पुर्व, मुंबई, ","Marol, Macchi Market,, JBnagar, Andheri East, Mumbai,",19.032012,72.8401043,"Mahim West, Mahim, Mumbai, Maharashtra, India"
1104,229.pdf,31/07/2025,15:50,31/07/2025,15:50," मगदुमशहा बाबा दर्गाच्या मागे, समुद्राशेजारील दगडांमध्ये, माहिम पश्‍चिम मुंबई 16 , ","Behind Magdumshah Baba Dargah, in Stones by the Sea, Mahim West Mumbai 16,",19.1097712,72.8582672,"Chakala, Andheri East, Mumbai, Maharashtra, India"
1105,230.pdf,16/05/2025,02:30,16/05/2025,03:00," साथमवाडी जंक्षन,, चकाला, अंधेरी पुर्व , ","Sathmwadi Junction,, Chakala, Andheri East,",19.0181131,72.8304514,"384, Swatantryaveer Savarkar Rd, Prabhadevi, Mumbai, Maharashtra 400025, India"
1106,231.pdf,10/02/2025,18:45,10/02/2025,19:00," वीर सावरकर रोड, यादव पाटीलवाडी, , प्रभादेवी , मुंबई,   ","Veer Savarkar Road, Yadav Patilwadi, Prabhadevi, Mumbai,",19.0400602,72.84157569999999,"Shop No 1, Mahim Market, Swami Vivekanand Rd, near Dargah, Mahim West, Mahim, Mumbai, Maharashtra 400016, India"
1107,232.pdf,31/07/2025,15:55,31/07/2025,15:55," माहीम दर्गामागील समुद्रकिनारी, माहीम प, , मुंबई, ","Beach behind Mahim Dargah, Mahim P, , Mumbai,",19.1256116,72.8557247,"Pump House, Parsi Panchayat Rd, Jijamata Colony, Andheri East, Mumbai, Maharashtra 400069, India"
1108,233.pdf,16/05/2025,02:30,16/05/2025,03:00," पारशी पंचायत रोड, रामभुवन बारच्या बाजुला,, वेस्टर्न एक्सप्रेस हायवे,अंधेरी पुर्व, मुंबई ","Parshi Panchayat Road, Beside Rambhuvan Bar,, Western Express Highway, Andheri East, Mumbai",19.1181647,72.8553889,"Western Express Hwy, Andheri East, Mumbai, Maharashtra, India"
1109,234.pdf,16/05/2025,14:00,16/05/2025,14:45," शाप 10समो, महासागर ट्राव्हल ऑफिस च्या , बाहेरील रस्त्यावर, वजिर ग्लास , उत्तर वाहीनी, पष्चिम द्रुतगती ,सर्वीस रोड, अंधेरी पुर्व, मुं   ","Shap 10, Ocean Travel Office's, Outer Road, Wazir Glass, North Channel, Western Expressway, Service Road, Andheri East, Mun",19.032012,72.8401043,"Mahim West, Mahim, Mumbai, Maharashtra, India"
1110,235.pdf,30/07/2025,21:00,31/07/2025,08:30," सरस्वती विदयामंदिर जवळ, आनंदनगर बिल्डिंग समोर , माहिम पश्‍चिम, मुंबई-16,   ","Near Saraswati Vidyamandir, Opposite Anandnagar Building, Mahim West, Mumbai-16,",19.0595596,72.8295287,"Bandra West, Mumbai, Maharashtra, India"
1111,236.pdf,25/01/2025,10:00,25/01/2025,10:00," वांद्रे रेल्वे ब्रिजच्या जवळ,, वांद्रे पश्‍चिम मुंबई 50, ","NEAR BANDRA RAILWAY BRIDGE,, BANDRA WEST MUMBAI 50,",19.1181647,72.8553889,"Western Express Hwy, Andheri East, Mumbai, Maharashtra, India"
1112,237.pdf,16/05/2025,14:00,16/05/2025,14:45," शाप 10समो, महासागर ट्राव्हल ऑफिस च्या , बाहेरील रस्त्यावर, वजिर ग्लास , उत्तर वाहीनी, पष्चिम द्रुतगती ,सर्वीस रोड, अंधेरी पुर्व, मुं   ","Shap 10, Ocean Travel Office's, Outer Road, Wazir Glass, North Channel, Western Expressway, Service Road, Andheri East, Mun",19.1178548,72.8631304,"Andheri East, Mumbai, Maharashtra, India"
1113,238.pdf,17/05/2025,00:30,17/05/2025,00:40," अंधेरी रेल्वे स्टेशन जवळील, रोडवर, अंधेरी पूर्व, मूंबई , ","Near Andheri Railway Station, On Road, Andheri East, Mumbai,",19.1157705,72.8462247,"GK Gokhale Bridge, Andheri East, Mumbai, Maharashtra, India"
1114,239.pdf,17/05/2025,01:45,17/05/2025,01:50," गोखले ब्रिजउतरणीला, बिस्लेरी जक्षन जवळ, अंधेरी पूर्व, Aas , ","Off Gokhale Bridge, Near Bisleri Junction, Andheri East, Aas ,",19.1144727,72.8607602,"Andheri - Kurla Rd, Chakala, Andheri East, Mumbai, Maharashtra 400093, India"
1115,240.pdf,17/05/2025,03:10,17/05/2025,09:00," ए-71,, अंधेरी कुर्ला रोड, रूस्तमजी सेंट्रल पार्क, , अंधेरी पुर्व,, मुंबई, ","A-71, Andheri Kurla Road, Rustamji Central Park, , Andheri East,, Mumbai,",19.1178548,72.8631304,"Andheri East, Mumbai, Maharashtra, India"
1116,241.pdf,17/05/2025,22:15,17/05/2025,22:30," सहार वाहातूक चौक ,, अंधेरी पूर्व Aas , ","Sahar Vahatuk Chowk, Andheri East Aas,",19.124167,72.8474779,"Andheri Subway Rd, Mogra Pada, Natwar Nagar, Jogeshwari East, Mumbai, Maharashtra, India"
1117,242.pdf,18/05/2025,01:00,18/05/2025,01:30," अंधेरी सब वे,, मोगरापाडा,अंधेरी पुर्व मुंबई, ","Andheri Subway,, Mograpada, Andheri East Mumbai,",19.0123537,72.8314798,"Sayani Rd, Dadar, Mumbai, Maharashtra, India"
1118,243.pdf,24/12/2024,12:00,27/12/2024,13:00," सयानी रोड सिग्नल, दादर,   ","Sayani Road Signal, Dadar,",19.0135054,72.8375406,"Senapati Bapat Marg, Dadar West, Mumbai, Maharashtra, India"
1119,244.pdf,10/02/2025,19:45,10/02/2025,19:50," सेनापती बापट मार्ग,, मिनाताई ठाकरे फुल मार्केट, ,दादर पश्‍चिम, मुबई 400028 , ","Senapati Bapat Marg, Minatai Thackeray Full Market, Dadar West, Mumbai 400028,",19.1273809,72.8518525,"RK Singh Marg, Natwar Nagar, Jogeshwari East, Mumbai, Maharashtra, India"
1120,245.pdf,18/05/2025,22:00,18/05/2025,22:30," सुविधा सेंटरजवळ,, आरकेसिंग मार्ग, आंबावाडी,, अंधेरी पु मुबंई, ","Near Suvidha Centre,, RKSINGH MARG, AMBAWADI,, ANDHERI PU MUMBAI,",19.119305,72.848575,"Agarkar Chowk (Andheri E), Andheri East, Mumbai, Maharashtra 400069, India"
1121,246.pdf,19/05/2025,00:30,19/05/2025,00:45," अंधेरी आगरकर चौक बस डेपो,, अंधेरी रेल्वे स्थानकासमोर, अंधेरी पुर्व,  मुंबई, ","Andheri Agarkar Chowk Bus Depot, Opposite Andheri Railway Station, Andheri East, Mumbai,",19.0469576,72.8196297,"Bandstand Promenade, Bandra West, Mumbai, Maharashtra 400050, India"
1122,247.pdf,25/01/2025,18:15,25/01/2025,18:15," लकी कडुन येणारे बँन्डस्टॅन्ड , कडे जाणारे एक मार्गी मार्गावर,, बांद्रा  पश्‍चिम मुंबई 50, ","BANDSTAND FROM LUCKY, ON ONE WAY ROAD TO,, BANDRA WEST MUMBAI 50,",19.113183,72.855451,"Bisleri Junction, Andheri East, Mumbai, Maharashtra 400099, India"
1123,248.pdf,19/05/2025,23:30,19/05/2025,23:40," गोल्ड स्पाँट जंक्षन,, बिसलेरी जंक्षन,, अंधेरी पुर्व, मुंबई, ","Gold Span Junction,, Bisleri Junction,, Andheri East, Mumbai,",19.1141038,72.87823449999999,"4V7H+J7X, Bori Colony, Marol, Andheri East, Mumbai, Maharashtra 400059, India"
1124,249.pdf,17/05/2025,19:30,17/05/2025,19:45," मरोळ मार्केट, ,चकाला, अंधेरी पुर्व, Ass   ","Marol Market, Chakala, Andheri East, Ass",19.1174107,72.8477384,"Railway Colony, Andheri East, Mumbai, Maharashtra 400069, India"
1125,250.pdf,20/05/2025,04:00,20/05/2025,04:10," जसलोक हटेलच्या बाजूस , असलेल्या गल्लीत,, अंधेरी पुर्व, मुबई,   ","Next to Jaslok Hutel, in the lane, Andheri East, Mumbai,",19.1083984,72.8622558,"Tarun Bharat Society, Tarun Bharat, Andheri East, Mumbai, Maharashtra, India"
1126,251.pdf,01/05/2025,12:30,02/05/2025,07:00," ए पी मिशकिता चाळ, तरूण भारत सोसायटी, अंधेरी पूर्व,मुंबई ,   ","AP Mishkita Chal, Tarun Bharat Society, Andheri East, Mumbai,",19.1188475,72.8503479,"Ramesh More Udyan, Teli Gali, near Metro Bridge, Andheri East, Mumbai, Maharashtra 400069, India"
1127,252.pdf,22/05/2025,17:10,22/05/2025,17:30," रमेश मोरे चोक, अंधेरी पूर्व, मुंबई,   ","Ramesh More Chowk, Andheri East, Mumbai,",19.1070278,72.8598056,"7, Sahar Rd, Dawoolwadi, Andheri East, Mumbai, Maharashtra 400099, India"
1128,253.pdf,24/05/2025,11:00,24/05/2025,13:00," मानसी बारच्या समोरील रोडवर, देउळवाडी, सिगारेट weet समोर, अंधेरी पुर्व, मुंबई ,   ","On Road Opposite Mansi Bar, Deulwadi, Opposite Cigarette Weet, Andheri East, Mumbai,",19.1233127,72.8528516,"Old Nagardas Rd, Mumbai, Maharashtra, India"
1129,254.pdf,22/05/2025,04:15,22/05/2025,04:30," जूना नागरदास रोड, गूदंवली , ग्रिनपार्क सोसायटीच्या समोर,, ड राधाकष्ण म्यून्सीपल स्कूल ,अंधेरी पूर्व , मूंबई   ","Juna Nagardas Road, Goodamvali, Opposite Greenpark Society, D. Radhakshna Municipal School, Andheri East, Mumbai",19.1122228,72.8673215,"Andheri - Kurla Rd, Mumbai, Maharashtra, India"
1130,255.pdf,25/05/2025,22:30,25/05/2025,22:40," नवीन नागरदास रोड,, मुंबई येथुन विरूध्द दिशेने, अंधेरी कुर्ला रोडकडे जाणारी वा,अंधेरी कुर्ला रोड,अंधेरी पुर्व ","Navin Nagardas Road, from Mumbai in the opposite direction to Andheri Kurla Road, Andheri Kurla Road, Andheri East",19.0135054,72.8375406,"Senapati Bapat Marg, Dadar West, Mumbai, Maharashtra, India"
1131,256.pdf,10/02/2025,20:25,10/02/2025,20:30," सेनापती बापट मार्गे, मिनाताई ठाकरे फुल मार्केटच्या , दादर पश्‍चिम,मुंबई 400028, ","Via Senapati Bapat, Minatai Thackeray Full Market, Dadar West, Mumbai 400028,",19.124167,72.8474779,"Andheri Subway Rd, Mogra Pada, Natwar Nagar, Jogeshwari East, Mumbai, Maharashtra, India"
1132,257.pdf,25/05/2025,22:30,25/05/2025,22:40," अंधेरी सबवे जवळ, सम्रिहिस रोड, मोगरापाडा,, अंधेरी पूर्व मुंबई,   ","Near Andheri Subway, Samrihis Road, Mograpada,, Andheri East Mumbai,",19.0595596,72.8295287,"Bandra West, Mumbai, Maharashtra, India"
1133,258.pdf,25/01/2025,17:45,25/01/2025,17:45," कोंबडी गल्ली,, वांद्रे पश्‍चिम मुंबई 50, ","KOMBDI GALLI,, BANDRA WEST MUMBAI 50,",19.1255768,72.8530246,"Parsi Panchayat Rd, Andheri East, Mumbai, Maharashtra 400069, India"
1134,259.pdf,25/05/2025,22:40,25/05/2025,23:20," तिवारी dad समोर, पारषी पंचायत रोड,, अंधेरी पुर्व, मुबई,   ","Opposite Tiwari Dad, Parshi Panchayat Road, Andheri East, Mumbai,",19.1185184,72.8590172,"Gundavali, Andheri East, Mumbai, Maharashtra, India"
1135,260.pdf,25/05/2025,23:20,25/05/2025,23:30," आझाद US, गुंदवली गावठाण, कामगार कल्याण भवन, अंधेरी पुर्व, मुंबई,  ","Azad US, Gundawali Gavthan, Kamgar Kalyan Bhawan, Andheri East, Mumbai,",19.113645,72.8697339,"Andheri, Maharashtra 400059, India"
1136,261.pdf,25/05/2025,18:30,25/05/2025,18:40," साईकपा बिल्डिंग,, फिटनेस हब जिम, तिवारी चायवाल्याच्या मागे,साईकपा मंडळाच्या ऑफिस अंधेरी प   ","Saikpa Building,, Fitness Hub Gym, Behind Tiwari Chaiwala, Saikpa Mandal Office Andheri P",19.123256,72.851039,"Juna Nagardas Road, Mogra Village, Verma Nagar, Natwar Nagar, Jogeshwari East, Mumbai, Maharashtra 400069, India"
1137,262.pdf,25/05/2025,18:30,25/05/2025,18:40," साईकपा सीएचएस, गुंदवली हिल,जुना नागरदास रोड,, अंधेरी पूर्व मुबंई 400059, ","SAIKPA CHS,GUNDWALI HILL,JUNA NAGARDAS ROAD, ANDHERI EAST MUMBAI 400059,",19.1171246,72.8506268,"Teli Gali, Andheri East, Mumbai, Maharashtra 400069, India"
1138,263.pdf,25/05/2025,23:45,25/05/2025,23:50," तेली गल्ली HA रोड, तेली गल्ली, अंधेरी पुर्व, मुंबई, ","Teli Galli HA Road, Teli Galli, Andheri East, Mumbai,",19.1241633,72.847506,"Andheri Subway Rd, Andheri East, Mumbai, Maharashtra, India"
1139,264.pdf,26/05/2025,00:30,26/05/2025,01:00," अंधेरी सब वे,, नेताजी पालकर चौक, अंधेरी पुर्व मुंबई, ","Andheri Subway,, Netaji Palkar Chowk, Andheri East Mumbai,",19.1259801,72.847938,"Service Rd, Mogra Pada, Natwar Nagar, Jogeshwari East, Mumbai, Maharashtra, India"
1140,265.pdf,26/05/2025,00:10,26/05/2025,00:40," मोगरापाडा, , सर्विस रोड,, अंधेरी पुर्व, ,मुंबई 400069   ","Mograpada, , Service Road,, Andheri East, ,Mumbai 400069",19.1126002,72.8606405,"Solitaire Corporate Park, Andheri East, Mumbai, Maharashtra, India"
1141,266.pdf,16/05/2025,09:53,21/05/2025,10:35," इंडसइंड बँक, 5 वा मजला,, सॉलिटेअर कॉपरेट पार्क,, चकाला अंधेरी पुर्व  मुंबई, ","IndusInd Bank, 5th Floor,, Solitaire Corporate Park,, Chakala Andheri East Mumbai,",19.1178548,72.8631304,"4V97+47R, Shanti Nagar, Andheri East, Mumbai, Maharashtra 400093, India"
1142,267.pdf,25/05/2025,23:00,26/05/2025,10:00," तबेला नं 28 समोरील रोडवर, मधू इंडस्ट्रीजच्या समोर, अंधेरी पु मुंबई,  ","On Road Opposite Tabela No 28, Opposite Madhu Industries, Andheri PU Mumbai,",19.0135925,72.8298342,"Bharamsiddhi Apartment, Prabhadevi, Mumbai, Maharashtra 400025, India"
1143,268.pdf,28/12/2024,17:30,28/12/2024,18:00," आप्पासाहेब मराठे मार्ग , सारस्वत भवन समोर, प्रभादेवी मुंबई 25,   ","Appasaheb Marathe Marg, Opposite Saraswat Bhavan, Prabhadevi Mumbai 25,",19.060927,72.8465307,"Bandra East, Mumbai, Maharashtra, India"
1144,269.pdf,25/01/2025,17:30,25/01/2025,17:30," लालमिठठी परिसर, , फुटपाथवर ,, वांद्रे प मुंबई 50, ","Lalmithi Area, , On Footpath ,, Bandre P Mumbai 50,",19.1087513,72.8563088,"Sahar Rd, Mumbai, Maharashtra, India"
1145,270.pdf,28/05/2025,09:00,28/05/2025,09:20," बेस्ट बस रूट क्र 333 ने, शांतीनगर जोगेष्वरी पुर्व, मु, ते आगरकर चौक, सहार रोड, ,अंधेरी पुर्व, मुंबई   ","BEST BUS ROUTE NO 333 NE, SHANTINAGAR JOGESHWARI EAST, MU TO AGARKAR CHOWK, SAHAR ROAD, ANDHERI EAST, MUMBAI",19.1233127,72.8528516,"Old Nagardas Rd, Andheri East, Mumbai, Maharashtra, India"
1146,271.pdf,28/05/2025,12:00,28/05/2025,12:15," मेट्रो हटेल समोर,, नवीन नागरदास रोड,, अंधेरी पुर्व, मुंबई,  ","Opposite Metro Hatel,, Navin Nagardas Road, Andheri East, Mumbai,",19.1117828,72.86677519999999,"Andheri - Kurla Rd, Shaheed Bhagat Singh Society, S B Singh Colony, Chakala, Andheri East, Mumbai, Maharashtra 400059, India"
1147,272.pdf,29/05/2025,21:00,29/05/2025,21:05," ट्रगन फ्लाय हटेलच्या , समोरच्या गल्ली,चकाला,, अंधेरी पुर्व, मुंबई,   ","Tragan Fly Hotel, Opposite Lane, Chakala,, Andheri East, Mumbai,",19.1239873,72.8496199,"New Nagardas Rd, Mogra Village, Mogra Pada, Natwar Nagar, Andheri East, Mumbai, Maharashtra 400069, India"
1148,273.pdf,23/06/2024,00:00,29/12/2024,00:00," 702 राज चेंबर्स, जुना नागरदास , रोड, अंधेरी सबवे जवळ,, अंधेरी पुर्व, मुंबई,  ","702 Raj Chambers, Old Nagardas Road, Near Andheri Subway, Andheri East, Mumbai,",19.0790239,72.9080122,"Ghatkopar, Sindhu Wadi, Ghatkopar East, Mumbai, Maharashtra 400077, India"
1149,274.pdf,30/05/2025,23:30,31/05/2025,00:05," अंधेरी मेट्रो स्टेशनखाल्री , अंधेरी कुर्ला रोड,, रत्नागिरी हाँटेल समोरील घाटकोप,अंधेरीपु, मुंबई ","Near Andheri Metro Station, Andheri Kurla Road, Opposite Ratnagiri Hotel Ghatkop, Andheripu, Mumbai",19.1205091,72.84824160000001,"Vertex Junction, Sahar Rd, opp. Andheri Railway Station, Railway Colony, Andheri East, Mumbai, Maharashtra 400069, India"
1150,275.pdf,30/05/2025,22:50,31/05/2025,00:30," अंधेरी पोलीस स्टेशनच्या बाजुला, नवीन नागरदास रोड,, अंधेरी पुर्व, मुंबई, ","Beside Andheri Police Station, Navin Nagardas Road, Andheri East, Mumbai,",19.1080902,72.87943,"Andheri - Kurla Rd, Marol, Andheri East, Mumbai, Maharashtra, India"
1151,276.pdf,30/05/2025,22:30,30/05/2025,23:00," अंधेरी कुर्ला रोड, मरोळ मच्छी मार्केट, अंधेरी पूर्व Ags ,  ","Andheri Kurla Road, Marol Macchi Market, Andheri East Ags ,",19.1205091,72.84824160000001,"Vertex Junction, Sahar Rd, opp. Andheri Railway Station, Railway Colony, Andheri East, Mumbai, Maharashtra 400069, India"
1152,277.pdf,01/06/2025,00:35,01/06/2025,00:40," अंधेरी पोलीस स्टेशनच्या बाजुला, सहार रोड, नवीन नागरदास रोड, अंधेरी पुर्व, मुंबई , ","Beside Andheri Police Station, Sahar Road, Navin Nagardas Road, Andheri East, Mumbai,",19.1098678,72.8590161,"Cardinal Gracious Rd, Chakala, Andheri East, Mumbai, Maharashtra 400099, India"
1153,278.pdf,01/06/2025,12:30,01/06/2025,15:00," कार्डिनल ग्रेसियस रोड,चकाला, महाराजा हॉटेल,, अंधेरी पूर्व,मुंबई , ","Cardinal Gracious Road, Chakala, Maharaja Hotel, Andheri East, Mumbai,",19.113645,72.8697339,"Andheri, Maharashtra 400059, India"
1154,279.pdf,01/06/2025,18:40,01/06/2025,18:45," शाँप नं 11, व्हर्टक्‍क्स बिल्डिंग, बी विंग, अंधेरी पु मुंबई ,   ","Shop No 11, Vertex Building, B Wing, Andheri PU Mumbai,",19.0484742,72.8273626,"50, KC Marg, HIG Colony, Mount Mary, Bandra West, Mumbai, Maharashtra 400050, India"
1155,280.pdf,25/01/2025,08:30,25/01/2025,08:30," पहिला माळा ,राजू नगर,, के सी मार्ग,, वांद्रे पश्‍चिम, मुंबई 50 ,   ","1st Mala,Raju Nagar,,KC Marg,,Bandra West, Mumbai 50,",19.0188076,72.8172173,"Golfa Devi Temple Rd, Koliwada, Worli, Mumbai, Maharashtra 400030, India"
1156,281.pdf,11/02/2025,17:45,11/02/2025,18:30," 159, मंदिर मार्ग, गोल्फादेवी वसाहत, वरळी कोळीवाडा, वरळी, मुंबई,  ","159, Mandir Marg, Golfadevi Colony, Worli Koliwada, Worli, Mumbai,",19.1092205,72.85915059999999,"4, Cardinal Gracious Rd, Parshiwada, Chakala, Andheri East, Mumbai, Maharashtra 400099, India"
1157,282.pdf,02/06/2025,00:15,02/06/2025,01:30," RMK ENTERPRISES BAR RESTAURANT, C/4, C/5, BAJSONS, INDUSTRAL, ESTATE, CHAKALA ROAD,ANDHERI EAST MUMBAI ","RMK ENTERPRISES BAR RESTAURANT, C/4, C/5, BAJSONS, INDUSTRAL, ESTATE, CHAKALA ROAD, ANDHERI EAST MUMBAI",19.1145551,72.847258,"Sambhaji Nagar, Mhada Colony, Vile Parle, Mumbai, Maharashtra 400069, India"
1158,283.pdf,03/06/2025,01:50,03/06/2025,02:30," सहार रोड,, मयूरी बार समोरील रस्त्यावर,, अंधेरी पूर्व, मूंबई ,   ","SAHAR ROAD,, ROAD OPPOSITE MAYURI BAR,, ANDHERI EAST, MUMBAI ,",19.1157381,72.846412,"GK Gokhale Bridge, Mumbai, Maharashtra, India"
1159,284.pdf,05/06/2025,02:00,05/06/2025,02:30," गोखले ब्रीज,उतरताना ,,अँधेरी पु मुंबई ","Gokhale Bridge, getting off, Andheri to Mumbai",19.1255768,72.8530246,"Parsi Panchayat Rd, Andheri East, Mumbai, Maharashtra 400069, India"
1160,285.pdf,05/06/2025,23:30,06/06/2025,00:10," पारशी पंचायत रोड, हटेल श्रीराम भवन,, Uiosa रोड, पष्चिम  द्रुतगती,अंधेरी पुर्व, मुंबई   ","Parshi Panchayat Road, Hotel Sriram Bhavan, Uiosa Road, Western Expressway, Andheri East, Mumbai",19.1122228,72.8673215,"Andheri - Kurla Rd, Mumbai, Maharashtra, India"
1161,286.pdf,07/06/2025,01:00,07/06/2025,01:15," शिवा दुध डेअरी, प्लॉट नं 144, eo नं 5, चरणसिंग काँलनी,, अंधेरी कुर्ला रोड, चकाला, ,अंधेरी पुर्व, मुंबई   ","Shiva Dudh Dairy, Plot No 144, eo No 5, Charan Singh Kalni, Andheri Kurla Road, Chakala, Andheri East, Mumbai",19.1110621,72.8655922,"J B Nagar, Andheri East, Mumbai, Maharashtra, India"
1162,287.pdf,07/06/2025,07:00,07/06/2025,16:00," जेबीनगर अंधेरी पुर्व मुंबई,   ","JBnagar Andheri East Mumbai,",19.125879,72.853995,"Sona Udyog, Jijamata Colony, Andheri East, Mumbai, Maharashtra 400069, India"
1163,288.pdf,07/06/2025,23:00,07/06/2025,23:30," सोना उदयोग समोरील रोडवर , जुना नागरदास रोड, अंधेरी पु मुंबई ,   ","ON ROAD OPPOSITE TO SONA UDYOG, OLD NAGARDAS ROAD, ANDHERI PU MUMBAI,",19.113645,72.8697339,"Andheri, Maharashtra 400059, India"
1164,289.pdf,07/06/2025,23:15,08/06/2025,00:45," वजीर ग्लास कम्पाउन्ड,, उर्वषी बार ऑन्ड रेस्टॉरेन्ट, , नटराज स्टुडिओ  समोर, ,अंधेरी Hell रोड, अंधेरी पु   ","Wazir Glass Compound, Urvashi Bar and Restaurant, Opposite Nataraj Studio, Andheri Hell Road, Andheri Pu",19.1142059,72.8496151,"Saiwadi, Vijay Nagar, Andheri East, Mumbai, Maharashtra 400069, India"
1165,290.pdf,08/06/2025,00:00,08/06/2025,03:00," गोखले ब्रिज दक्षिण वाहीनी, सव्रिहिस रोड, साईवाडी जंक्षनजव, अंधेरी पर्व, > ","Near Gokhale Bridge South Channel, Savrihis Road, Saiwadi Junction, Andheri Parv, >",19.051016,72.8355244,"14, LK Mehta Marg, Reclamation, Bandra West, Mumbai, Maharashtra 400050, India"
1166,291.pdf,25/01/2025,22:25,25/01/2025,22:30," लालमिट्टी,, नर्गिसदत्तनगर, वांद्रे,   ","Lalmitti,, Nargisduttanagar, Bandra,",19.1185184,72.8590172,"Gundavali, Andheri East, Mumbai, Maharashtra, India"
1167,292.pdf,13/05/2025,13:30,13/05/2025,15:30," अशोका समदधी बिल्डीग,गुंदवली, अंधेरी पुमुंबई ,   ","Ashoka Samaddhi Building,Gundavali, Andheri Mumbai,",19.018996,72.840593,"Kabutarkhana, Near Kabutar khana, Dadar West, Dadar, Mumbai, Maharashtra 400028, India"
1168,293.pdf,12/02/2025,10:30,12/02/2025,10:40," बाटा शोरूम समोरील बेस्ट बस स्ट, कबुतर खाना,, दादरवेस्ट,मुंबई,   ","Best Bus St Opposite Bata Showroom, Kabutar Khana,, Dadarwest, Mumbai,",19.1201539,72.8476582,"Andheri, Railway Colony, Andheri East, Mumbai, Maharashtra 400053, India"
1169,294.pdf,08/06/2025,17:00,08/06/2025,17:15," मेट्रो हॉटेलच्या जवळ, , अंधेरी मेट्रो स्टेशनच्या Tell, अंधेरी पुर्व मुंबई,   ","Near Metro Hotel, , Andheri Metro Station Tell, Andheri East Mumbai,",19.1179566,72.8535296,"Gundavali Village Rd, Azad Nagar, Andheri East, Mumbai, Maharashtra 400069, India"
1170,295.pdf,08/06/2025,21:50,08/06/2025,22:05," ,गुंदवली गावठाण, आझाद कमिटी, अंधेरी पुर्व ,मुंबई-69  ",",Gundavali Village, Azad Committee, Andheri East, Mumbai-69",19.1113301,72.8501343,"Sahar Rd, Koldongri, Andheri East, Mumbai, Maharashtra, India"
1171,296.pdf,08/06/2025,23:10,09/06/2025,01:05," सहार रोड, कोलडोंगरी, हटेल दुर्गाप्रसाद, , अंधेरी पूर्व, ,मुंबई   ","Sahar Road, Koldongri, Hutel Durgaprasad, , Andheri East, ,Mumbai",19.1235355,72.8505551,"4VF2+C67, Old Nagardas Rd, Mogra Village, Patel Wadi, Natwar Nagar, Andheri East, Mumbai, Maharashtra 400069, India"
1172,297.pdf,08/06/2025,22:30,09/06/2025,05:00," जुना नागरदास रोड, मंगल भवन बिल्डिंग, अंधेरी पुर्व मुंबई,   ","Old Nagardas Road, Mangal Bhawan Building, Andheri East Mumbai,",19.1221844,72.8480503,"New Nagardas Rd, opposite Pinky Theatre, Sai Baba Wadi, Natwar Nagar, Andheri East, Mumbai, Maharashtra 400069, India"
1173,298.pdf,10/06/2025,00:35,10/06/2025,01:45," श्रुती बार अँण्ड Ieee, न्यु नागरदास रोड,, अंधेरी पूर्व, मुंबई 400069  त   ","Shruti Bar & Ieee, New Nagardas Road, Andheri East, Mumbai 400069",19.1075291,72.86234139999999,"Sushil Building, 30, Akal Society, Tarun Bharat Society, Tarun Bharat, Andheri East, Mumbai, Maharashtra 400099, India"
1174,299.pdf,01/01/1997,00:00,31/12/2016,00:00," 1/2, प्लॉट नंबर 30,, सुशील बिल्डींग, तरूनभारत , सोसायटी, चकाला,अंधेरी पुर्व, मुंबई ","1/2, Plot No. 30, Sushil Building, Tarun Bharat Society, Chakala, Andheri East, Mumbai",19.1070502,72.8592379,"Shop Number.3, Bohir Chawl, Sahar Rd, opp. Cigarette Factory, Bamanwada, Andheri East, Mumbai, Maharashtra 400099, India"
1175,300.pdf,11/06/2025,18:40,11/06/2025,20:40," शाँप नं 2, सिगारेट Herel सम, बाबा बिर्यानी आणि कबाब काँर्नर, सहार रोड, अंधेरी पुर्व, मुंबई , ","Shop No 2, Cigarette Herel Sum, Baba Biryani & Kebab Corner, Sahar Road, Andheri East, Mumbai,",19.1110621,72.8655922,"J B Nagar, Andheri East, Mumbai, Maharashtra, India"
1176,301.pdf,13/10/2023,12:00,30/04/2024,13:00," जेबी नगर , गुरूदत्त काँहाॉसो, अंधेरी पु मुंबई , ","JB Nagar, Gurudatta Kanhaso, Andheri PU Mumbai,",19.0484742,72.8273626,"50, KC Marg, HIG Colony, Mount Mary, Bandra West, Mumbai, Maharashtra 400050, India"
1177,302.pdf,25/01/2025,07:30,25/01/2025,17:30," 84, राहुल नगर रहिवाशी संघ , , केसी मार्ग ,, बांद्रा पश्‍चिम,मुंबई 50 , ","84, Rahul Nagar Residents Association, , KC Marg,, Bandra West, Mumbai 50,",19.1186658,72.8522054,"Metro Railway Station, Rose View, Sir Mathuradas Vasanji Rd, near Andheri, Gundavali Gaothan, Andheri East, Mumbai, Maharashtra 400069, India"
1178,303.pdf,12/06/2025,10:11,12/06/2025,10:30," विशाल हॉल,, अंधेरी पुर्व, मुंबई,   ","Vishal Hall, Andheri East, Mumbai,",19.1189162,72.8513498,"4V92+HG9, Sir Mathuradas V Marg, Azad Nagar, Andheri East, Mumbai, Maharashtra 400069, India"
1179,304.pdf,12/06/2025,18:00,12/06/2025,18:15," विषाल हाँलच्या समोरील बाजुस,, गायकवाड फुटवेअर,, अंधेरी कुर्ला रोड, अंधेरी पु,   ","Beside Vishal Hall, Gaikwad Footwear, Andheri Kurla Road, Andheri PU,",19.0139659,72.83493380000002,"jawale bhuvan, 601, Bhavani Shankar Rd, Dadar West, Mumbai, Maharashtra 400028, India"
1180,305.pdf,12/02/2025,06:00,12/02/2025,06:30," भवानी शंकर रोड,, बाटा शोरूम समोरून , दादर प मुंबई,   ","Bhawani Shankar Road,, Opposite Bata Showroom, Dadar P Mumbai,",19.1222823,72.84968959999999,"4RCX+WV8, Shree Naan Sharda Maa Marg, Patel Wadi, Natwar Nagar, Jogeshwari East, Mumbai, Maharashtra 400069, India"
1181,306.pdf,10/06/2025,18:50,10/06/2025,19:00," घर 9/बि, शिवकपा हो सोसायटि, जुना नागरदास रोड, , अंधेरी पुर्व मुंबई,400069   ","House 9/B, Shiv Kappa Ho Society, Old Nagardas Road, Andheri East Mumbai, 400069",19.1080902,72.87943,"Andheri - Kurla Rd, Marol, Andheri East, Mumbai, Maharashtra, India"
1182,307.pdf,13/06/2025,21:45,13/06/2025,21:56," अंधेरी कुर्ला रोड, मरोळ मच्छी मार्केट,, अंधेरी पुर्व, मुंबई,  ","Andheri Kurla Road, Marol Macchi Market,, Andheri East, Mumbai,",19.1173978,72.8536239,"194, Andheri - Kurla Rd, Bima Nagar, Andheri East, Mumbai, Maharashtra 400069, India"
1183,308.pdf,10/06/2025,16:00,10/06/2025,20:00," अंधेरी Holl रोडचे कडेला, , उर्वशी बारचे विरूध्द बाजुला, नटराज स्टुडिओ,, अंधेरी पुर्व मुंबई   ","Nataraj Studio, Andheri East, Opposite Urvashi Bar, Andheri Holl Road, Mumbai",19.113645,72.8697339,"Andheri, Maharashtra 400059, India"
1184,309.pdf,14/06/2025,23:30,14/06/2025,23:45," वेस्टर्न एक्सप्रे हायवे,, अंधेरी मेट्रो ब्रिजच्या खाली,, नार्थ बान्डच्या दिषेने,अंधेरी पु मुंबई ","Western Express Highway, Under Andheri Metro Bridge, Towards North Bond, Andheri PU Mumbai",19.1239511,72.8479413,"New nagardas road,near pinky talkies, near Subway Andheri West, Patel Wadi, Natwar Nagar, Andheri East, Mumbai, Maharashtra 400069, India"
1185,310.pdf,17/06/2025,00:15,17/06/2025,00:50," पिंक प्लाझा/ साईनाथ आश्रम हिंद, न्यु नागरदास रोड, , अंधेरी सब वे  जवळ,,अंधेरी पुर्व, मुंबई 69   ","Pink Plaza/ Sainath Ashram Hind, New Nagardas Road, , Near Andheri Subway,, Andheri East, Mumbai 69",19.1198242,72.846531,"Andheri, Railway Colony, Andheri East, Mumbai, Maharashtra 400053, India"
1186,311.pdf,24/08/2024,17:00,17/06/2025,16:00," अंधेरी रेल्वे स्टेशनच्या बाहेर, अंधेरी पुर्व, मुंबई,  Beat No. (बीट क्र.): ","Outside Andheri Railway Station, Andheri East, Mumbai, Beat No. (Beat No.):",19.1030026,72.8635943,"Torana Apartment, AAI Colony, J B Nagar, Andheri East, Mumbai, Maharashtra 400099, India"
1187,312.pdf,17/06/2025,11:00,18/06/2025,08:00," काशी बिल्डींग होसो, जेबीनगर अंधेरी पुर्व,मुंबई,   ","Kashi Building Hoso, JB Nagar Andheri East, Mumbai,",19.0498586,72.8351883,"Western Express Hwy, Bandra West, Mumbai, Maharashtra, India"
1188,313.pdf,25/01/2025,23:00,26/01/2025,01:30," कोंबडी गल्ली,, वेस्टर्न एक्सप्रेस हायवे , वांद्रे प मुंबई , ","Kombadi Galli,, Western Express Highway, Bandra P Mumbai,",19.1755064,72.8701913,"General Arun Kumar Vaidya Marg, Mumbai, Maharashtra, India"
1189,314.pdf,16/08/2025,03:05,16/08/2025,03:15," अरूण कुमार वैदय मार्ग, सागर सानिध्य झोपडपट्टी, माहिम पश्‍चिम मुंबई 16 ,   ","Arun Kumar Vaidya Marg, Sagar Sanidhya Slum, Mahim West Mumbai 16,",19.1342078,72.8697779,"Evergreen Hsg Society, Majas Rd, off Mahakali Caves Road, MMRDA Colony, Poonam Vihar, Poonam Nagar, Andheri E, Mumbai, Maharashtra 400093, India"
1190,315.pdf,18/06/2025,20:00,19/06/2025,08:00," युनीटी बँक,चकाला,, अंधेरी पूर्व,मुंबई   ","Unity Bank, Chakala, Andheri East, Mumbai",19.0390623,72.841531,"Chotta Darga Ln, Mahim West, Mahim, Mumbai, Maharashtra 400016, India"
1191,316.pdf,12/08/2025,16:30,12/08/2025,18:15," BA नं 3, , मरीयम बाई ट्रस्ट बिल्डीग, , तळमजला, दर्गा रोड,, माहीम पश्‍चिम मुंबई-16,राहते घरासमोर फुटपाथलगत   ","BA NO 3, , MARYAM BAI TRUST BUILDING, , GROUND FLOOR, DARGA ROAD,, MAHIM WEST MUMBAI-16, NEAR FOOTWEAR IN FRONT OF RESIDENCE HOUSE",19.0108024,72.8324059,"2R6J+8XC, Old Prabhadevi Rd, Lokmanya Nagar, Dadar West, Prabhadevi, Mumbai, Maharashtra 400025, India"
1192,317.pdf,14/10/2024,11:00,13/02/2025,13:00," सयानी रोड, साई काँम्लेक्स 1, We, प्रभादेवी मुंबई   ","Sayani Road, Sai Complex 1, We, Prabhadevi Mumbai",19.128316,72.83030360000001,"D N Nagar, Sahayog Nagar, Bhudargarh Colony, Andheri West, Mumbai, Maharashtra 400053, India"
1193,318.pdf,20/06/2025,10:00,20/06/2025,10:00," डीएननगर मेट्रो स्टेशनच्या, वरती टिकीट काऊंटर वरती, अंधेरी पुर्व,मुंबई  ","Of DNnagar Metro Station, Above Ticket Counter, Andheri East, Mumbai",19.030283,72.8384026,"2RJQ+496, Mahim West, Shivaji Park, Mumbai, Maharashtra 400016, India"
1194,319.pdf,16/08/2025,14:00,16/08/2025,14:00," के जि खिलानी स्कुलच्या बाजुला, संजयनगर,एन एम सी क्राँस,रोड, नं 2,माहीम पश्‍चिम मुंबई,   ","Beside K G Khilani School, Sanjay Nagar, NMC Cross, Road, No 2, Mahim West Mumbai,",19.120567,72.8517649,"Azad Rd, Azad Nagar, Andheri East, Mumbai, Maharashtra 400069, India"
1195,320.pdf,21/06/2025,11:30,21/06/2025,13:30," सदु बाईत चाळ, गुंदवली हिल, आझाद रोड,, अंधेरी पुर्व,मुबई - 69,   ","Sadu Bait Chal, Gundvali Hill, Azad Road, Andheri East, Mumbai - 69,",19.0392812,72.8437854,"Mia Mohd Chhotani Rd, Mahim West, Mahim, Mumbai, Maharashtra 400016, India"
1196,321.pdf,16/08/2025,16:15,16/08/2025,16:15," एम एम सी रोडवरून, माहीम पश्‍चिम मुंबई, ","From MMC Road, Mahim West Mumbai,",19.1145811,72.8473111,"Sahar Rd, Sambhaji Nagar, Mhada Colony, Vile Parle, Mumbai, Maharashtra, India"
1197,322.pdf,21/06/2025,19:30,21/06/2025,19:35," संभाजी नगर, सहार रोड, अंधेरी पुर्व, मुंबई,  ","Sambhaji Nagar, Sahar Road, Andheri East, Mumbai,",19.0374396,72.84002459999999,"SHALIMAR BUILDING, DR R A RAIKAR MARG, KAPAD BAZAR MAHIM MUMBAI–400016 SHREE, Tadkeshwar Mahadev Mandir Rd, Mahim Bazar, Wanjawadi, Mahim West, Mahim, Mumbai, Maharashtra 400016, India"
1198,323.pdf,17/08/2025,12:15,17/08/2025,12:45," नाकोडा मैदाना जवळ,, बिनं 21 चे समोरील रोडवर, , फिशरमन काँलणी, माहिम पश्‍चिम,मुंबई16   ","NEAR NAKODA MAINDA, ON ROAD OPPOSITE TO NO 21, , FISHERMAN KALNI, MAHIM WEST, MUMBAI 16",19.0498586,72.8351883,"Western Express Hwy, Bandra West, Mumbai, Maharashtra, India"
1199,324.pdf,25/01/2025,23:00,26/01/2025,01:30," कोंबडी गल्ली, वेस्टर्न , एक्सप्रेस हायवे वांद्रे प 4, ","KOMBDI GALLI, WESTERN , EXPRESS HIGHWAY BANDRA P 4,",19.1157705,72.8462247,"GK Gokhale Bridge, Andheri East, Mumbai, Maharashtra, India"
1200,325.pdf,22/06/2025,02:30,22/06/2025,02:40," गोखले ब्रीज रोडवर,, अंधेरी पुर्व, मुंबई, ","At Gokhale Bridge Road, Andheri East, Mumbai,",19.032012,72.8401043,"Mahim West, Mahim, Mumbai, Maharashtra, India"
1201,326.pdf,17/08/2025,12:30,17/08/2025,12:30," रहेजा ब्रिजवर,, माहिम पश्‍चिम, मुंबई 16 ,   ","On Raheja Bridge, Mahim West, Mumbai 16,",19.1157381,72.846412,"GK Gokhale Bridge, Mumbai, Maharashtra, India"
1202,327.pdf,22/06/2025,19:55,22/06/2025,20:15," गोखले ब्रिजच्या खाली, सुबा गलक्‍्सीच्या समोर,, बिसलेरी जंक्षन जवळ, अंधेरी पुर, ","Under Gokhale Bridge, Opposite Suba Galaxy, Near Bisleri Junction, Andheri Pur,",19.0430982,72.8446706,"NAV JEEVAN SOCIETY, Mori Rd, नवजीवन सोसायटी, माहीम, मुंबई, महाराष्ट्र 400016, India"
1203,328.pdf,17/08/2025,17:40,17/08/2025,17:40," मोरीरोड,नवजीवन सोसायटीच्या , समोर,केजी Rete स्कुलजवळ, माहिम पश्‍चिम, मुंबई 16,   ","Mori Road, Opposite Navjeevan Society, Near KG Rete School, Mahim West, Mumbai 16,",19.0204524,72.8314151,"Kashinath Dhuru Marg, Dadar, Mumbai, Maharashtra, India"
1204,329.pdf,03/01/2025,00:00,13/01/2025,00:00," काशीनाथ धुरू मार्ग , गोखले रोड, दादर मुंबई,   ","Kashinath Dhuru Marg, Gokhale Road, Dadar Mumbai,",19.0994191,72.8648194,"1, Sahar Rd, Sahar Village, Andheri East, Mumbai, Maharashtra 400099, India"
1205,330.pdf,23/06/2025,06:00,23/06/2025,07:15," रूम नं 39, बंगाली चाळ, कोलडोंगरी, गल्ली नं 01, सहार रोड, अंधेरी पुर्व, ,मुंबई   ","Room No 39, Bengali Chal, Koldongari, Lane No 01, Sahar Road, Andheri East, Mumbai",19.032012,72.8401043,"Mahim West, Mahim, Mumbai, Maharashtra, India"
1206,331.pdf,17/08/2025,20:00,17/08/2025,20:00," समुद्रकिनारी माहीम पष्चिम, माहीम दर्गाच्या पाठीमागे, माहीम पष्चिम  त ","Beachside Mahim West, Behind Mahim Dargah, Mahim West",19.1138225,72.86227160000001,"SHOP NO.3, YASHODA NIWAS, Andheri - Kurla Rd, opp. CRISIL HOUSE, next to ANDHRA BANK, Dr. Charatsingh Colony, S B Singh Colony, J B Nagar, Andheri East, Mumbai, Maharashtra 400093, India"
1207,332.pdf,23/06/2025,12:00,23/06/2025,12:30," न्यु ईलाइट केमिस्ट,, यषोदा निवास, शाँप नं 03, अंधेरी ढाबाजवळ, अंधेरी Holl ,अंधेरी पुर्व, मुंबई   ","New Elite Chemist, Yashoda Niwas, Shop No. 03, Near Andheri Dhaba, Andheri Hall, Andheri East, Mumbai",19.043444,72.84429949999999,"Inez Towers, 16, Mori Rd, opposite Golden Sunrise Co-Operative Housing Society, Mahim West, Mahim, Mumbai, Maharashtra 400016, India"
1208,333.pdf,18/08/2025,01:30,18/08/2025,01:45," मोरी रोड , मोरी रोड माहीम , मुंबई 16 ,  Beat No. (बीट क्र.): ","Mori Road, Mori Road Mahim, Mumbai 16, Beat No. (Beat No.):",46.8796822,-110.3625658,"Montana, USA"
1209,334.pdf,24/06/2025,23:20,24/06/2025,23:30," प्रिन्स कम्प्युटर सोलुशन , MT नं 10, सोलकी Hie, होली फमिलीच्या विरूध्द बाजुस,,अंधेरी कुर्ला रोड,   ","PRINCE COMPUTER SOLUTIONS, MT NO 10, SOLKI HIE, Opp HOLY FAMILY BAJUS, ANDHERI KURLA ROAD,",19.0353849,72.8423036,"Mahim, Mumbai, Maharashtra, India"
1210,335.pdf,04/01/2025,21:00,05/01/2025,01:00," कोंबडी गल्ली, माहीम कजवे,, , बांद्रा प मुंबई, ","KOMBDI GALLI, MAHIM KAJVE,, , BANDRA P MUMBAI,",19.0579234,72.8352958,"St Martins Rd, Bandra West, Mumbai, Maharashtra 400050, India"
1211,336.pdf,20/01/2025,09:00,25/01/2025,10:00," रुम नं 701, शांतनु बिल्डींग,, भैय्या जिम जवळ, सेंट मार्टन , रोड, बांद्रा प मुंबई ,   ","Room No 701, Shantanu Building,, Near Bhaiya Gym, St. Maarten Road, Bandra P Mumbai,",18.935294,72.8363045,"Agiyari Ln, Ballard Estate, Fort, Mumbai, Maharashtra 400001, India"
1212,337.pdf,18/08/2025,15:30,18/08/2025,15:30," सोनावाला अग्यारी लेन, दत्त मदिराच्या समोर,, माहीम पंश्‍चिम मुंबई,   ","Sonawala Agyari Lane, Opposite Dutt Madira,, Mahim Panschim Mumbai,",19.0453588,72.8434817,"2RWV+49X, Mahim - Sion Link Rd, Naya Nagar, Baba Saheb Ambedkar Nagar, Mahim, Mumbai, Maharashtra 400016, India"
1213,339.pdf,18/08/2025,23:30,18/08/2025,23:30," शप क्र62, नयानगर झोपडपटटी,रहेजा रुग्णलया, माहीम सायन ल्रिंक रोड,, माहीम, मुंबई,   ","Shop No. 62, Nayanagar Zopadpatti, Raheja Hospital, Mahim Sion Link Road, Mahim, Mumbai,",19.1233127,72.8528516,"Old Nagardas Rd, Andheri East, Mumbai, Maharashtra, India"
1214,340.pdf,25/06/2025,02:30,25/06/2025,03:15," जुना नागरदास रोड,, मुम्बाईट हॉटेलसमोर, , अंधेरी पुर्व, मुंबई ,   ","Old Nagardas Road, Opposite Mumbai Hotel, Andheri East, Mumbai,",19.0317083,72.8413872,"Takandas Kataria Marg, Mahim West, Mahim, Mumbai, Maharashtra, India"
1215,341.pdf,20/08/2025,12:15,20/08/2025,12:15," टिएच कटारीया मार्ग,, शोभा हांटेल जवळ,, माहिम पश्‍चिम मुंबई16,   ","TH Kataria Marg,, Near Shobha Hantel,, Mahim West Mumbai 16,",19.018923,72.8184981,"Worli Village, Worli, Mumbai, Maharashtra 400030, India"
1216,342.pdf,14/02/2025,00:30,14/02/2025,00:40," वरळीबस EC, वरळी गाव , वरळी, मुंबई ,   ","Worli Bus EC, Worli Village, Worli, Mumbai,",19.1090682,72.8622171,"Tarun Bharat Rd, Tarun Bharat Society, Chakala, Andheri East, Mumbai, Maharashtra 400099, India"
1217,343.pdf,30/07/2024,11:00,27/02/2025,20:00," प्लॉट नं-53, साईकपा, , तरूण भारत कोहौ सोसा,चकाला,, चकाला, अंधेरी पूर्व, मुंबई-400,   ","Plot No-53, Saikpa, , Tarun Bharat Kohau Sosa, Chakala,, Chakala, Andheri East, Mumbai-400,",19.0635917,72.8827129,"Akanksha, Ekta CHS Baba Homes, opposite Building No.98, near Bilali Masjid, Nehru Nagar, Kurla, Mumbai, Maharashtra 400024, India"
1218,344.pdf,20/08/2025,17:30,20/08/2025,18:00," सिध्दीविनायक मेटल पेपर ANC, रामश्याम बिल्डींग,राममंदिर जव , कापड बजार,माहीम पश्‍चिम मुंबई,   ","Siddhivinayak Metal Paper ANC, Ramshyam Building, Ram Mandir Jawa, Cloth Bazar, Mahim West Mumbai,",19.1078954,72.85922190000001,"Shop No. 1, Rajwadi Shopping Centre, Opp. Cigarette Factory, near Alsafa Bakery, Chakala, Andheri East, Mumbai, Maharashtra 400099, India"
1219,345.pdf,20/06/2025,18:00,20/06/2025,22:00," QT नं 01, यश ज्वेलर्स राजवाडी शॉँपींग से, अलसफा बेकरीच्या शेजारी,, सिगारेट फक्टरीच्या समोर, चकाला,अंधेरी पु मुंबई ","QT No 01, Yash Jewellers, Rajwadi Shopping Sey, Beside Alsafa Bakery, Opposite Cigarette Factory, Chakala, Andheri PU Mumbai",19.0394386,72.8446835,"Mia Mohd Chhotani Rd, Mumbai, Maharashtra 400016, India"
1220,346.pdf,21/08/2025,00:30,21/08/2025,01:00," एम एम सी रोड,, न्यु इंडिया बार जवळ,, माहीम पश्‍चिम, मुंबई 16, ","MMC Road, Near New India Bar, Mahim West, Mumbai 16,",19.1386175,72.8451695,"Swami Vivekanand Rd, India"
1221,347.pdf,26/01/2025,03:05,26/01/2025,03:05," माहीम कजवे सिग्नलजवळ, , एसव्ही रोड, बांद्रा प ,  1 ","Near Mahim Causeway Signal, , SV Road, Bandra P , 1",19.1200527,72.847786,"4RCX+24F, Railway Colony, Andheri East, Mumbai, Maharashtra 400069, India"
1222,348.pdf,25/06/2025,21:30,25/06/2025,21:35," प्रसादम हॉटेलचे जवळ, अंधेरी पुर्व, , मुंबई , ","Near Prasadam Hotel, Andheri East, , Mumbai ,",19.1185184,72.8590172,"Gundavali, Andheri East, Mumbai, Maharashtra, India"
1223,349.pdf,26/06/2025,16:25,26/06/2025,17:55," गुंदवली मच्छी मार्केट, अंधेरी पुर्व, मुंबई ,   ","Gundavali Fish Market, Andheri East, Mumbai,",19.0396105,72.8402536,"Tadkeshwar Mahadev Mandir Rd, Mahim West, Mahim, Mumbai, Maharashtra 400016, India"
1224,350.pdf,21/08/2025,17:00,21/08/2025,17:00," शाँप न244, प्लॉट न14,काशिनाथ बिल्डीग जव, ताडकेश्वर महादेव मंदिर मार्ग, बालमिया लेन,माहीम प,मुंबई16,   ","Shop No. 244, Plot No. 14, Kashinath Bldg., Tadkeshwar Mahadev Mandir Marg, Balmia Lane, Mahim P, Mumbai 16,",19.1570149,72.85741,"Western Express Hwy, Mumbai, Maharashtra, India"
1225,351.pdf,27/06/2025,10:40,27/06/2025,10:50," वेस्टर्न एक्सप्रेस हायवे, अंधेरी फल्रायओव्हर वर , अंधेरी पु मुंबई,   ","Western Express Highway, Andheri Fallover, Andheri PU Mumbai,",19.0458869,72.84386289999999,"Shop No 5, Naya Nagar, Baba Saheb Ambedkar Nagar, Mahim, Mumbai, Maharashtra 400016, India"
1226,352.pdf,22/08/2025,09:00,22/08/2025,09:30," एलजे रोड,, ईस्माईल ऑटो गरेज, माहिम प मुंबई,   ","LJ Road, Ismail Auto Garage, Mahim P Mumbai,",19.1262049,72.8493324,"Mogra Pada, Natwar Nagar, Jogeshwari East, Mumbai, Maharashtra, India"
1227,353.pdf,27/06/2025,18:15,27/06/2025,18:45," लक्ष्मी बार,, मोगरापाडा , अंधेरी पु मुंबई ,  Beat No. (बीट क्र.): ","Lakshmi Bar, Mograpada, Andheri PU Mumbai, Beat No. (Beat No.):",19.1662566,72.8525696,"Goregaon, Mumbai, Maharashtra, India"
1228,354.pdf,01/01/2020,12:00,12/02/2025,13:30," न्यु इंडिया कोऑँबक लि,, प्रभादेवी कार्यालय , गोरेगांव कार्यालयातील तिजोरी ,मुंबई ","New India Coombak Ltd., Prabhadevi Office, Goregaon Office Vault, Mumbai",19.0389887,72.84002219999999,"Mahim Lohar Chawl, Mahim West, Mahim, Mumbai, Maharashtra 400016, India"
1229,355.pdf,22/08/2025,17:30,22/08/2025,17:30," खाउ गल्ली,लोहार चाळ , माहिम पश्‍चिम मुंबई 16 ,   ","Khau Galli, Lohar Chal, Mahim West Mumbai 16,",19.1142059,72.8496151,"Saiwadi, Vijay Nagar, Andheri East, Mumbai, Maharashtra 400069, India"
1230,356.pdf,29/06/2025,00:10,29/06/2025,02:30," गोखले ब्रिज दक्षिण वाहीनी सत्र, साईवाडी जंक्षनजवळ, अंधेरी पुर्व , ","Gokhale Bridge South Channel Session, Near Saiwadi Junction, Andheri East,",19.0432663,72.8442588,"Mori Rd, Navjivan Society, Mahim, Mumbai, Maharashtra 400016, India"
1231,357.pdf,22/08/2025,18:00,22/08/2025,18:00," नवजिवन सोसायटी जवळ,मोरी , रोड,प्रभात नाष्टा सेंटर , माहिम पश्‍चिम,मुंबई,,   ","Near Navjivan Society, Mori, Road, Prabhat Nashta Centre, Mahim West, Mumbai.",19.0743119,72.84678219999999,"50, Western Express Hwy, Anand Nagar, Vakola, Santacruz East, Mumbai, Maharashtra 400055, India"
1232,358.pdf,26/01/2025,23:00,27/01/2025,01:30," कोंबडी गल्ली, , वेस्टर्न एक्सप्रेस हायवे ,, वांद्रे पश्‍चिम मुंबई 50, ","KOMBDI GALLI, , WESTERN EXPRESS HIGHWAY ,, BANDRA WEST MUMBAI 50,",19.1080902,72.87943,"Andheri - Kurla Rd, Marol, Andheri East, Mumbai, Maharashtra, India"
1233,359.pdf,30/06/2025,02:10,30/06/2025,10:10," मरोळ मच्छी मार्केट, अंदेरी कुर्ला रोड, अंधेरी पु मुंबई , ","Marol Macchi Market, Andheri Kurla Road, Andheri PU Mumbai,",19.1178932,72.85449679999999,"1, Gundawali Rd, Azad Nagar, Andheri East, Mumbai, Maharashtra 400069, India"
1234,360.pdf,01/07/2025,14:00,01/07/2025,15:15," 01, , गुंदवली, , राम किशेर चाळ, अंधेरी पुर्व, मुंबई -400069,   ","01, , Gundawali, , Ram Kisher Chal, Andheri East, Mumbai-400069,",19.1178932,72.85449679999999,"1, Gundawali Rd, Azad Nagar, Andheri East, Mumbai, Maharashtra 400069, India"
1235,361.pdf,01/07/2025,14:00,01/07/2025,15:15," 01, , गुंदवली, , राम किशेर चाळ, अंधेरी पुर्व, मुंबई -400069,   ","01, , Gundawali, , Ram Kisher Chal, Andheri East, Mumbai-400069,",19.0396708,72.8466323,"Ground Floor, Ganesh Bhuvan, Mia Mohd Chhotani Rd, opposite Railway Station, Bethany Co-Operative Housing Society, Mahim West, Mahim, Mumbai, Maharashtra 400016, India"
1236,362.pdf,23/08/2025,01:30,23/08/2025,01:30," एमएम सी रोड, , न्यु इंडीया बार च्या बाहेर, माहिम पश्‍चिम मुंबई 400016, ","MM C ROAD, , OFF NEW INDIA BAR, MAHIM WEST MUMBAI 400016,",19.1171246,72.8506268,"Teli Gali, Andheri East, Mumbai, Maharashtra 400069, India"
1237,363.pdf,29/06/2025,16:30,29/06/2025,17:00," शाँप नं05, ओमेक्स चाळ,तेली गल्ली , राजश्री षाहु मार्ग,तेली गल्ली, अंधेरी पु मुंबई ,   ","Shop No. 05, Omex Chal, Teli Galli, Rajshree Shahu Marg, Teli Galli, Andheri PU Mumbai,",19.0353849,72.8423036,"Mahim, Mumbai, Maharashtra, India"
1238,364.pdf,22/08/2025,21:35,22/08/2025,21:35," कॅडल US,, माओ रेस्टारंट जवळ,, माहिम प मुंबई 16,   ","CADAL US,, NEAR MAO RESTAURANT,, MAHIM P MUMBAI 16,",19.1068129,72.8638836,"B-3, V.M Shah Marg, Taruvel CHS, Kanti Nagar, J B Nagar, Andheri East, Mumbai, Maharashtra 400099, India"
1239,365.pdf,04/07/2025,04:10,04/07/2025,07:45," 303, जेबीनगर, , गोकुळ रेजन्सी, व्हीएमशहा मा, अंधेरी पुर्व,, मुंबई - 59  ","303, JBNAGAR, , GOKUL REGENCY, VM SHAHA MA, ANDHERI EAST,, MUMBAI - 59",19.0141536,72.8252146,"Parvati Vishram Building, Prabhadevi, Mumbai, Maharashtra 400025, India"
1240,366.pdf,13/12/2024,16:00,01/01/2025,16:00," 03,1माळा, वीर सावरकर मार्ग, दत्त मंदिर पार्वती विश्राम , प्रभादेवी दादर ,मूंबई ","03,1 Mala, Veer Savarkar Marg, Dutt Mandir Parvati Vishram, Prabhadevi Dadar, Mumbai",19.0187172,72.8402412,"16, Bhavani Shankar Rd, Near Kabutar khana, Dadar West, Dadar, Mumbai, Maharashtra 400028, India"
1241,367.pdf,27/09/2023,00:00,30/06/2024,00:00," दु नं 16, भवानी शंकर रोड,पुनमिया ज्वेलर्‌, दिवाकर जावळे मार्ग बिल्डींग, दादर प, मुंबई - 400028,   ","Du No 16, Bhawani Shankar Road, Punmia Jewellers, Diwakar Jawle Marg Building, Dadar P, Mumbai - 400028,",19.0214243,72.833497,"Swatantryaveer Savarkar Rd, Mumbai, Maharashtra, India"
1242,368.pdf,22/08/2025,09:05,22/08/2025,09:05," वीर सावरकर मार्ग,, हिंदुजा हस्पिटलजवळ, माहिम प मुंबई 16 ,  1 ","Veer Savarkar Marg,, Near Hinduja Hospital, Mahim P Mumbai 16 , 1",19.060927,72.8465307,"Bandra East, Mumbai, Maharashtra, India"
1243,369.pdf,27/01/2025,01:40,27/01/2025,05:50," 266, , महाराष्ट्र नगर 02, , स्लाटर हाउस कंपांउंड, , वांद्रे पश्‍चिम, मुंबई 50 , ","266, , Maharashtra Nagar 02, , Slaughter House Compound, , Bandra West, Mumbai 50 ,",19.1125823,72.8597514,"Chakala, Andheri East, Mumbai, Maharashtra 400099, India"
1244,370.pdf,30/04/2013,12:00,30/06/2019,14:00," 301/बि, , तीसरा मजला सिल्व्हर उथोपिया, एम एस एसबिआय कार्डस अँन्ड पेमे, कार्डीनल ग्रेसेस रोड चकाला , अंधेरी पुर्व मुंबई   ","301/B, 3rd Floor Silver Utopia, MS SBI Cards & Pay, Cardinal Graces Road Chakala, Andheri East Mumbai",19.0433548,72.84264259999999,"Bus DepotShop No 9, Mohini Mansion, Rd, near MahimMori, Mahim West, Mahim, Mumbai, Maharashtra 400016, India"
1245,371.pdf,23/08/2025,16:00,23/08/2025,16:00," साई मोबाईल शाँप,माहीम कापड, बाजार रहीमाबाईबाग,झोपडपटटी, माहीम पश्‍चिम मुंबई 400016,   ","SAI MOBILE SHAMPOO,MAHIM TEXTILES,BAZAAR RAHIMABAIBAGH,ZOPADPATTI,MAHIM WEST MUMBAI 400016,",19.1185477,72.8506763,"45, Teli Gali, Andheri East, Mumbai, Maharashtra 400069, India"
1246,372.pdf,12/11/2025,15:00,24/08/2024,14:30," हाँटेल इम्पेरीअल पँलेस,, अंधेरी पुर्व, मुंबई ,  ","Hotel Imperial Palace, Andheri East, Mumbai,",19.0382536,72.8440447,"Canossa Special School, St Gabriel Rd, Geeta Nagar, New Dinkar Co Operative Housing Society, Mahim, Mumbai, Maharashtra 400016, India"
1247,373.pdf,21/08/2025,08:45,23/08/2025,13:30," गब्रियल रोड,कनोसा प्रायमरी , शाळेजवळ तेमालेगामवाला बि2, पर्यंत माहिम,पश्‍चिम,मुंबई ,   ","GABRIEL ROAD, KANOSA PRIMARY, NEAR SCHOOL TEMALEGAMWALA B2, TO MAHIM, WEST, MUMBAI,",19.1162435,72.85891079999999,"Greenwoods Cooperative Housing Society, Amrut Nagar, Gundavali, Andheri East, Mumbai, Maharashtra 400093, India"
1248,374.pdf,03/07/2025,21:00,03/07/2025,21:30," ऑफीसमध्ये परिरक्षण विभाग, केपुर्व विभाग कार्यालय,, बीएमसी कार्यालय, गुंदवली,,अंधेरी पु मुंबई   ","In the office of Conservation Department, Kepurv Division Office,, BMC Office, Gundvali,, Andheri PU Mumbai",19.0326511,72.842321,"Zara habitat, opp. shoba hotel, Mahim West, Mahim, Mumbai, Maharashtra 400016, India"
1249,375.pdf,23/08/2025,18:00,23/08/2025,18:00," लोका सलुन समोरील फुटपाथ, वरती, एल जे रोड, माहिम पश्‍चिम मुंबई 16,   ","Footpath Opposite Loka Salon, Upstairs, LJ Road, Mahim West Mumbai 16,",19.0440093,72.8449806,"Senapati Bapat Marg, Mahim West, Mahim, Mumbai, Maharashtra, India"
1250,376.pdf,23/08/2025,22:10,23/08/2025,22:30," सेनापती बापट रोड , माहिम पष्चिम मुंबई ,   ","Senapati Bapat Road, Mahim West Mumbai,",19.1157705,72.8462247,"GK Gokhale Bridge, Andheri East, Mumbai, Maharashtra, India"
1251,377.pdf,05/07/2025,02:30,05/07/2025,03:00," बिस्लेरी जक्शन जवळ,, गोखले ब्रिज उरतणीला, अंधेरी पूर्व,मूंबई , ","Near Bisleri Junction, Near Gokhale Bridge Uratani, Andheri East, Mumbai,",19.0389031,72.85181250000001,"Shop Number.A-2/A Eshwari Niwas Society Sandra Valley Road, ESHWARI NIVAS, 60 Feet Road, Matunga Labour Camp, Matunga East, Mumbai, Maharashtra 400019, India"
1252,378.pdf,24/08/2025,00:15,24/08/2025,00:15," माहीम रेल्वे स्टेशन सिग्नन जवळ, न्यु इंडीया हाँटेल समोर मुंबई, मुंबई 16, ","Near Mahim Railway Station Signon, Opposite New India Hotel Mumbai, Mumbai 16,",18.9986406,72.8173599,"Worli, Mumbai, Maharashtra, India"
1253,379.pdf,02/03/2022,14:00,30/06/2024,00:00," 05, भोये मार्ग, नाविक हाउस, वरळी, मुंबई, ","05, Bhoye Marg, Navik House, Worli, Mumbai,",19.0612607,72.8231455,"3R6F+G72, Perry Cross Rd, Bandra West, Mumbai, Maharashtra 400050, India"
1254,380.pdf,30/12/2024,23:20,30/12/2024,23:20," गोल्डन बिडी alta कल्पक , हॉर्मस बिल्डींग पेरी क्रॉस , बांद्र प मुंबई ,   ","Golden Biddy Alta Kalpak, Hormus Building Perry Cross, Bandra P Mumbai,",19.1170581,72.8800182,"4V8J+R2C, Shivaji Nagar JJC, Marol, Andheri East, Mumbai, Maharashtra 400059, India"
1255,381.pdf,05/07/2025,17:00,06/07/2025,05:00," 61, आनंदनगर,, मरोळ पाईप लाईन,, अंधेरी पुर्व मुंबई 400059, ","61, Anandnagar,, Marol Pipe Line,, Andheri East Mumbai 400059,",19.0431391,72.84127149999999,"Mohini Mansion, 2RVR+7G2, Mori Rd, Baba Saheb Ambedkar Nagar, Mahim, Mumbai, Maharashtra 400016, India"
1256,382.pdf,24/08/2025,01:15,24/08/2025,01:30," मोरी रोड सारंग बारच्या समोर, मुंबई 16 , ","Mori Road Opposite Sarang Bar, Mumbai 16,",19.1087602,72.8562652,"Sahar Rd, Andheri East, Mumbai, Maharashtra, India"
1257,383.pdf,06/07/2025,18:30,06/07/2025,18:35," SATE , सहार रोड अंधेरी पूर्व मुंबई,   ","SATE , Sahar Road Andheri East Mumbai,",18.9581934,72.8320729,"Mumbai, Maharashtra, India"
1258,384.pdf,24/08/2025,02:00,24/08/2025,02:15," पराडाईज जंक्षन समोर, मुंबई 16 , ","Opposite Paradise Junction, Mumbai 16,",19.1087602,72.8562652,"Sahar Rd, Andheri East, Mumbai, Maharashtra, India"
1259,385.pdf,07/07/2025,19:00,07/07/2025,19:30," सहार रोड,, HEY मेट्रो स्टेशन,, अंधेरी पुर्व,मुंबई, ","Sahar Road,, HEY Metro Station,, Andheri East, Mumbai,",19.031058,72.8454463,"Ground Floor, Anand Sagar Building, Shop No 5 to 11, Takandas Kataria Marg, VSNL Colony, Matunga West, Mumbai, Maharashtra 400016, India"
1260,386.pdf,23/08/2025,22:00,23/08/2025,22:30," माटुंगा रोड, , गंगाविहार हाँटेल, गेटसमोर, माहिम पश्‍चिम मुंबई 16,   ","Matunga Road, , Gangavihar Hotel, Opposite Gate, Mahim West Mumbai 16,",19.1070278,72.8598056,"7, Sahar Rd, Dawoolwadi, Andheri East, Mumbai, Maharashtra 400099, India"
1261,387.pdf,07/07/2025,19:00,07/07/2025,19:30," अंधेरी कुर्ला रोडवरी, मानसा बारचे समोर , अँधेरी पु मुंबई , ","On Andheri Kurla Road, Opposite Mansa Bar, Andheri PU Mumbai,",19.1755064,72.8701913,"General Arun Kumar Vaidya Marg, Mumbai, Maharashtra, India"
1262,388.pdf,25/08/2025,01:20,25/08/2025,01:30," अरूण कुमार वैदय मार्ग, , माहिम स्लोप झोपडपट्टी,, माहिम पश्‍चिम मुंबई 16,   ","Arun Kumar Vaidya Marg, , Mahim Slope Slum,, Mahim West Mumbai 16,",19.113645,72.8697339,"Andheri, Maharashtra 400059, India"
1263,389.pdf,23/06/2025,21:00,23/06/2025,21:30," ऑनलाईन, अंधेरी पु मुंबई , ","Online, Andheri PU Mumbai,",19.01463,72.8384913,"Senapati Bapat Marg, Mumbai, Maharashtra, India"
1264,390.pdf,25/08/2025,13:00,25/08/2025,13:00," व्होडाफोन गलरीच्या बाजुला, पेट्रोल पंपच्या बाजुला,सेनापती, बापट रोड,माहीम पश्‍चिम मुंबई,   ","Beside Vodafone Gallery, Beside Petrol Pump, Senapati, Bapat Road, Mahim West Mumbai,",19.0595596,72.8295287,"Bandra West, Mumbai, Maharashtra, India"
1265,391.pdf,25/01/2025,00:30,25/01/2025,00:30," लकी हॉटेल, बांद्रा पश्‍चिम, मुंबई 50,   ","Lucky Hotel, Bandra West, Mumbai 50,",19.0128714,72.8312967,"6, Sayani Rd, Dadar West, Prabhadevi, Mumbai, Maharashtra 400025, India"
1266,392.pdf,24/02/2025,14:32,01/03/2025,20:00," 6/603, सयानी रोड, साई कम्प्लेक्स,, प्रभादेवी, मुंबई,राहत्या घरी असतांना-400025   ","6/603, Sayani Road, Sai Complex,, Prabhadevi, Mumbai, at Residence-400025",19.108094,72.858498,"Chakala Cigarette Company, Parshiwada, Chakala, Andheri East, Mumbai, Maharashtra 400099, India"
1267,393.pdf,11/07/2025,16:30,11/07/2025,17:30," जोगी बार शेजारी, , सिगारेट कंपनीच्या समोर, चकाला, सहार रोड,अंधेरी पुर्व, मुंबई ","Beside Jogi Bar, , Opposite Cigarette Company, Chakala, Sahar Road, Andheri East, Mumbai",19.032012,72.8401043,"Mahim West, Mahim, Mumbai, Maharashtra, India"
1268,394.pdf,25/08/2025,15:00,25/08/2025,16:00," शॉप न 04,, कडल रोड माहीम, अमिना मझील, माहीम पश्‍चिम मुंबई न 400016,   ","Shop No 04, Cuddle Road Mahim, Amina Mazeel, Mahim West Mumbai No 400016,",19.1178548,72.8631304,"Andheri East, Mumbai, Maharashtra, India"
1269,395.pdf,11/07/2025,22:30,11/07/2025,22:35," अँरो पंजाब रेस्टॉरंट, गाळा नं 5, शिवाजी काँलनी,,एमव्ही रोड, अंधेरी  पूर्व, As N po}   ","ANRO PUNJAB RESTAURANT, GALA NO 5, SHIVAJI KALNI,, MV ROAD, ANDHERI EAST, As N po}",19.032012,72.8401043,"Mahim West, Mahim, Mumbai, Maharashtra, India"
1270,396.pdf,25/08/2025,23:10,25/08/2025,23:10," मकरंद सोसायटीच्या मागे दगडा, मध्ये, दर्गाच्या पाठीमागे समुद, किनारी, माहिम पश्‍चिम मुंबई 16 , ","Behind Makarand Society Dagda, In, Behind Dargah Samud, Kanari, Mahim West Mumbai 16 ,",19.117753,72.8737017,"189, Western Express H'way Jnc, Andheri Kurla Road, Andheri East, near Natraj Studio, Shree Krishna Nagar, Pandit Dindayala Upadhaya Nagar, Andheri East, Mumbai, Maharashtra 400093, India"
1271,397.pdf,12/07/2025,21:00,12/07/2025,21:05," हटेल डिलाईट गलक्सच्या बाहेरी, रस्ता अंधेरी कुर्ला रोड, अंधेरी स्टेशनकडे जाणा-या ,अंधेरी पुर्व, मुंबई ","Outside Hotel Delight Galax, Road Andheri Kurla Road, Towards Andheri Station, Andheri East, Mumbai",19.0355049,72.8408551,"Sitladevi Temple Rd, Mahim West, Mahim, Mumbai, Maharashtra 400016, India"
1272,398.pdf,01/06/2022,00:00,26/08/2025,11:00," 20/1-1 डी,, शितलादेवी मंदिर रोड, कोहो , सोसा न्यु गिरगावकरवाडी , माहीम पश्‍चिम मुंबई 16,   ","20/1-1 D,, Shitladevi Mandir Road, Koho, Sosa New Girgaonkarwadi, Mahim West Mumbai 16,",19.1059388,72.8604397,"Sahar Rd, Near G P I factory., Mahatma Kabir Nagar, Dawoolwadi, Andheri East, Mumbai, Maharashtra 400099, India"
1273,399.pdf,13/07/2025,15:00,13/07/2025,17:00," अंधेरी सहार रोड, , सहार बिझीनेस सेंटर, , सुभा इंटरनशनल हॉटेलच्या बाजु,अंधेरी पुर्व, मुंबई ","Andheri Sahar Road, , Sahar Business Centre, , Beside Subha International Hotel, Andheri East, Mumbai",19.0323115,72.8415483,"Cluster_mumbai_117 Jagruti Chs-A, Jagruti Chs, A/1, Mahim West, Mahim, Mumbai, Maharashtra 400016, India"
1274,400.pdf,27/08/2025,00:15,27/08/2025,00:15," एमएमसी क्रॉस रोड 01,, माहिम पश्‍चिम, मुंबई 16 ,   ","MMC Cross Road 01,, Mahim West, Mumbai 16 ,",19.1755064,72.8701913,"General Arun Kumar Vaidya Marg, Mumbai, Maharashtra, India"
1275,401.pdf,27/08/2025,02:10,27/08/2025,02:10," अरूण कुमार वैदय मार्ग,, पथ्थरवाडी झोपडपट्टी, , माहिम पश्‍चिम मुंबई 16,   ","Arun Kumar Vaidya Marg, Pathharwadi Slum, , Mahim West Mumbai 16,",19.0570246,72.82401399999999,"28, A, 23, Chimbai Rd, Bandra West, Mumbai, Maharashtra 400050, India"
1276,402.pdf,27/01/2025,15:15,27/01/2025,15:15," Fete नं 07, कमल तक्ष्मी fa, चिम्बई रोड,उषा हॉटेलच्या समोर, वांद्रे पश्‍चिम, मुंबई-50,   ","Fete No 07, Kamal Takshmi fa, Chimbai Road, Opposite Usha Hotel, Bandra West, Mumbai-50,",19.1155406,72.8564401,"Gala No 6, Andheri - Kurla Rd, Shivaji Colony, Andheri East, Mumbai, Maharashtra 400093, India"
1277,403.pdf,14/07/2025,00:30,14/07/2025,00:45," अंधेरी कुर्ला रोड,, नाविक SAAN, , अंधेरी पुर्व, मुंबई , ","ANDHERI KURLA ROAD,, NAVIK SAAN, , ANDHERI EAST, MUMBAI ,",19.0108718,72.8286997,"Botawala Building, Nagusayajichi Wadi, Prabhadevi, Mumbai, Maharashtra 400025, India"
1278,404.pdf,28/02/2025,11:00,01/03/2025,07:30," 03, बोटावाला चाळ, , नागुसरायाची ast, न्यु प्रभादेवी, मुंबई - 400025,   ","03, Botawala Chal, , Nagusarayachi ast, New Prabhadevi, Mumbai - 400025,",19.04279,72.8401844,"Mori Rd, Mahim West, Mahim, Mumbai, Maharashtra 400016, India"
1279,405.pdf,28/08/2025,01:10,28/08/2025,01:10," मोरी रोड , माहिम पश्‍चिम मुंबई 16,   ","Mori Road, Mahim West Mumbai 16,",19.1150688,72.8586337,"Sir Mathuradas Vasanji Rd, Mumbai, Maharashtra 400099, India"
1280,406.pdf,09/06/2024,00:00,01/07/2025,00:00," कराचीवाला चाळ,, अण्णावाडी , एम व्ही रोड,, टोपलीवाडी जवळ, अंधेरी पूर्व,,मुंबई-400099   ","Karachiwala Chal, Annawadi, MV Road, Near Topliwadi, Andheri East, Mumbai-400099",19.0351343,72.8400827,"Kshatriya Nivas, Sitladevi Temple Rd, Mahim West, Mahim, Mumbai, Maharashtra 400016, India"
1281,407.pdf,27/08/2025,15:50,28/08/2025,23:30," रूम नं 7,, शितलादेवी मंदिर रोड,, fact 6/अ, क्षत्रिय निवास सोसा, माहिम प मुंबई 16 , ","Room No 7, Shitladevi Temple Road, Fact 6/A, Kshatriya Niwas Sosa, Mahim P Mumbai 16,",19.1064359,72.8655516,"2, Satellite Housing Society, opposite Mistry Complex, Kanti Nagar, J B Nagar, Andheri East, Mumbai, Maharashtra 400059, India"
1282,408.pdf,14/07/2025,23:00,15/07/2025,06:00," गाळा नंबर 02, सटेलाईट हो सोसा, यूनिक नावाची जिम,, मिस्त्री काँम्पत्लेक्स समोर,,अंधेरी पूर्व, मूंबई   ","Gala No. 02, Satellite Ho Sosa, Unique Gym, Opposite Mistry Compplex, Andheri East, Mumbai",19.032012,72.8401043,"Mahim West, Mahim, Mumbai, Maharashtra, India"
1283,409.pdf,01/01/2025,00:00,30/04/2025,00:00," येस बक शाखा, कडल रोड,माहिम पश्‍चिम मुंबई ,   ","Yes Buck Branch, Cuddle Road, Mahim West Mumbai,",19.120567,72.8517649,"Azad Rd, Azad Nagar, Andheri East, Mumbai, Maharashtra 400069, India"
1284,410.pdf,06/07/2025,21:00,07/07/2025,09:10," मारूती वडारी चाळ, गुंदवली गावठ, कामाक्षी ज्वेलर्स, आझाद रोड, अंधेरी पुर्व, मुंबई,   ","Maruti Wadari Chal, Gundavali Village, Kamakshi Jewellers, Azad Road, Andheri East, Mumbai,",19.0392812,72.8437854,"Mia Mohd Chhotani Rd, Mahim West, Mahim, Mumbai, Maharashtra 400016, India"
1285,411.pdf,29/08/2025,18:00,29/08/2025,18:00," एम एमसी रोड,, माहिम स्टेशन जवळ, माहिम पश्‍चिम मुंबई 16 ,   ","M MC ROAD, NEAR MAHIM STATION, MAHIM WEST MUMBAI 16 ,",19.1178548,72.8631304,"Andheri East, Mumbai, Maharashtra, India"
1286,412.pdf,15/07/2025,18:45,16/07/2025,10:30," stat नगर,, ब्रिजवाशी स्वीट शॉप,, अंधेरी पुर्व मुंबई ,   ","stat Nagar,, Brijvashi Sweet Shop,, Andheri East Mumbai,",19.051016,72.8355244,"14, LK Mehta Marg, Reclamation, Bandra West, Mumbai, Maharashtra 400050, India"
1287,413.pdf,27/01/2025,17:00,27/01/2025,17:00," 786, नरगिसदत्त नगर, लालमिटटी, वांद्रे पश्‍चिम, मुंबई 50,   ","786, Nargisdutta Nagar, Lalmitti, Bandra West, Mumbai 50,",19.0352502,72.8420715,"2RPR+4R4, Lady Jamshedji Rd, Mahim West, Mahim, Mumbai, Maharashtra 400016, India"
1288,414.pdf,29/08/2025,22:10,29/08/2025,22:10," शितलादेवी मंदीर रोड, , व्हिक्टोरीया शाळेचे रस्त्यावर,, माहिम पश्‍चिम, मुंबई 400016,   ","Shitladevi Mandir Road, , Victoria School Road, Mahim West, Mumbai 400016,",19.1143852,72.8497017,"Vijay Nagar, Andheri East, Mumbai, Maharashtra 400069, India"
1289,415.pdf,15/07/2025,00:05,15/07/2025,09:30," सिम्फोनी हाँलजवळ, विजयनगर,, कल्पीता बिल्डीगच्या समोर,, अंधेरी पूर्व, मूंबई ,   ","Near Symphony Hall, Vijayanagar, Opposite Kalpita Building, Andheri East, Mumbai.",19.0225369,72.8434347,"17, Hawkers Plaza, Ground Floor, Senapati Bapat Marg, Dadar West, Dadar, Mumbai, Maharashtra 400028, India"
1290,416.pdf,04/03/2025,13:00,04/03/2025,13:10," श्री सिध्दीविनायक बस स्टाँप, बस क्र €54,दादर पश्‍चिंम,मुंबई   ","Sri Siddhivinayak Bus Stop, Bus No €54, Dadar West, Mumbai",19.032032,72.8395426,"Hinduja Hospital, Takandas Kataria Marg, Kataria Colony, Shivaji Park, Mumbai, Maharashtra 400016, India"
1291,417.pdf,29/08/2025,23:30,29/08/2025,23:30," हिंदुजा हॉस्पीटलचे पाठीमागे , चौपाटीवर, माहिम पश्‍चिम, मुंबई 400016 ,   ","Behind Hinduja Hospital, Chowpatty, Mahim West, Mumbai 400016,",19.1570149,72.85741,"Western Express Hwy, Mumbai, Maharashtra, India"
1292,418.pdf,17/07/2025,08:30,17/07/2025,08:45," पश्‍चिम द्रुरतगती महामार्ग , उत्तर वाहिनी हटेल साईप्रसाद, अंधेरी प, मुंबई ,  ","Western Express Highway, North Channel Hatel Saiprasad, Andheri P, Mumbai,",19.0412332,72.8406889,"Bldg no.22-24, K.B.J Mansion, Lady Jamshdeji Road, opp. Mahim Church, Mahim West, Mahim, Mumbai, Maharashtra 400016, India"
1293,419.pdf,01/01/2025,00:00,30/08/2025,16:00," शाप न 01, पराडाईज सिनेमा शेजारी, मेहरूनिसा पान बिडी शॉप , माहीम पश्‍चिम मुंबई ,   ","Shaap No 01, Next To Paradise Cinema, Mehrunisa Pan Bidi Shop, Mahim West Mumbai,",19.1663499,72.8586234,"Western Express Hwy, India"
1294,420.pdf,17/07/2025,08:30,17/07/2025,08:45," एक्सप्रेस झोन, पश्‍चिम दुर्तगती महामार्ग, दक्षिण वाहिनी गुंदवली ,बस स्टॉप, अंधेरी पु, मुंबई  ","Express Zone, West Expressway, South Channel Gundavali, Bus Stop, Andheri PU, Mumbai",19.01463,72.8384913,"Senapati Bapat Marg, Mumbai, Maharashtra, India"
1295,421.pdf,31/08/2025,01:15,31/08/2025,01:15," सेनापती बापट मार्ग , इडीयन ऑईल पेट्रोल पंपाजवळ ,, माहिम पश्‍चिम, मुंबई 400016 , ","Senapati Bapat Marg, Near Idian Oil Petrol Pump,, Mahim West, Mumbai 400016,",19.1110621,72.8655922,"J B Nagar, Andheri East, Mumbai, Maharashtra, India"
1296,422.pdf,12/07/2025,12:30,12/07/2025,12:30," 03, वंदना अपार्टमेंट, जेबीनगर, अंधेरी पुर्व, मुंबई,   ","03, Vandana Apartment, JB Nagar, Andheri East, Mumbai,",19.0394386,72.8446835,"Mia Mohd Chhotani Rd, Mumbai, Maharashtra 400016, India"
1297,423.pdf,31/08/2025,01:15,31/08/2025,01:15," एम एम सी रोड,, न्यु इंडीया बार जवळ ,, माहिम पश्‍चिम, मुंबई 400016, ","MMC Road,, Near New India Bar,, Mahim West, Mumbai 400016,",19.0528226,72.8292882,"41-C, Chapel Rd, near Duke Restaurant, Ranwar, Bandra West, Mumbai, Maharashtra 400050, India"
1298,424.pdf,28/01/2025,03:00,28/01/2025,03:00," 41 सी चपेल रोड, वान्द्रे प,,   ","41 C Chapel Road, Bandra P,,",19.100081,72.903132,"H-1, Municipal Colony, Barve Nagar, Ghatkopar West, Mumbai, Maharashtra 400084, India"
1299,425.pdf,19/07/2025,00:05,19/07/2025,00:15," साईवाडी पोलीस बीटचौकी, साईवाडी जंक्षन, साईवाडी, अंधेरी पुर्व, मुंबई, ","Saiwadi Police Beat Chowki, Saiwadi Junction, Saiwadi, Andheri East, Mumbai,",19.032012,72.8401043,"Mahim West, Mahim, Mumbai, Maharashtra, India"
1300,426.pdf,31/08/2025,12:30,31/08/2025,12:30," कॅडल रोड, माहिम वाहतुक चौकी, माहिम पश्‍चिम मुंबई16 ,   ","Cadal Road, Mahim Wahtuk Chowki, Mahim West Mumbai 16,",19.1163294,72.8492259,"Teli Galli Cross Rd, Sampada Society, Andheri East, Mumbai, Maharashtra 400069, India"
1301,427.pdf,15/07/2025,11:30,15/07/2025,12:00," ओमिक्स बिल्डींग, तेलीगल्ली क्रॉस रोड,, अंधेरी पु मुबंई,   ","OMICS BUILDING, TELLIGALLI CROSS ROAD, ANDHERI PU MUMBAI,",19.0225369,72.8434347,"17, Hawkers Plaza, Ground Floor, Senapati Bapat Marg, Dadar West, Dadar, Mumbai, Maharashtra 400028, India"
1302,428.pdf,04/03/2025,13:00,04/03/2025,13:10," श्री सिध्दीविनायक बस स्टाँप, बस क्र €54,दादर पश्‍चिंम,मुंबई   ","Sri Siddhivinayak Bus Stop, Bus No €54, Dadar West, Mumbai",19.1153975,72.84874049999999,"Gokhale Bridge, Andheri East, Mumbai, Maharashtra 400069, India"
1303,429.pdf,20/07/2025,00:30,20/07/2025,00:45," गोखले ब्रिज दक्षिण वाहीनी सत्र, साईवाडी जंक्षनजवळ, अंधेरी पु मुंबई , ","Gokhale Bridge South Canal Session, Near Saiwadi Junction, Andheri PU Mumbai,",19.113645,72.8697339,"Andheri, Maharashtra 400059, India"
1304,430.pdf,02/06/2025,12:30,27/06/2025,13:00," आकाश स्वीट अँड FAFA , अंधेरी पु मुंबई, ","Aakash Sweet & FAFA, Andheri PU Mumbai,",19.1170775,72.8545796,"Shop Number 10, Vazir Glass Compound, Andheri - Kurla Rd, opposite Natraj Studio, Azad Nagar, Andheri East, Mumbai, Maharashtra 400069, India"
1305,431.pdf,22/07/2025,15:30,22/07/2025,15:30," अंधेरी कुर्ला रोड,, कलिंगा फमिली रेस्टाँरंट अँण्ड, अंधेरी पूर्व, मुंबई ,   ","Andheri Kurla Road,, Kalinga Family Restaurant And, Andheri East, Mumbai,",19.1185184,72.8590172,"Gundavali, Andheri East, Mumbai, Maharashtra, India"
1306,432.pdf,22/07/2025,20:50,22/07/2025,21:20," गुंदवली सव्रिहिस रोडवरील मच्छी, मार्केट,आझाद रोड, गुंदवली हिल, अंधेरी पु मुंबई ,   ","Machchi, Market, Azad Road, Gundvali Hill, Andheri PU Mumbai, on Gundvali Savrihis Road,",19.1073748,72.8822332,"Jarimari Naaz Hotel, Andheri - Kurla Rd, Mittal Industrial Estate, Kurla(w, Andheri East, Mumbai, Maharashtra 400059, India"
1307,433.pdf,22/07/2025,22:50,22/07/2025,23:15," सिद्धीविनायक काँपेरिषन, अंधेरी कुर्ला रोड, मरोळ मच्छिम, अंधेरी पुर्व, मंबई , po} ","Siddhivinayak Corporation, Andheri Kurla Road, Marol Machhim, Andheri East, Mumbai, po}",19.1185184,72.8590172,"Gundavali, Andheri East, Mumbai, Maharashtra, India"
1308,434.pdf,23/07/2025,09:00,23/07/2025,11:00," गुंदवली सव्र्हिस रोड,, पंप हाऊस जवळ, , अंधेरी पुर्व, मुंबई, ","GUNDAWALI SERVICE ROAD,, NEAR PUMP HOUSE, , ANDHERI EAST, MUMBAI,",19.0353849,72.8423036,"Mahim, Mumbai, Maharashtra, India"
1309,435.pdf,27/01/2025,23:00,28/01/2025,04:00," माता बालक चैक, माहिम काँजवे,, , बांद्रा पश्‍चिम, मुंबई , ","Mata Balak Chaik, Mahim Kanjwe,, , Bandra West, Mumbai ,",19.1132854,72.8479912,"The Vijay Nagar Society - Andheri (East Shop No. 6, The Vijay Nagar CHSL, Sahar Rd, Vijay Nagar, Andheri East, Mumbai, Maharashtra 400069, India"
1310,436.pdf,24/07/2025,01:00,24/07/2025,01:05," विकास मार्ग, आय सी बँके बाहेरील रस्त्यावर, डी मार्ट च्या समोर,अंधेरी पुर्व, मुंबई   ","Vikas Marg, IC Bank Outer Road, Opposite D Mart, Andheri East, Mumbai",19.1061391,72.8661996,"Shop no 14, Om nagar circle, Kanti Nagar, J B Nagar, Andheri East, Mumbai, Maharashtra 400099, India"
1311,437.pdf,11/06/2021,10:00,30/04/2024,11:00," A-1,A-2, जनकल्याण बँकेच्या समोर, गुरूदत्त को ऑ हो सोसा, जे बी नगर,अंधेरी पुर्व मुंबई   ","A-1,A-2, OPPOSITE JANKALYAN BANK, GURDUTT KO OR HO SOSA, JB NAGAR, ANDHERI EAST MUMBAI",19.1120538,72.8676571,"Chakala, Andheri - Kurla Rd, near Hotel Kohinoor Continental, J B Nagar, Andheri (E, Mumbai, Maharashtra 400059, India"
1312,438.pdf,24/07/2025,19:00,25/07/2025,07:00," वायरलेस रोड, चकाला,, प्रगती बिल्डिंगच्या faeces, जेबीनगर, अंधेरी पुर्व, मुंबई,   ","Wireless Road, Chakala,, faeces of Pragati Building, JB Nagar, Andheri East, Mumbai,",19.1128781,72.8536711,"Jumbo Darshan, Jiva Mahale Marg, Sai Wadi, Andheri East, Mumbai, Maharashtra 400069, India"
1313,439.pdf,26/07/2025,17:30,26/07/2025,18:30," जंबो दर्षन बिल्डींग, जी समोर रस्त्यावर, जीवा महाले रोड,अंधेरी पुर्व, मुंबई  ","Jumbo Darshan Building, Opposite G Street, Jeeva Mahale Road, Andheri East, Mumbai",19.0153028,72.8372408,"2R8P+4VH, Bhavani Shankar Rd, Madhav Nagar Cooperative Housing Society, Dadar West, Mumbai, Maharashtra 400028, India"
1314,440.pdf,05/03/2025,17:45,05/03/2025,17:50," भवानी शंकर रोड,, शारधाश्रम विदयामंदीरच्या बाजूल, दादर, पश्‍चिंम ,मुंबई   ","Bhavani Shankar Road, Beside Sharadashram Vidyamandir, Dadar, West, Mumbai",19.1107299,72.8676327,"34, Plot no, Ajit Nagar, J B Nagar, Andheri East, Mumbai, Maharashtra 400059, India"
1315,441.pdf,24/07/2025,10:00,24/07/2025,22:00," विशाल हाल चे समोर, आराधना बिल्डिंगच्या बाहेरील बा, रमेश चौकचे जवळ,,अंधेरी पुर्व, मुंबई   ","Opposite Vishal Hall, Outside Aradhana Building, Near Ramesh Chowk, Andheri East, Mumbai",19.1253172,72.8485016,"Swapnalok Apartments, Off New Nagardas Rd. Andheri (E), Mumbai, Maharashtra, Mogra Village, Mogra Pada, Natwar Nagar, Jogeshwari East, Mumbai, Maharashtra 400069, India"
1316,442.pdf,27/07/2025,15:00,27/07/2025,17:00," 01, सिताराम मिठाई चाळ, स्वप्नलोक अपार्टमेंटच्या , विरूध्द बाजुस,मोगरापाडा, अंधेरी पुर्व, मुंबई   ","01, Sitaram Mithai Chal, Opposite Swapnalok Apartments, Mograpada, Andheri East, Mumbai",19.1182997,72.8534691,"7, Gundavali Village Rd, Azad Nagar, Andheri East, Mumbai, Maharashtra 400069, India"
1317,443.pdf,22/07/2025,07:00,25/07/2025,08:00," 7 ए, ,गुंदवली गावठान, महाकाली दर्शन , अंधेरी पूर्व, मुंबई-400069,   ","7A, ,Gundavali Village, Mahakali Darshan, Andheri East, Mumbai-400069,",19.1038824,72.8671603,"4V38+HV3 BMC Garden, Ashok Nagar, Andheri East, Mumbai, Maharashtra 400099, India"
1318,444.pdf,28/07/2025,17:33,28/07/2025,18:25," बीएमसी गार्डनचे बाजूला, आकाश मार्बलचे गेटचे बाहेर रस्त, अंधेरी घाटकोपर लिंक रोड,,अंधेरी पुर्व, मुंबई   ","Beside BMC Garden, Akash Marble Gate Road, Andheri Ghatkopar Link Road, Andheri East, Mumbai",19.105988,72.86794499999999,"Om Nagar, Kanti Nagar, J B Nagar, Andheri East, Mumbai, Maharashtra 400099, India"
1319,445.pdf,28/07/2025,16:00,28/07/2025,17:00," ओम नगर सर्कल येथे, जेबी नगर अंधेरी पुर्व मुंबई ,   ","At Om Nagar Circle, JB Nagar Andheri East Mumbai,",19.0807111,72.8386732,"1, Santacruz Railway Station Rd, Navin Nagar, Bajaj Wadi, Willingdon, Santacruz (West), Mumbai, Maharashtra 400054, India"
1320,446.pdf,03/01/2025,19:00,04/01/2025,19:00," रूम नं 01, Fore नं 01, स्टेशन, रोड,शास्त्रीनगर,वांद्रे बस, डेपोसमोर, बांद्रा पश्‍चिम, ,मुंबई   ","Room No 01, Fore No 01, Station Road, Shastri Nagar, Bandra Bus, Opposite Depot, Bandra West, Mumbai",19.0625044,72.8293971,"Shop Nos. 3 & 7, Dheeraj Arcade,Opp Jude Wines, Dr Ambedkar Road, Pali Mala Rd, Bandra West, Mumbai, Maharashtra 400050, India"
1321,447.pdf,27/01/2025,11:30,27/01/2025,16:08," रुम नं503,, धिरज आर्केड,, पंजाब स्विट हाउसच्या वरती, , पाली नाका, ,बांद्रा प मुंबई 50   ","Room No 503, Dhiraj Arcade, Above Punjab Sweet House, Pali Naka, Bandra P Mumbai 50",19.1110621,72.8655922,"J B Nagar, Andheri East, Mumbai, Maharashtra, India"
1322,448.pdf,29/07/2025,12:06,29/07/2025,12:50," बीएमसी उंपिंग पार्किंग, ऑफिसचे समोर रस्त्यावर, गुरूनानक चैक, जेबीनगर ,अंधेरी कुर्ला रोड,अंधेरी पुर्व   ","BMC Umping Parking, Opposite Office Road, Guru Nanak Chaik, JB Nagar, Andheri Kurla Road, Andheri East",19.1171246,72.8506268,"Teli Gali, Andheri East, Mumbai, Maharashtra 400069, India"
1323,449.pdf,23/07/2025,02:00,23/07/2025,10:00," मोहमद हुसैन चाळ, तेली गल्ली, अंधेरी पूर्व,मुंबई ,   ","Mohammad Hussain Chal, Teli Galli, Andheri East, Mumbai,",19.1122405,72.866751,"Gurunanak Chowk, S B Singh Colony, J B Nagar, Andheri East, Mumbai, Maharashtra 400059"
1324,450.pdf,29/07/2025,17:40,29/07/2025,18:20," बीएमसी उंपिंग पार्किंग ऑफिसचे , गुरूनानक चौक, जेबीनगर, मेट्रो स्टेशन जवळ,,अंधेरी कुर्ला रोड,अंधेरी पुर्व   ","Of BMC Umping Parking Office, Guru Nanak Chowk, JB Nagar, Near Metro Station, Andheri Kurla Road, Andheri East",19.1153975,72.84874049999999,"Gokhale Bridge, Andheri East, Mumbai, Maharashtra 400069, India"
1325,451.pdf,29/07/2025,16:30,29/07/2025,18:15," गोखले ब्रीजखाली, सहार रोड,, अंधेरी पुर्व, मुंबई, ","Under Gokhale Bridge, Sahar Road, Andheri East, Mumbai,",19.1262049,72.8493324,"Mogra Pada, Natwar Nagar, Jogeshwari East, Mumbai, Maharashtra, India"
1326,452.pdf,28/07/2025,18:00,29/07/2025,19:00," मोगरापाडा, लोखंडाच्या बिल्डिंगचा HREM, कोयला कम्पाउंड, ,, अंधेरी पुर्व, मुंबई   ","Mograpada, HREM of Lokhanda Building, Coal Compound, ,, Andheri East, Mumbai",19.0153028,72.8372408,"2R8P+4VH, Bhavani Shankar Rd, Madhav Nagar Cooperative Housing Society, Dadar West, Mumbai, Maharashtra 400028, India"
1327,453.pdf,05/03/2025,17:45,05/03/2025,17:50," भवानी शंकर रोड,, शारधाश्रम विदयामंदीरच्या बाजूल, दादर, पश्‍चिंम ,मुंबई   ","Bhavani Shankar Road, Beside Sharadashram Vidyamandir, Dadar, West, Mumbai",19.1180235,72.8480313,"Sahar Rd, Railway Colony, Andheri East, Mumbai, Maharashtra, India"
1328,454.pdf,30/07/2025,16:00,30/07/2025,16:30," सहार रोड,रेल्वे काँलनी,, अंधेरी पुर्व,मुंबई,   ","Sahar Road, Railway Colony, Andheri East, Mumbai,",19.113645,72.8697339,"Andheri, Maharashtra 400059, India"
1329,455.pdf,01/05/2025,11:00,01/05/2025,11:30," सदगुरु गार्डन, अ विंग मधील तळमजल्यावर ,अँधेरी पु मुंबई ","Sadguru Garden, Ground Floor in A Wing, Andheri PU Mumbai",19.1247504,72.8485093,"Directiplex, Old Nagardas Rd, Mogra Village, Mogra Pada, Natwar Nagar, Andheri East, Mumbai, Maharashtra 400069, India"
1330,456.pdf,31/07/2025,13:04,31/07/2025,13:45," अंधेरी सब वे, मोगरापाडा,, डायरेक्टी प्लेक्स बिल्डींग समो, अंधेरी पुर्व, मुंबई ,  ","Andheri Subway, Mograpada,, Directi Plex Building Same, Andheri East, Mumbai,",19.1077911,72.8640798,"Silver Bell, CHS, J.B. Nagar, Tarun Bharat, Andheri East, Mumbai, Maharashtra 400059, India"
1331,457.pdf,31/07/2025,13:35,31/07/2025,14:00," साईदेव Aha, जे बी नगर,, कनरा बंकेच्या बाहेरील फुटपाथ, अंधेरी पुर्व, मुंबई ,  ","Saidev Aha, JB Nagar,, Sidewalk Outside Kanara Bank, Andheri East, Mumbai,",19.0595596,72.8295287,"Bandra West, Mumbai, Maharashtra, India"
1332,458.pdf,28/01/2025,17:10,28/01/2025,17:10," कोंबडी गल्ली, , वांद्रे पश्‍चिम मुंबई 50, ","KOMBDI GALLI, , BANDRA WEST MUMBAI 50,",19.1068927,72.88320879999999,"127, Andheri - Kurla Rd, Mittal Industrial Estate, Chakala, Andheri East, Mumbai, Maharashtra 400059, India"
1333,459.pdf,24/07/2025,11:00,31/07/2025,11:00," 701, सी अँन्ड बी स्कवेअर बिल्डिंग,, संगम काँम्पेक्स,127 , अंधंरी कुर्ला रोड,चकाला,,अंधेरी पूर्व,मुंबई 400059   ","701, C & B SQUARE BUILDING,, SANGAM COMPEX, 127, ANDHANRI KURLA ROAD, CHAKALA,, ANDHERI EAST, MUMBAI 400059",19.1084439,72.869783,"Marol Pipeline Rd, Sai Nagar, Ashok Nagar, Andheri East, Mumbai, Maharashtra, India"
1334,460.pdf,31/07/2025,21:30,31/07/2025,22:30," साईनगर, मरोळ, पाईपलाईन,अंधेरी पुर्व, मुंबई  ","Sainagar, Marol, Pipeline, Andheri East, Mumbai",19.1120959,72.867777,"Andheri - Kurla Rd, Andheri East, Mumbai, Maharashtra, India"
1335,461.pdf,29/07/2025,18:00,30/07/2025,08:00," अंधेरी कुर्ला रोड, विषाल हाँलच्या बाजूच्या गेटजवळ, अंधेरी पुर्व मुंबई ,  ","Andheri Kurla Road, Near Vishal Hall Side Gate, Andheri East Mumbai,",19.1097712,72.8582672,"Chakala, Andheri East, Mumbai, Maharashtra, India"
1336,462.pdf,31/07/2025,22:40,01/08/2025,03:15," सिगारेट फक्टरी समोर, सहार रोड, साची बार अँन्ड रेस्टॉरन्ट , चकाला  व्हिलेज,अंधेरी पु, मुंबई   ","Opposite Cigarette Factory, Sahar Road, Sachi Bar & Restaurant, Chakala Village, Andheri PU, Mumbai",19.1101415,72.8588079,"Chakala Rd, opp. Bajson's Industrial Estate, Parshiwada, Kajuwadi, Chakala, Andheri East, Mumbai, Maharashtra 400099, India"
1337,463.pdf,01/08/2025,10:20,01/08/2025,10:35," कार्नियत्र ग्रासीयस रोड, महाराजा हाँटेल समोर, चकाला, अंधेरी पूर्व, मुंबई,   ","Karniatra Gracious Road, Opposite Maharaja Hotel, Chakala, Andheri East, Mumbai,",19.1225229,72.8521222,"Gate No. 01, Shree. Nagardas D, Bhuta High School, Old Nagardas Rd, Azad Nagar, Andheri East, Mumbai, Maharashtra 400069, India"
1338,464.pdf,01/08/2025,11:39,01/08/2025,12:30," तेबला नं07, ग्रीन पार्क , बिल्डींग समोर रस्त्यावर, गुल्लु सिंग चाळ भुता हायस्कुल,निकोलसवाडी,अंधेरी पुर्व, मुंबई   ","Tebla No.07, Green Park, Road Opposite Building, Gullu Singh Chal Bhuta High School, Nicolaswadi, Andheri East, Mumbai",18.914574,72.8244574,"Shahid Bhagat Singh Rd, Colaba, Mumbai, Maharashtra, India"
1339,465.pdf,01/03/2025,12:30,01/03/2025,12:30," एसबीएस रोड, टप - टेन मोबाईल शप समोरील बस, कुलाबावाडी,कुलाबा, मुंबई,  ","Bus Opposite Top-Ten Mobile Shop, SBS Road, Kulabawadi, Kulaba, Mumbai,",19.1147829,72.84781819999999,"Vijay Nagar Society, Sahar Rd, Vijay Nagar, Andheri East, Mumbai, Maharashtra 400069, India"
1340,466.pdf,01/08/2020,00:00,28/07/2025,11:00," सहार रोड,, , विजयनगर सोसायटी, , अंधेरी पुर्व,,मुबई -   ","Sahar Road,, Vijayanagar Society, Andheri East, Mumbai -",19.1077911,72.8640798,"Silver Bell, CHS, J.B. Nagar, Tarun Bharat, Andheri East, Mumbai, Maharashtra 400059, India"
1341,467.pdf,02/08/2025,11:00,02/08/2025,11:30," साईदेव सर्कल,, जेबीनगर अंधेरी पूर्व मुंबई ,   ","Saidev Circle,, JBnagar Andheri East Mumbai ,",19.1067921,72.8673096,"APARTMENT-B, PRIYADARSHINI BUILDING AIJID, बमानपुरी, कंटि नगर, J B नगर, अंधेरी ईस्ट, मुंबई, महाराष्ट्र 400059, India"
1342,468.pdf,02/08/2025,12:47,02/08/2025,13:00," लिंक वे अपार्टमेंट बी विंग समो, डाँचरतसिंग कलनी,, अंधेरी घाटकोपर लिंक रोड ,अंधेरी पुर्व, मुंबई   ","Link Way Apartment B Wing Same, Dancharat Singh Kalni,, Andheri Ghatkopar Link Road, Andheri East, Mumbai",19.051016,72.8355244,"14, LK Mehta Marg, Reclamation, Bandra West, Mumbai, Maharashtra 400050, India"
1343,469.pdf,28/01/2025,17:00,28/01/2025,17:00," लालमिठठी परिसर, , फुटपाथवर ,, वांद्रे पश्‍चिम मुंबई 50, ","Lalmitthi Area, , On Footpath ,, Bandra West Mumbai 50,",19.1173978,72.8536239,"194, Andheri - Kurla Rd, Bima Nagar, Andheri East, Mumbai, Maharashtra 400069, India"
1344,470.pdf,30/07/2025,00:30,30/07/2025,10:00," नटराज स्टुडिओच्या जवळ, , ओरीयल हॉटेल, बिमा नगर,, अंधेरी कुर्ला रोड, अंधेरी पु,   ","Near Nataraj Studio, , Oriel Hotel, Bima Nagar,, Andheri Kurla Road, Andheri PU,",19.0919859,72.9116559,"Andheri Ghatkopar Link Rd, Mumbai, Maharashtra, India"
1345,471.pdf,04/08/2025,12:50,04/08/2025,13:40," साटमवाडी जंक्षन जवळ सस्त्यावर, अंधेरी घाटकोपर ल्रिंक रोड, अंधेरी पुर्व, मुंबई,   ","Cheap Near Satamwadi Junction, Andheri Ghatkopar Link Road, Andheri East, Mumbai,",19.1142318,72.8612493,"A Wing, Business Square, Gr & 1st Flr, Andheri - Kurla Rd, opposite Kanakia Wall Street, Chakala, Andheri East, Mumbai, Maharashtra 400093, India"
1346,472.pdf,04/08/2025,16:00,04/08/2025,16:20," डिवाईन चाईल्ड हायस्कूल जवळ, विजय सेल्स समोर, अंधेरी कुर्ला रोड,अंधेरी पूर्व मुंबई 400059   ","Near Divine Child High School, Opposite Vijay Sales, Andheri Kurla Road, Andheri East Mumbai 400059",19.113645,72.8697339,"Andheri, Maharashtra 400059, India"
1347,473.pdf,27/02/2025,11:00,28/02/2025,12:00," आरसा हाँलेट परिसरात, अंधेरी पु मुंबई ,   ","Arsa Hollet Area, Andheri PU Mumbai,",19.1188475,72.8503479,"Ramesh More Udyan, Teli Gali, near Metro Bridge, Andheri East, Mumbai, Maharashtra 400069, India"
1348,474.pdf,05/08/2025,12:10,05/08/2025,12:50," अंधेरी जिमखानाचे बाजूला Wd, रमेष मोरे चौक, अंधेरी कुर्ला र, ,अंधेरी पुर्व, मुंबई ,   ","Beside Andheri Gymkhana Wd, Ramesh More Chowk, Andheri Kurla Rd, Andheri East, Mumbai,",19.1238103,72.8547841,"UMASHANKAR TIWARI Chawl, Ramdular Tiwari compound, Old Nagardas Cross Rd, Gundavali Gaothan, Andheri East, Mumbai, Maharashtra 400069, India"
1349,475.pdf,05/08/2025,17:21,05/08/2025,18:00," सरस्वती बिल्डींग समोर रस्त्या, तिवारी चहावाला जवळ, निकोलसवाडी, अंधेरी पुर्व, मुंबई,   ","Road Opposite Saraswati Building, Near Tiwari Chahwala, Nicholaswadi, Andheri East, Mumbai,",19.1030026,72.8635943,"Torana Apartment, AAI Colony, J B Nagar, Andheri East, Mumbai, Maharashtra 400099, India"
1350,476.pdf,06/08/2025,23:00,06/08/2025,23:30," शांती भवन बिल्डींग, जेबी नगर,,अंधेरी पूर्व, मुंबई 59 ","Shanti Bhawan Building, JB Nagar, Andheri East, Mumbai 59",19.0258684,72.8456508,"109a, Poorti Building, 110, Senapati Bapat Marg, Dadar West, Bandra West, Mumbai, Maharashtra 400016, India"
1351,477.pdf,01/02/2025,09:30,10/02/2025,09:40," 109 ए, 110, सेनापती बापट रोड, म्हात्रे पेन बिल्डिंग, दादर पश्‍चिम,मुंबई   ","109A, 110, Senapati Bapat Road, Mhatre Pen Building, Dadar West, Mumbai",19.1181647,72.8553889,"Western Express Hwy, Andheri East, Mumbai, Maharashtra, India"
1352,478.pdf,07/08/2025,01:30,07/08/2025,01:45," वेस्टर्न एक्सप्रेस हायवे, , गोखले ब्रीज उतार,, अंधेरी पुर्व, मुंबई, ","Western Express Highway, , Gokhale Bridge Road,, Andheri East, Mumbai,",19.1089222,72.8627252,"Arayavarta, Tarun Bharat Rd, Swapna Ghar Society, J.B. Nagar, Chakala, Andheri East, Mumbai, Maharashtra 400099, India"
1353,479.pdf,04/08/2025,12:30,04/08/2025,13:35," 2/ए,603, आर्यवर्ता सोसायटी, , तरूण भारत, चकाला मार्केटरोड,अंधेरी पूर्व, मुंबई-99   ","2/A,603, Aryavarta Society, , Tarun Bharat, Chakala Market Road, Andheri East, Mumbai-99",19.1386175,72.8451695,"Swami Vivekanand Rd, India"
1354,480.pdf,28/01/2025,00:10,28/01/2025,02:30," कुरेशीनगर गेटच्या समोर,, बडी मस्जीद जवळ, एस व्ही रोड,, वांद्रे प मुंबई ,  ","Opposite Qureshinagar Gate, Near Badi Masjid, SV Road, Bandra P Mumbai,",19.143356,72.8244104,"Main Rd, Lokhandwala Complex, Andheri West, Mumbai, Maharashtra 400053, India"
1355,481.pdf,08/08/2025,11:00,08/08/2025,11:15," FAA रोड, साटमवाडी,सी जी एस कार्डीनल, अंधेरी पुर्वमुंबई ,   ","FAA Road, Satamwadi, CGS Cardinal, Andheri East Mumbai,",19.113248,72.85519099999999,"Bisleri Junction, Cityflo Stop, Andheri East, Mumbai, Maharashtra 400099, India"
1356,482.pdf,07/08/2025,07:30,07/08/2025,07:40," बिस्लरी जंक्षन, अंधेरी पुर्व मुंबई ,   ","Bisleri Junction, Andheri East Mumbai,",19.1225253,72.8567054,"Western Express Highway, 4VF4+2M8, Service Rd, Gundavali, Andheri East, Mumbai, Maharashtra 400093, India"
1357,483.pdf,11/08/2025,01:00,11/08/2025,03:00," शनेश्वर चाळ कमिटी,, हॉटेल कमांडो लोटस बार अँन्ड, गुंदवली  गावठाण, अंधेरी पुर्व, मुंबई 69   ","Shaneshwar Chal Committee, Hotel Commando Lotus Bar &, Gundvali Village, Andheri East, Mumbai 69",19.1233127,72.8528516,"Old Nagardas Rd, Andheri East, Mumbai, Maharashtra, India"
1358,484.pdf,09/08/2025,09:00,09/08/2025,10:00," नागरदास रोड,, अँपोलो चेंबर च्या समोर,, अंधेरी पूर्व मुंबई,   ","NAGARDAS ROAD, OPPOSITE AMPOLO CHAMBER, ANDHERI EAST MUMBAI,",29.3909464,76.9635023,"Panipat, Haryana, India"
1359,485.pdf,12/08/2025,11:30,12/08/2025,12:00," निकोलस वाडी रोड, पानीपत जंक्षन, अंधेरी पूर्व मुंबई 400059,   ","Nicholas Wadi Road, Panipat Junction, Andheri East Mumbai 400059,",19.1095764,72.8657203,"Wireless Rd, J B Nagar, Andheri East, Mumbai, Maharashtra 400059, India"
1360,486.pdf,01/05/2018,00:00,28/02/2019,00:00," 01, झवेरी अपार्टमेंट, वायरेलस रोड, जेबीनगर,,अंधेरी पू.मुंबई   ","01, Zaveri Apartment, Wirelas Road, JB Nagar, Andheri East Mumbai",19.1098197,72.85317909999999,"4V53+W7F, Jiva Mahale Marg, Koldongri, Andheri East, Mumbai, Maharashtra 400069, India"
1361,487.pdf,09/08/2025,23:30,10/08/2025,06:30," विमन दर्शन सोसायटी समोर,, जीवा महाले रोड, अंधेरी पुर्व, मुंबई ,   ","Opposite Viman Darshan Society, Jeeva Mahale Road, Andheri East, Mumbai,",19.121748,72.850534,"Kanti Cottage, 6, Old Nagardas Rd, Azad Nagar, Andheri East, Mumbai, Maharashtra 400069, India"
1362,488.pdf,05/08/2025,12:00,05/08/2025,19:00," 06, ओल्ड नागरदास रोड , IATA कदम चाळ अंबावीडी, अंधेरी पुर्व मुंबई,  ","06, Old Nagardas Road, IATA Kadam Chal Ambavidi, Andheri East Mumbai,",19.0089023,72.8355567,"1, Bhausaheb Todankar Marg, Babasaheb Ambedkar Nagar, Mumbai, Maharashtra 400013, India"
1363,489.pdf,30/08/2022,00:00,30/06/2023,00:00," 01, भाउसाहेब तोडणकर मार्ग, पाववाला बिल्डींग, प्रभादेवी रेल्वे स्टेशनजवळ,एल्फिन्स्टन रोड पश्‍चिम,मुंबई-400013   ","01, Bhausaheb Todankar Marg, Pavwala Building, Near Prabhadevi Railway Station, Elphinstone Road West, Mumbai-400013",19.0258684,72.8456508,"109a, Poorti Building, 110, Senapati Bapat Marg, Dadar West, Bandra West, Mumbai, Maharashtra 400016, India"
1364,490.pdf,01/02/2025,09:30,10/02/2025,09:40," 109 ए, 110, सेनापती बापट रोड, म्हात्रे पेन बिल्डिंग, दादर पश्‍चिम,मुंबई   ","109A, 110, Senapati Bapat Road, Mhatre Pen Building, Dadar West, Mumbai",19.0548399,72.84069029999999,"Bandra, Bairam Naupada, Bandra East, Mumbai, Maharashtra 400050, India"
1365,491.pdf,29/01/2025,14:45,29/01/2025,14:45," फादर अंँग्नेल , बस स्टाप वरून बस नंबर 211, वांद्रे स्टेशन वांद्रे प50,   ","Bus No. 211 from Father Angnel, Bus Stop, Bandra Station Bandra P50,",19.1129083,72.8685788,"120 , First floor, Sahar plaza, Complex, Andheri - Kurla Rd, Bhim Nagar, Andheri East, Mumbai, Maharashtra 400059, India"
1366,492.pdf,13/08/2025,20:00,13/08/2025,20:10," जेबीनगर सर्कल , अंधेरी पुर्व, , मुंबई ,  1 ","JB Nagar Circle, Andheri East, Mumbai, 1",19.1185184,72.8590172,"Gundavali, Andheri East, Mumbai, Maharashtra, India"
1367,493.pdf,14/08/2025,13:30,14/08/2025,13:45," विषाल हाँलसमोर,गूंदवली, , अंधेरी पूर्व, मूंबई,  ","Opposite Vishal Hall, Goondavali, , Andheri East, Mumbai,",19.1259801,72.847938,"Service Rd, Mogra Pada, Natwar Nagar, Jogeshwari East, Mumbai, Maharashtra, India"
1368,494.pdf,14/08/2025,18:00,14/08/2025,18:30," 02, सबवे सर्विस रोड,, बाबुराव नामदेव कांबळे चाळ,, गणेष मंदीर समोर,,मोगरापाडा, अंधेरी पुर्व, मुंबई   ","02, Subway Service Road,, Baburao Namdev Kamble Chal,, Opposite Ganesh Mandir,, Mograpada, Andheri East, Mumbai",19.103799,72.8647151,"Kurla Rd, AAI Colony, J B Nagar, Andheri East, Mumbai, Maharashtra 400099, India"
1369,495.pdf,17/08/2025,01:00,17/08/2025,01:30," मरोळ फिश मार्केट,, रयल बार रेस्टरन्ट , अधेरी कुर्ला रोड, चटर्ड बक जवळ, मुंबई ","Marol Fish Market, Royal Bar Restaurant, Adheri Kurla Road, Near Chatter Buck, Mumbai",19.1198242,72.846531,"Andheri, Railway Colony, Andheri East, Mumbai, Maharashtra 400053, India"
1370,496.pdf,17/08/2025,20:45,17/08/2025,21:00," अंधेरी रेल्वे स्टेशन कडे जात, विजय नगर सोसायटी समोर, सहार रोड अंधेरी पु मुंबई,   ","Towards Andheri Railway Station, Opposite Vijay Nagar Society, Sahar Road Andheri PU Mumbai,",19.1170827,72.8548636,"Asha Electricals, Vazir Glass , comp, Andheri - Kurla Rd, opp. natraj rustamji bld, Azad Nagar, Andheri East, Mumbai, Maharashtra 400069, India"
1371,497.pdf,18/08/2025,00:00,18/08/2025,00:30," उर्वषी बार अँन्ड Wetec, वजीर ग्लास कंम्पाउन्ड, नटराज स्टुडिओ समोर,,अंधेरी पुर्व, मुंबई 69 ","Urvashi Bar & Wetec, Wazir Glass Compound, Opposite Nataraj Studio, Andheri East, Mumbai 69",19.1261793,72.8517553,"69, RK Singh Marg, Sai Wadi, Natwar Nagar, Andheri East, Mumbai, Maharashtra 400069, India"
1372,498.pdf,04/08/2025,11:15,04/08/2025,11:20," दिव्य दर्पण सोसा, साईवाडी, आरके सिंग रोड, अंधेरी पुर्व, मुंबई ,   ","Divya Darpan Sosa, Saiwadi, RK Singh Road, Andheri East, Mumbai,",19.1663499,72.8586234,"Western Express Hwy, India"
1373,499.pdf,12/08/2025,06:00,12/08/2025,06:15," वेस्टन एक्प्रेस हायवे वर , अम्माज हाँटेल समोर, वेस्टन एक्प्रेस हायवे वरुन दह,अंधेरी पुर्व मुंबई ","On Weston Express Highway, Opposite Ammaj Hotel, 10th off Weston Express Highway, Andheri East Mumbai",19.1220743,72.8491482,"Indralok C, Old Nagardas Rd, Sai Baba Wadi, Natwar Nagar, Andheri East, Mumbai, Maharashtra 400069, India"
1374,500.pdf,22/08/2025,03:50,22/08/2025,04:15," सि-इंद्रलोक, जुना नागरदास रोड, अंधेरी पुर्व मुंबई 400069,   ","C-Indralok, Old Nagardas Road, Andheri East Mumbai 400069,",19.1262049,72.8493324,"Mogra Pada, Natwar Nagar, Jogeshwari East, Mumbai, Maharashtra, India"
1375,501.pdf,17/08/2025,17:00,18/08/2025,14:00," निकुज स्कुलच्या शेजारी, विकास टवरच्या समोर, मोगरापाडा,अंधेरी पूर्व, मुंबई,  ","Beside Nikuj School, Opposite Development Tower, Mograpada, Andheri East, Mumbai,",19.059304,72.8341845,"Turner Rd, Bandra West, Mumbai, Maharashtra 400050, India"
1376,502.pdf,29/01/2025,08:12,29/01/2025,12:00," 11 पाटकर न्यु ब्लँक, , बांबारडेकर मार्ग, , टर्नर रोड, ,वांद्रे प, मुंबई 50   ","11 Patkar New Blank, , Bombardekar Marg, , Turner Road, , Bandra P, Mumbai 50",18.9219841,72.8346543,"Apollo Bandar, Colaba, Mumbai, Maharashtra, India"
1377,503.pdf,06/04/2025,17:30,06/04/2025,18:30," गेट वे ऑफ इंडीया ते कुलाबा का, कुलाबा,मुंबई,   ","From Gateway of India to Colaba, Colaba, Mumbai,",19.1181647,72.8553889,"Western Express Hwy, Andheri East, Mumbai, Maharashtra, India"
1378,504.pdf,22/08/2025,20:10,22/08/2025,20:20," व्दितीय सत्र टप जंक्शन , पश्‍चिम द्रुतगती महामार्ग, अंधेरी पुर्व Aas   ","Vditya Session Top Junction, Western Expressway, Andheri East Aas",19.1293545,72.8523368,"pump road, 305, Old Nagardas Rd, Saraswati Baug, Sai Wadi, Natwar Nagar, Andheri East, Mumbai, Maharashtra 400060, India"
1379,505.pdf,24/08/2025,01:15,24/08/2025,01:40," श्रुती आस्थापणेसमोर, नागरदास रोड,, अंधेरी पुर्व मुंबई, ","Opposite Shruti Asthapan, Nagardas Road, Andheri East Mumbai,",19.1198242,72.846531,"Andheri, Railway Colony, Andheri East, Mumbai, Maharashtra 400053, India"
1380,506.pdf,18/05/2025,09:00,22/05/2025,00:00," टप 10 दुकानासमोर, अंधेरी रेल्वे स्टेशनच्या बाहेर, मकडोनाल्डस्‌ हटेलच्या बाहेर,अंधेरी पुर्व मुंबई ","Opposite Top 10 Shop, Outside Andheri Railway Station, Outside McDonald's Hotel, Andheri East Mumbai",19.1229844,72.85495279999999,"1201, Nicolaswadi Road, NICCO Circle Road, Gundavali, Andheri East, Mumbai, Maharashtra 400069, India"
1381,507.pdf,25/08/2025,02:45,25/08/2025,03:00," अशोक हाईट्स बिल्डींगच्या , समोरील मैदानातील पार्किंग परिसर, गुंदवली अंधेरी पुर्व, मुंबई , ","Ashok Heights Building, Opposite Ground Parking Area, Gundawali Andheri East, Mumbai,",19.0858377,72.8408493,"3RPR+88Q, Phirozshah Mehta Rd, Railway Colony, Santacruz (West), Mumbai, Maharashtra 400054, India"
1382,508.pdf,01/02/2025,00:00,15/04/2025,20:30," गाळा नंबर 201, व 202, हरीकिशन भवन, चरत सिंग सोसा, अंधेरी पुर्व, मुबई ,   ","Plot No. 201 & 202, Harikishan Bhawan, Charat Singh Sosa, Andheri East, Mumbai,",19.1157705,72.8462247,"GK Gokhale Bridge, Andheri East, Mumbai, Maharashtra, India"
1383,509.pdf,26/08/2025,11:30,26/08/2025,11:40," गोखले पुल स्लिप रोड, उतरणी, , अंधेरी पूर्व, मुंबई,   ","Gokhale Bridge Slip Road, Uttarani, , Andheri East, Mumbai,",19.1114978,72.8587557,"Cardinal Gracious Rd, Andheri East, Mumbai, Maharashtra 400099, India"
1384,510.pdf,26/08/2025,12:48,26/08/2025,12:58," कार्डीनल ग्रेसीअस रोड, अंधेरी पुर्व, मुंबई,   ","Cardinal Gracious Road, Andheri East, Mumbai,",19.1262049,72.8493324,"Mogra Pada, Natwar Nagar, Jogeshwari East, Mumbai, Maharashtra, India"
1385,511.pdf,26/08/2025,13:03,26/08/2025,13:20," लज्जा सिल्क मिल, कंपाऊंड समोर, बावडीजवळ, मोगरापाडा, अंधेरी पुर्व, मुंबई,  ","Lajja Silk Mill, Opposite Compound, Near Bawadi, Mograpada, Andheri East, Mumbai,",19.1192205,72.8555912,"Western Express Hwy, Gundavali, Andheri East, Mumbai, Maharashtra, India"
1386,512.pdf,12/08/2025,06:40,12/08/2025,06:50," बेस्ट बस क्र ए/(488, मधुन गुंदवली बस स्टाँप,, वेस्टर्न एक्सप्रेस हायवे,अंधेरी पुर्व, मुंबई   ","Best Bus No. A/(488, Madhun Gundvali Bus Stand, Western Express Highway, Andheri East, Mumbai",19.139536,72.9238392,"Kombadi Galli, Farid Nagar, Bhandup West, Mumbai, Maharashtra 400078, India"
1387,513.pdf,30/01/2025,03:00,30/01/2025,03:00," कोंबडी गल्ली, , वान्द्रे Reed, , वांद्रे पश्‍चिम मुंबई-50 , ","Kombadi Galli, , Bandre Reed, , Bandre West Mumbai-50 ,",19.113645,72.8697339,"Andheri, Maharashtra 400059, India"
1388,514.pdf,26/08/2025,21:00,26/08/2025,21:45," उमिनोज अंधेरी पु मुंबई,  ","Uminoz Andheri PU Mumbai,",19.0131364,72.8232527,"Ramodia Mansion, 257, Dr Annie Besant Rd, Adarsh Nagar, Worli, Mumbai, Maharashtra 400030, India"
1389,515.pdf,06/03/2025,12:45,06/03/2025,13:00," उअँनी बेझंट रोड, एशियन रेस्टरंट सेन्युंरी बाजार, दादर, मुंबई, ","Uanni Besant Road, Asian Restaurant Century Bazar, Dadar, Mumbai,",19.1195128,72.847903,"Agarkar Chowk, Railway Colony, Andheri East, Mumbai, Maharashtra 400069, India"
1390,516.pdf,27/08/2025,20:15,27/08/2025,20:20," आगरकर चौक बस स्टाँप,, अंधेरी पूर्व, Aas,   ","Agarkar Chowk Bus Stand,, Andheri East, Aas,",19.1181647,72.8553889,"Western Express Hwy, Andheri East, Mumbai, Maharashtra, India"
1391,517.pdf,24/08/2025,22:30,25/08/2025,22:30," बी एम सी शौचालयासमोर ,, वेस्टर्न एक्सप्रेस हायवे, गूंदवली बी एम सी चौकीजवळ ,गूदंवली, अंधेरी पूर्व , मूंबई   ","Opposite BMC Toilet,, Western Express Highway, Goondavali Near BMC Chowki, Goondavali, Andheri East, Mumbai",19.1049967,72.8861817,"Saki Naka signal, 4V3P+XFV, Sag Baug, Marol, Saki Naka, Mumbai, Maharashtra 400072, India"
1392,518.pdf,27/08/2025,19:15,27/08/2025,19:20," आगरकर बस स्टाँपवर, अंधेरी पुर्व, मुंबई ,   ","At Agarkar Bus Stand, Andheri East, Mumbai,",19.124107,72.847932,"4RFX+J5V, New Nagardas Rd, Near Pinky Talkies, Patel Wadi, Natwar Nagar, Andheri East, Mumbai, Maharashtra 400069, India"
1393,519.pdf,29/08/2025,01:20,29/08/2025,03:00," न्यू नागरदास रोड,, पिंक प्लाझा बार अँण्ड रेस्टरं, अंधेरी सबवेच्या जवळ, मोगरा पा,अंधेरी पूर्व, मुंबई   ","New Nagardas Road, Pink Plaza Bar & Restaurant, Near Andheri Subway, Mogra Pa, Andheri East, Mumbai",19.1136174,72.8496555,"6/A, Telli Galli, Sai Wadi, Andheri East, Mumbai, Maharashtra 400069, India"
1394,520.pdf,29/08/2025,09:00,30/08/2025,10:00," शप नं06,, तेलीगल्ली, HA रोड, भागीरतीबाई चाळ, अंधेरी पुर्व,, मुंबई 400069   ","Shop No.06, Telligalli, HA Road, Bhagiratibai Chal, Andheri East, Mumbai 400069",19.1111038,72.8707227,"Shop No. 6, KoyanaBai Chawl, Safed Pool, Andheri - Kurla Rd, Ajit Nagar, Kurla West, Andheri East, Mumbai, Maharashtra 400059, India"
1395,521.pdf,30/08/2025,21:00,30/08/2025,21:10," ज्योती sear, बी 2 ग्रीनलँड, श्रीनिवास बगडगा मार्ग, जे बी नगर,,अंधेरी पूर्व, मुंबई 59   ","Jyoti Sear, B2 Greenland, Srinivas Bagdaga Marg, J B Nagar, Andheri East, Mumbai 59",19.1149052,72.8575019,"Chintamani Plaza, Sir Mathuradas Vasanji Rd, Gundavali, Andheri East, Mumbai, Maharashtra 400099, India"
1396,522.pdf,14/08/2025,18:00,18/08/2025,11:00," कोटक लाईफ ईन्सुर्न कंपनी, एविंग एतळमजला , चिंतामनी प्लाजा,अंधेरी कुर्ला ,अंधेरी कुर्ला रोड,अंधेरी पुर्व   ","Kotak Life Insurance Company, Wing Ground Floor, Chintamani Plaza, Andheri Kurla, Andheri Kurla Road, Andheri East",19.1149052,72.8575019,"Chintamani Plaza, Sir Mathuradas Vasanji Rd, Gundavali, Andheri East, Mumbai, Maharashtra 400099, India"
1397,523.pdf,14/08/2025,18:00,18/08/2025,11:00," कोटक लाईफ ईन्सुर्न कंपनी, एविंग एतळमजला , चिंतामनी प्लाजा,अंधेरी कुर्ला ,अंधेरी कुर्ला रोड,अंधेरी पुर्व   ","Kotak Life Insurance Company, Wing Ground Floor, Chintamani Plaza, Andheri Kurla, Andheri Kurla Road, Andheri East",19.0595596,72.8295287,"Bandra West, Mumbai, Maharashtra, India"
1398,524.pdf,30/01/2025,20:20,30/01/2025,20:20," के सी मार्ग लिलावती हस्पीटल क, कडुन सी लिंककडे जाणारे मार्गाव, वांद्रे प मुबंई50, ","KC Marg Lilavati Hospital C, Margao to C Link, Bandra P Mumbai 50,",19.1232346,72.8531247,"7, Old Nagardas Rd, Verma Nagar, Jijamata Colony, Andheri East, Mumbai, Maharashtra 400069, India"
1399,525.pdf,31/08/2025,20:00,01/09/2025,12:30," शान नं07, जुना नागरदास रोड, ,देवदर्षन fafesa,, अंधेरी पुर्व मुंबई-,   ","Shan No. 07, Old Nagardas Road, , Devdarshan fafesa,, Andheri East Mumbai-,",19.1081542,72.8587636,"Shop Number 4, Abbas Manzil, Sahar Rd, opp. Ratana Mahal Hotel, Parshiwada, Chakala, Andheri East, Andheri, Mumbai, Maharashtra 400099, India"
1400,526.pdf,03/09/2025,23:30,03/09/2025,23:55," , सहार रोड, रत्ना लंच होम, बार अँण्ड रेस, अब्बास मंजिल,अंधेरी  पूर्व, मुंबई 400093   ",", Sahar Road, Ratna Lunch Home, Bar & Race, Abbas Manzil, Andheri East, Mumbai 400093",19.0131364,72.8232527,"Ramodia Mansion, 257, Dr Annie Besant Rd, Adarsh Nagar, Worli, Mumbai, Maharashtra 400030, India"
1401,527.pdf,06/03/2025,12:45,06/03/2025,13:00," उअँनी बेझंट रोड, एशियन रेस्टरंट सेन्युंरी बाजार, दादर, मुंबई, ","Uanni Besant Road, Asian Restaurant Century Bazar, Dadar, Mumbai,",19.120567,72.8517649,"Azad Rd, Azad Nagar, Andheri East, Mumbai, Maharashtra 400069, India"
1402,528.pdf,04/09/2025,14:20,04/09/2025,14:45," आझाद रोड, आशिर्वाद चाळ, गुंदवली गावठान,,अंधेरी पुर्व, मुंबई   ","Azad Road, Ashirwad Chal, Gundvali Village, Andheri East, Mumbai",19.1185184,72.8590172,"Gundavali, Andheri East, Mumbai, Maharashtra, India"
1403,529.pdf,04/09/2025,18:20,04/09/2025,18:25," पष्चिम दुर्तगती महामार्ग जवळ, सार्वजनिक शोौचालयच्या पाठीमागे, ,गुंदवलीअंधेरी पुर्व, मुंबई ,   ","Near Pashchim Durtgati Highway, Behind Public Toilet, ,Gundavali Andheri East, Mumbai,",19.0380334,72.8537589,"Dharavi, Mumbai, Maharashtra, India"
1404,530.pdf,27/07/2025,23:10,27/07/2025,23:40," हेरिटेज मैदानच्या बाजुला, धारावी मुं 17, ","Beside Heritage Ground, Dharavi Mun 17,",19.0415205,72.8507183,"floor grd plot 255Gunwantibai, ratansi jetha chawl, 3/A, Dharavi Main Rd, Habib Nagar, chamada bazar, Dharavi, Mumbai, Maharashtra 400017, India"
1405,531.pdf,27/07/2025,22:00,27/07/2025,22:05," धारावी क्रस रोड, तमिलनाड मर्चटाईल बँकेच्या समो, धारावी मुंबई, ","Dharavi Cross Road, Tamil Nadu Mercantile Bank Som., Dharavi Mumbai,",19.04725,72.85257299999999,"1, Shop No. 56B, TJunction, Sion-Bandra Link Rd, Dharavi Village, Dharavi, Mumbai, Maharashtra 400017, India"
1406,532.pdf,28/07/2025,02:30,28/07/2025,02:40," टी जंक्शन,सायन बांद्रा लिंक रो, दक्षिण वाहीनी वरती नाकाबंदी , धारावी  मु,  Pe) ","T Junction, Sion Bandra Link Road, South Canal Up Block, Dharavi Mu, Pe)",19.04725,72.85257299999999,"1, Shop No. 56B, TJunction, Sion-Bandra Link Rd, Dharavi Village, Dharavi, Mumbai, Maharashtra 400017, India"
1407,533.pdf,28/07/2025,02:35,28/07/2025,02:50," टी जंक्शन,सायन बांद्रा लिंक र, दक्षिण वाहीनी वरती नाकाबंदी द, धारावी मुं , ","T Junction, Sion Bandra Link R, South Canal Up Block, Dharavi M,",19.0380334,72.8537589,"Dharavi, Mumbai, Maharashtra, India"
1408,534.pdf,28/07/2025,16:15,28/07/2025,16:30," बांद्रा लिंक रोड, , पिवळा बंगला समोर, धारावी मुंबई ,   ","Bandra Link Road, , Opposite Yellow Bungalow, Dharavi Mumbai ,",19.0548399,72.84069029999999,"Bandra, Bairam Naupada, Bandra East, Mumbai, Maharashtra 400050, India"
1409,535.pdf,30/01/2025,19:15,30/01/2025,19:15," वांद्रे रेल्वे स्टेशन, वांद्रे प मुबंई 50,   ","Bandra Railway Station, Bandra P Mumbai 50,",19.0399406,72.8546906,"90 Feet Rd, 2VQ4+X2F, Masiha Islampura Co-op Hsg. Soc. Ltd, Dharavi, 90 Feet Rd, behind Sion Hospital, Muslim Nagar, Kumbhar Wada, Dharavi, Mumbai, Maharashtra 400017, India"
1410,536.pdf,28/07/2025,19:30,28/07/2025,19:45," साई हाँस्पीटलच्या समोर,, 90 फुटी रोडवर , रस्त्याच्या लगत गस शेगडी वर,   ","Opposite Sai Hospital, on 90 feet road, on Gus Shegdi next to the road.",19.0399406,72.8546906,"90 Feet Rd, 2VQ4+X2F, Masiha Islampura Co-op Hsg. Soc. Ltd, Dharavi, 90 Feet Rd, behind Sion Hospital, Muslim Nagar, Kumbhar Wada, Dharavi, Mumbai, Maharashtra 400017, India"
1411,537.pdf,28/07/2025,19:30,28/07/2025,19:40," साई हॉस्पिटल , 90 फिट रोड धारावी,   ","Sai Hospital, 90 Fit Road Dharavi,",19.04725,72.85257299999999,"1, Shop No. 56B, TJunction, Sion-Bandra Link Rd, Dharavi Village, Dharavi, Mumbai, Maharashtra 400017, India"
1412,538.pdf,29/07/2025,00:45,29/07/2025,00:50," टी जंक्शन,, सायन बांद्रा लिंक रोड, धारावी,मुंबई ,   ","T Junction,, Sion Bandra Link Road, Dharavi, Mumbai,",18.9447089,72.82665709999999,"Adi Mansion, Dr Cawasji Hormusji St, Navajeevan Wadi, Sonapur, Marine Lines, Mumbai, Maharashtra 400002, India"
1413,539.pdf,06/04/2025,17:30,06/04/2025,18:30," कुलाबा Higa, शहा हाउस, कुलाबा मुंबई,   ","Colaba Higa, Shaha House, Colaba Mumbai,",19.0472853,72.8610609,"17, Sant Rohidas Marg, Dharavi Slums, Laxmi Baug, Dharavi, Mumbai, Maharashtra 400017, India"
1414,540.pdf,29/07/2025,01:30,29/07/2025,01:35," पर्ल रेसिडेन्सी समोर, संत रोहीदास मार्ग, धारावी,मुंबई,17,   ","Opposite Pearl Residency, Sant Rohidas Marg, Dharavi, Mumbai, 17,",19.0543574,72.8683719,"Lal Bahadur Shastri Marg, Naik Nagar, Dharavi, Mumbai, Maharashtra, India"
1415,541.pdf,28/07/2025,14:30,28/07/2025,14:30," एलबीएस रोड, नाईक नगर,, रुम नं 137, महादेव मेडीकल जवळ, सायन प,धारावी मुंबई,   ","LBS Road, Naik Nagar, Room No 137, Near Mahadev Medical, Sion P, Dharavi Mumbai,",19.047571,72.85284399999999,"T. Junction, Dharavi Village, Dharavi, Mumbai, Maharashtra 400017, India"
1416,542.pdf,29/07/2025,12:45,29/07/2025,12:45," सायन बांद्रा लिंक रोडवर , वाय जंक्शनकडून टी जंक्षनकडे , वाहिनी  धारावी मुं 17, ","On Sion Bandra Link Road, from Y Junction to T Junction, Vahini Dharavi Mun 17,",19.0380334,72.8537589,"Dharavi, Mumbai, Maharashtra, India"
1417,543.pdf,29/07/2025,12:30,29/07/2025,12:35," टी जंक्शनकडुन सायन स्टेशनकडे , पिवळा बंगला बस स्टाँप जवळ,  धारवी मुंबई17, ","From T Junction to Sion Station, Near Yellow Bungalow Bus Stand, Dharavi Mumbai 17,",19.1206169,72.9250433,"Ambewadi, Lal Bahadur Shastri Marg, opp. to Hometown, Chandan Nagar, Vikhroli West, Mumbai, Maharashtra 400083, India"
1418,544.pdf,29/07/2025,13:40,29/07/2025,14:15," एलबीएस रोड, हनुमान मंदिरच्या बाजुला, धारावी, मुंबई 22,   ","LBS Road, Beside Hanuman Mandir, Dharavi, Mumbai 22,",19.0726295,72.8844721,"Kurla, Mumbai, Maharashtra, India"
1419,545.pdf,29/07/2025,12:55,29/07/2025,13:30," मोटर लोड बीएमसी चैकीजवळ,, कुर्ला दिषेने जाणा-या वाहिनीवर, धारावी मुं17, ","NEAR MOTOR LOAD BMC CHAIKI, DHARI MUN 17, ON KURLA DIRECTION CHANNEL,",19.051016,72.8355244,"14, LK Mehta Marg, Reclamation, Bandra West, Mumbai, Maharashtra 400050, India"
1420,546.pdf,30/01/2025,22:00,30/01/2025,22:00," के सी मार्ग, एमटीएनएल, समोर, लालमिट्टी, वांद्रे प, , ","KC Marg, MTNL, Opposite, Lalmitti, Bandra P, ,",,,
1421,547.pdf,29/07/2025,18:00,29/07/2025,18:15," उलटया दिषेने जाणा-या वाहीणीवर , गोल्ड फिल्डकडून वाय जंक्शन, धारावी मुं , ","On the reverse channel, from Gold Field to Y Junction, Dharavi Mun,",19.0472853,72.8610609,"17, Sion-Bandra Link Rd, Dharavi Slums, Laxmi Baug, Dharavi, Mumbai, Maharashtra 400017, India"
1422,548.pdf,29/07/2025,15:10,29/07/2025,15:30," पिवळा बंगला बस स्टाँपचे मागे, सायन-बांद्रा लिंकरोड, , धारावी, मुंबई 17, ","Yellow Bungalow Behind Bus Stand, Sion-Bandra Link Road, , Dharavi, Mumbai 17,",19.047571,72.85284399999999,"T. Junction, Dharavi Village, Dharavi, Mumbai, Maharashtra 400017, India"
1423,549.pdf,30/07/2025,02:10,30/07/2025,02:45," टि जंक्षन जवळील गल्लीमध्ये, धारावी, मुंबई-17,   ","In Alley Near T Junction, Dharavi, Mumbai-17,",19.0447446,72.8555927,"Sion Dharavi, Dharavi, Mumbai, Maharashtra 400017, India"
1424,550.pdf,29/07/2025,22:30,29/07/2025,23:00," गोपीनाथ काँलनी ढोरवाडा, उजाला मेडीकल जवळ, धारावी, मुंबई,   ","Gopinath Kalni Dhorwada, Near Ujala Medical, Dharavi, Mumbai,",19.0131364,72.8232527,"Ramodia Mansion, 257, Dr Annie Besant Rd, Adarsh Nagar, Worli, Mumbai, Maharashtra 400030, India"
1425,551.pdf,06/03/2025,11:45,06/03/2025,12:00," St अँनी बेन्झंट रोड, एशियन रेस्टारैट, वरळी,मुंबई-400030   ","St Annie Benzant Road, Asian Restaurant, Worli, Mumbai-400030",19.0472853,72.8610609,"17, Sion-Bandra Link Rd, Dharavi Slums, Laxmi Baug, Dharavi, Mumbai, Maharashtra 400017, India"
1426,552.pdf,30/07/2025,10:30,30/07/2025,10:45," खेमकर चौक, सायन बांद्रा लिंक रोड,, धारावी मुंबई - 17, ","Khemkar Chowk, Sion Bandra Link Road,, Dharavi Mumbai - 17,",19.0380334,72.8537589,"Dharavi, Mumbai, Maharashtra, India"
1427,553.pdf,30/07/2025,12:30,30/07/2025,12:35," टी जंक्षनकडुन, सायन स्टेशनकडे जाणा-या रोडने , गोल्डफिल्ड बिल्डिंगजवळ,,धारवी मुंबई17 ","From T Junction, Road to Sion Station, Near Goldfield Building, Dharavi Mumbai 17",19.0480326,72.8572192,"Sion-Bandra Link Rd, Dharavi, Mumbai, Maharashtra, India"
1428,554.pdf,30/07/2025,17:00,30/07/2025,17:15," सायन बांद्रा लिंक रोड, , एमआय आटो पार्ट गँरेज,, शताब्दि नगर, धारावी, मुंबई 17,   ","Sion Bandra Link Road, , MI Auto Part Garage,, Shatabdi Nagar, Dharavi, Mumbai 17,",19.0380334,72.8537589,"Dharavi, Mumbai, Maharashtra, India"
1429,555.pdf,30/07/2025,16:15,30/07/2025,16:30," वाय जंक्षन ते पीवळा बंगला,, धारावी, मुंबई 17,   ","Y Junction to Yellow Bungalow,, Dharavi, Mumbai 17,",19.0533634,72.8346081,"6/47, Transit Camp, Reclamation, Bandra West, Mumbai, Maharashtra 400050, India"
1430,556.pdf,30/07/2025,16:50,30/07/2025,17:00," सार्वजनिक शोचालयाजवळ, , ब्लॉक नं 6 टान्सीस्ट कम्प, , धारावी, मुंबई 17,   ","NEAR PUBLIC SHOWCALAYA, , BLOCK NO 6 TANCEIST COMP, , DHARIVI, MUMBAI 17,",19.0353849,72.8423036,"Mahim, Mumbai, Maharashtra, India"
1431,557.pdf,05/01/2025,01:14,05/01/2025,01:14," कोंबडी गल्ली, माहीम काँजवे, बांद्रा पश्‍चिम मुंबई 50 , ","KOMBDI GALLI, MAHIM KANJAVE, BANDRA WEST MUMBAI 50 ,",19.051016,72.8355244,"14, LK Mehta Marg, Reclamation, Bandra West, Mumbai, Maharashtra 400050, India"
1432,558.pdf,31/01/2025,02:30,31/01/2025,02:30," लाल मिट्टी, केसी मार्ग, , वांद्रे प Ass 50,   ","Lal Mitti, KC Marg, , Bandra P Ass 50,",19.0480981,72.8595213,"Sant Rohidas Marg, Dharavi, Mumbai, Maharashtra, India"
1433,559.pdf,29/07/2025,21:30,29/07/2025,21:40," संत रोहिदास मार्ग,, साहिल हाँटेल जवळ, , धारावी मुंबई ,   ","Sant Rohidas Marg,, Near Sahil Hotel, , Dharavi Mumbai ,",19.0480326,72.8572192,"Sion-Bandra Link Rd, Dharavi, Mumbai, Maharashtra, India"
1434,560.pdf,30/07/2025,23:05,30/07/2025,23:20," सायन बांद्रा लिंक रोड,, गणेश चाळ , राजीव गांधीनगर,, धारावी, मुंबई-17 ,   ","Sion Bandra Link Road, Ganesh Chal, Rajiv Gandhinagar, Dharavi, Mumbai-17,",19.054356,72.8490324,"Kalanagar CHS Ltd., 17, Bandra Kurla Complex Rd, beside AB Legal Services, Kala Nagar, Bandra East, Mumbai, Maharashtra 400051, India"
1435,561.pdf,31/07/2025,00:15,31/07/2025,00:30," पिवळा बंगला , सायन बांद्रा रोड , धारावी, मुंबई-17 ,   ","Yellow Bungalow, Sion Bandra Road, Dharavi, Mumbai-17,",19.0420361,72.8560766,"2VR4+RC8, 90 Feet Rd, Balaji Nagar, Dharavi, Mumbai, Maharashtra 400017, India"
1436,562.pdf,31/07/2025,00:05,31/07/2025,00:20," हनुमान चैक,90 फुट रोड, देवराज बारच्या पाठीमागे, धारावी, मुंबई 400017,   ","Hanuman Chaik, 90 Foot Road, Behind Devraj Bar, Dharavi, Mumbai 400017,",19.0404009,72.8541029,"17, 60 Feet Rd, near Tekda Masjid, P.K. Kunte Nagar, RP Nagar, Dharavi, Mumbai, Maharashtra 400017, India"
1437,563.pdf,31/07/2025,10:30,31/07/2025,10:35," कुंभारवाडा जंक्शन, 60 फीट रोड, धारावी,मुंबई 17,   ","Kumbharwada Junction, 60 Feet Road, Dharavi, Mumbai 17,",19.0131364,72.8232527,"Ramodia Mansion, 257, Dr Annie Besant Rd, Adarsh Nagar, Worli, Mumbai, Maharashtra 400030, India"
1438,564.pdf,06/03/2025,11:45,06/03/2025,12:00," St अँनी बेन्झंट रोड, एशियन रेस्टारैट, वरळी,मुंबई-400030   ","St Annie Benzant Road, Asian Restaurant, Worli, Mumbai-400030",19.0510875,72.8628906,"3V27+C5J, PMGP Colony, H Block BKC, Dharavi, Mumbai, Maharashtra 400017, India"
1439,565.pdf,31/07/2025,17:00,31/07/2025,17:20," मनोहर जोशी काँलेज जवळ, धारावी, मुंबई नं 17, ","Near Manohar Joshi College, Dharavi, Mumbai No 17,",19.0472853,72.8610609,"17, Sion-Bandra Link Rd, Dharavi Slums, Laxmi Baug, Dharavi, Mumbai, Maharashtra 400017, India"
1440,566.pdf,31/07/2025,17:30,31/07/2025,17:45," वाय जंक्षन, सायन बांद्रा लिंक रोड, धारावी मुंबई - 17,   ","Y Junction, Sion Bandra Link Road, Dharavi Mumbai - 17,",19.0384081,72.8541654,"17, 90 Feet Rd, Sai Baba Nagar, Bairam Naupada, Dharavi, Mumbai, Maharashtra 400017, India"
1441,567.pdf,31/07/2025,17:20,31/07/2025,17:30," सिटीजन हॉटेल,, 90 फीट रोड, धारावी, मुंबई-17,   ","Citizen Hotel,, 90 Feet Road, Dharavi, Mumbai-17,",19.0612501,72.8831025,"MG Rd, Nehru Nagar, Kurla, Mumbai, Maharashtra 400024, India"
1442,568.pdf,01/08/2025,00:10,01/08/2025,00:20," हेरिटेज मैदान , एम जी रोड, धारावी,मुंबई 400017,   ","Heritage Grounds, MG Road, Dharavi, Mumbai 400017,",19.060927,72.8465307,"Bandra East, Mumbai, Maharashtra, India"
1443,569.pdf,31/01/2025,17:00,31/01/2025,17:00," लालमिठठी परिसर, , फुटपाथवर,, वांद्रे प मुंबई 50 , ","Lalmithi Precinct, , On Footpath,, Bandre P Mumbai 50 ,",19.0380334,72.8537589,"Dharavi, Mumbai, Maharashtra, India"
1444,570.pdf,31/07/2025,06:30,31/07/2025,14:00," 267, शिवमंदिर जवळ ,, प्रेमनगर Vo बी एस मार्ग, धारावी मुंबई 22,   ","267, Near Shiv Mandir,, Premnagar Vo BS Marg, Dharavi Mumbai 22,",19.0420361,72.8560766,"2VR4+RC8, 90 Feet Rd, Balaji Nagar, Dharavi, Mumbai, Maharashtra 400017, India"
1445,571.pdf,01/08/2025,00:05,01/08/2025,00:20," देवराज बारच्या पाठीमागे, हनुमान चौक, 90 फुट रोड,रावी, मुंबई 400017,   ","Behind Devraj Bar, Hanuman Chowk, 90 Foot Road, Ravi, Mumbai 400017,",19.042995,72.84543599999999,"2RVW+55V, Fatak Bridge, Navjivan Society, Mahim, Mumbai, Maharashtra 400016, India"
1446,572.pdf,01/08/2025,14:05,01/08/2025,14:05," वाय जंक्शन,, धारावी,मुंबई ,   ","Y Junction,, Dharavi, Mumbai,",19.0447446,72.8555927,"Sion Dharavi, Dharavi, Mumbai, Maharashtra 400017, India"
1447,573.pdf,01/08/2025,16:00,01/08/2025,19:30," 84/1/6, शिवशक्ती नगर, संत HHA मार्ग, ढोरवाडा, धारावी,मुंबई 17,   ","84/1/6, Shivshakti Nagar, Sant HHA Marg, Dhorwada, Dharavi, Mumbai 17,",19.0420361,72.8560766,"2VR4+RC8, 90 Feet Rd, Balaji Nagar, Dharavi, Mumbai, Maharashtra 400017, India"
1448,574.pdf,02/08/2025,00:05,02/08/2025,00:20," देवराज बारच्या पाठीमागे, हनुमान चौक,90 फुट रोड, धारावी, मुंबई 400017,   ","Behind Devraj Bar, Hanuman Chowk, 90 Foot Road, Dharavi, Mumbai 400017,",19.047571,72.85284399999999,"T. Junction, Dharavi Village, Dharavi, Mumbai, Maharashtra 400017, India"
1449,575.pdf,02/08/2025,03:00,02/08/2025,03:20," साउथ बाँड,टी जंक्षन, धारावी मुंबई-17 , ","South Bond, T Junction, Dharavi Mumbai-17,",18.9242859,72.8330606,"19, Chhatrapati Shivaji Maharaj Marg, Apollo Bandar, Colaba, Mumbai, Maharashtra 400001, India"
1450,576.pdf,07/03/2024,15:00,29/05/2024,20:30," बी-डी-19, छत्रपती शिवाजी महाराज मार्ग, धनराज महल, कुलाबा मुंबई,   ","B-D-19, Chhatrapati Shivaji Maharaj Marg, Dhanraj Mahal, Colaba Mumbai,",19.0458451,72.8621517,"Kela Bakhar Rd, Joglekar Nagar, Dharavi, Mumbai, Maharashtra 400022, India"
1451,577.pdf,02/08/2025,10:00,02/08/2025,10:10," एम जी US, केला वखार,, धारावी मुंबई 17 ,   ","MG US, Kela Wakhar,, Dharavi Mumbai 17 ,",19.0453468,72.8573289,"indira qureshi nagar, 272-c, near Sagar cattage, Gopinath Colony, Dharavi, Mumbai, Maharashtra 400017, India"
1452,578.pdf,03/06/2023,00:00,29/04/2025,00:00," इंदिरा कुरेशी ननगर , शास्त्री नगर , धारावी मुंबई,   ","Indira Qureshi Nanagar, Shastri Nagar, Dharavi Mumbai,",19.065179,72.8337538,"Link Square Mall, Shop No S-58, 2nd Floor Plot No 490 & 491, Opposite KFC 33rd Road, Off, Linking Rd, Bandra West, Mumbai, Maharashtra 400050, India"
1453,579.pdf,02/08/2025,11:30,02/08/2025,11:45," वांद्रे सायन लींक रोडवर,, धारावी मुंबई ,   ","On Bandra Sion Link Road, Dharavi Mumbai,",19.0595596,72.8295287,"Bandra West, Mumbai, Maharashtra, India"
1454,580.pdf,31/01/2025,17:00,31/01/2025,17:00," लालमिठठी परिसर, , फुटपाथवर, , वांद्रे प मुंबई 50, ","Lalmithi Area, , On Footpath, , Bandra P Mumbai 50,",19.0510794,72.8648462,"3V27+CWQ, Naik Nagar, Dharavi, Mumbai, Maharashtra 400022, India"
1455,581.pdf,02/08/2025,11:00,02/08/2025,11:15," दुर्गी बार समोर, प्रेमनगर, धारावी, मुंबई 17 ,  Beat No. (बीट क्र.): ","Opposite Durgi Bar, Premnagar, Dharavi, Mumbai 17 , Beat No. (Beat No.):",19.0629458,72.8359325,"17, Linking Rd, Pali Village, Khar West, Mumbai, Maharashtra 400050, India"
1456,582.pdf,03/08/2025,02:45,03/08/2025,03:00," टी जंक्षन, बांद्रा लिंक रोड, धारावी मुंबई-17 , ","T Junction, Bandra Link Road, Dharavi Mumbai-17,",19.0413381,72.8590827,"17, Mahatma Gandhi Rd, Transit Camp, Rajiv Gandhi Nagar, Dharavi, Mumbai, Maharashtra 400017, India"
1457,583.pdf,03/08/2025,18:00,03/08/2025,18:10," नुर असोसिएट्सच्या समोर, एम जी रोड, धारावी मुंबई 17,   ","Opposite Noor Associates, MG Road, Dharavi Mumbai 17,",19.046818,72.8612811,"17, Sangam Galli Rd, Laxmi Baug, Dharavi, Mumbai, Maharashtra 400017, India"
1458,584.pdf,09/11/2023,00:00,21/04/2025,00:00," 322, लोहीया नगर, टाटा Wat च्या खा, अपोजिट मदीना मस्जीद, एम जी रोड, धारावी मुंबई,संगम गल्ली धारावी मुंबई 17   ","322, Lohia Nagar, Tata Wat's Kha, Opposite Madina Masjid, MG Road, Dharavi Mumbai, Sangam Galli Dharavi Mumbai 17",19.045508,72.8574326,"Shop no.A/2 , 345/3/5 , khambadevi road , Indira Qureshi Nagar, Shahid Gopinath Colony No 1 ,Dharavi Mum-17, Dharavi, Mumbai, Maharashtra 400017, India"
1459,585.pdf,03/08/2025,17:30,03/08/2025,18:00," उजाला मेडिकलचे जवळ, गोपीनाथ काँलनी, धारावी, मुंबई 17 , ","Near Ujala Medical, Gopinath Kanlani, Dharavi, Mumbai 17 ,",19.0472853,72.8610609,"17, Sant Rohidas Marg, Dharavi Slums, Laxmi Baug, Dharavi, Mumbai, Maharashtra 400017, India"
1460,586.pdf,03/08/2025,20:30,03/08/2025,21:30," हॉटेल दुर्गाप्रसाद, संत रोहिदास मार्ग, धारावी मुंबई 17,   ","Hotel Durgaprasad, Sant Rohidas Marg, Dharavi Mumbai 17,",19.0415205,72.8507183,"floor grd plot 255Gunwantibai, ratansi jetha chawl, 3/A, Dharavi Main Rd, Habib Nagar, chamada bazar, Dharavi, Mumbai, Maharashtra 400017, India"
1461,587.pdf,04/08/2025,19:45,04/08/2025,21:00," अक्षय शुज शाप च्या बाहेर, धारावी क्रोस रोड, धारावी, मुंबई,   ","Outside Akshay Shuj Shop, Dharavi Cross Road, Dharavi, Mumbai,",19.0175257,72.8384601,"Bhavani Shankar Rd, Dadar West, Dadar, Mumbai, Maharashtra, India"
1462,588.pdf,07/03/2025,19:15,07/03/2025,19:20," भवानी शंकर रोड, बेस्ट बस स्टाँपच्या बाजुला, दादर पण्चिम,मुंबई   ","Bhawani Shankar Road, Beside Best Bus Stand, Dadar Panchim, Mumbai",19.0402112,72.8552217,"2VR4+24V, 179, 90 Feet Rd, Muslim Nagar, Kumbhar Wada, Dharavi, Mumbai, Maharashtra 400017, India"
1463,589.pdf,05/08/2025,00:15,05/08/2025,00:50," जेपी हॉटेलच्या बाजुला, 90 फिट रोड, परिसर, धारावी, मुंबई-17,   ","Beside JP Hotel, 90 Feet Road, Complex, Dharavi, Mumbai-17,",19.0746806,72.8343241,"Linking Rd, Mumbai, Maharashtra, India"
1464,590.pdf,04/08/2025,23:30,05/08/2025,00:05," टी जंक्षनसायन-ब्रांदा लिंक रोड, कलानगर येणारा जाणारा Wal, धारावी, मुंबई 17,   ","T Junction Syan-Branda Link Road, Kalanagar Inbound Wal, Dharavi, Mumbai 17,",19.0551942,72.83733149999999,"S.V. Road, Bandra West, Mumbai, Maharashtra 400050, India"
1465,591.pdf,15/08/2024,13:30,15/08/2024,13:30," बी/, ड एम पी केरावाला , बिल्डीग, टाटा कलनी, एस व्ही, रोड, वांद्रे  afta, मुंबई ,   ","B/, DMP Kerawala, Bldg., Tata Kalni, SV, Road, Bandra afta, Mumbai,",19.0516768,72.861596,"Dharavi Depot Rd, Dharavi, Mumbai, Maharashtra, India"
1466,592.pdf,05/08/2025,01:15,05/08/2025,01:55," पी एम जी पी काँलनी परिसर, धारावी डेपो जवळ, धारावी मुंबई 17 , ","PMGP Kalni Premises, Near Dharavi Depot, Dharavi Mumbai 17,",19.0629458,72.8359325,"17, Linking Rd, Pali Village, Khar West, Mumbai, Maharashtra 400050, India"
1467,593.pdf,05/08/2025,02:30,05/08/2025,02:40," टी जंक्षन, बांद्रा सायन लिंक रोड, धारावी मुंबई 17,   ","T Junction, Bandra Sion Link Road, Dharavi Mumbai 17,",19.0400217,72.8501768,"GNM/C, 85, 96, Jasmine Mill Rd, Kamala Nehru Nagar, Shammi Nagar, Dharavi, Mumbai, Maharashtra 400017, India"
1468,594.pdf,05/08/2025,01:30,05/08/2025,03:30," गणेश चाळ, , गोसीया मस्जीदजवळ, धारावी, मुंबई 17 ,   ","Ganesh Chal, , Near Gosia Masjid, Dharavi, Mumbai 17 ,",19.0445995,72.8564059,"Tadwadi Ln, Dharavi, Mumbai, Maharashtra 400017, India"
1469,595.pdf,05/08/2025,11:00,05/08/2025,11:30," कमलानेहरू नगर,, ताडवाडी स्मशानभीतीला , लागून झोपडी,,धारावी,मुंबई 400017 ","Kamalanehru Nagar,Tadwadi Smshanbhitila,Lagon Khodi,,Dharavi,Mumbai 400017",19.0454752,72.8540536,"17, Dharavi Main Rd, Sheshwadi, Dharavi, Mumbai, Maharashtra 400017, India"
1470,596.pdf,05/08/2025,13:00,05/08/2025,14:00," आकाश टावर, धारावी मेन रोड , धारावी मुंबई 17,   ","Akash Tower, Dharavi Main Road, Dharavi Mumbai 17,",19.0376839,72.8552404,"Kumbhar Wada, Dharavi, Mumbai, Maharashtra, India"
1471,597.pdf,05/08/2025,15:30,05/08/2025,15:40," अबुबकर बालवाडी मस्जीद च्या जवळ, 60 फिट रोड, कुंभारवाडा, , धारावी, मुंबई,   ","Near Abubakar Balwadi Masjid, 60 Fit Road, Kumbharwada, , Dharavi, Mumbai,",19.0380334,72.8537589,"Dharavi, Mumbai, Maharashtra, India"
1472,598.pdf,05/08/2025,19:00,05/08/2025,19:15," हवा गल्ली, हेरीटेज मैदान, , कावळे चाळ, धारावी, मुंबई 17 , ","Hawa Galli, Heritage Ground, , Kawle Chal, Dharavi, Mumbai 17 ,",19.0380334,72.8537589,"Dharavi, Mumbai, Maharashtra, India"
1473,599.pdf,04/08/2025,22:30,04/08/2025,23:00," गुरूदत्त जिम पिवळा बंगला,, समोरील गरेज जवळ, पिवळा बंगला, धारावी,   ","Gurudutt Gym Yellow Bungalow,, Near Front Garage, Yellow Bungalow, Dharavi,",19.0175257,72.8384601,"Bhavani Shankar Rd, Dadar West, Dadar, Mumbai, Maharashtra, India"
1474,600.pdf,07/03/2025,19:15,07/03/2025,19:20," भवानी शंकर रोड, बेस्ट बस स्टाँपच्या बाजुला, दादर पण्चिम,मुंबई   ","Bhawani Shankar Road, Beside Best Bus Stand, Dadar Panchim, Mumbai",19.047571,72.85284399999999,"T. Junction, Dharavi Village, Dharavi, Mumbai, Maharashtra 400017, India"
1475,601.pdf,03/08/2025,23:30,04/08/2025,13:00," टी जंक्शन च्याआत राजाबल्ली चाळ, अबरार मसजीद च्या समोर , धारावी मुंबई ,   ","Rajaballi Chall, Inside T Junction, Opposite Abrar Masjid, Dharavi Mumbai,",19.0510479,72.8385002,"50, Swami Vivekanand Rd, Near Jama Masjid, C Block BKC, Qurese Nagar, Bandra West, Mumbai, Maharashtra 400050, India"
1476,602.pdf,31/01/2025,23:10,31/01/2025,23:10," कुरेशी नगर, एस व्ही रोड, वांद्रे पष्चिम मुंबई 50,   ","Qureshi Nagar, SV Road, Bandra West Mumbai 50,",19.037499,72.854877,"Kumbharwada, Kumbhar Wada, Dharavi, Mumbai, Maharashtra 400017, India"
1477,603.pdf,06/08/2025,02:00,06/08/2025,02:40," कुंभारवाडा परिसर, , 90 फिट रोड, धारावी, मुंबई-17,   ","Kumbharwada Premises, , 90 Fit Road, Dharavi, Mumbai-17,",19.0425637,72.8524295,"Cross Rd, Palwadi, Dharavi, Mumbai, Maharashtra 400017, India"
1478,604.pdf,01/07/2024,00:00,06/08/2025,00:00," 520,, चवथा माळा, क्रस रोड,, गणपती मंदीरा शेजारी, धारावी, मुंबई-17,   ","520,, Chavatha Mala, Cross Road,, Next to Ganpati Temple, Dharavi, Mumbai-17,",19.0380334,72.8537589,"Dharavi, Mumbai, Maharashtra, India"
1479,605.pdf,06/08/2025,23:00,06/08/2025,23:50," वल्लभ बिल्डींग परिसर, , 90 फिट रोड,, धारावी मुं 17 ,   ","Vallabh Building Premises, , 90 Fit Road,, Dharavi Mun 17 ,",19.0428215,72.85629240000002,"New Maharashtra Nagar, 229, 90 Feet Rd, opp. Indian Bank, Dharavi, Mumbai, Maharashtra 400017, India"
1480,606.pdf,06/08/2025,22:45,06/08/2025,23:00," न्यू महाराष्ट्र नगर,, धारावी मुंबई ,   ","New Maharashtra Nagar, Dharavi Mumbai,",19.0827159,72.9048194,"Mahatma Gandhi Rd, Mumbai, Maharashtra, India"
1481,607.pdf,07/08/2025,01:15,07/08/2025,04:15," रूम नं डि 31 , जीवनज्योत रहिवासी संघ, धोबी घाट ,एम जी रोड धारावी ,   ","Room No D 31, Jeevanjyot Resident Association, Dhobi Ghat, MG Road Dharavi,",19.0441802,72.8533779,"17, 01, Sheshwadi, Dharavi, Mumbai, Maharashtra 400017, India"
1482,609.pdf,07/08/2025,17:30,07/08/2025,18:00," राजीव गांधी नगर,, ओएनजीसी गेट नं01 च्या समोर, धारावी मुंबई17,   ","Rajiv Gandhi Nagar, Opposite ONGC Gate No.01, Dharavi Mumbai 17,",19.0472853,72.8610609,"17, Sant Rohidas Marg, Dharavi Slums, Laxmi Baug, Dharavi, Mumbai, Maharashtra 400017, India"
1483,610.pdf,08/08/2025,00:30,08/08/2025,01:15," गोल्डफिल्ड कंम्पाउंड चे समोर, संत रोहिदास मार्ग, धारावी, मुंबई 17, ","Opposite Goldfield Compound, Sant Rohidas Marg, Dharavi, Mumbai 17,",19.0459886,72.8563842,"17, 7, Dharavi, Mumbai, Maharashtra 400017, India"
1484,611.pdf,08/08/2025,00:20,08/08/2025,00:40," सार्वनिक बाथरुमजवळ, ट्रांझिट HET नं-07, धारावी,मुंबई -17,   ","Near Public Bathroom, Transit HET No-07, Dharavi, Mumbai-17,",19.017788,72.828142,"OCEAN GOLD-B, B/24, Prabhadevi, Mumbai, Maharashtra 400025, India"
1485,612.pdf,06/01/2025,01:30,07/01/2025,10:00," 24, प्रभादेवी,स्टेशनच्या बाजूला, 38/ए सरस्वती निवास,, मुंबई13,   ","24, Prabhadevi, Beside Station, 38/A Saraswati Niwas,, Mumbai13,",19.0525489,72.8289229,"51B, Chapel Rd, Ranwar, Bandra West, Mumbai, Maharashtra 400050, India"
1486,613.pdf,31/01/2025,19:30,31/01/2025,20:45," अँन्डेन विला, 51बी, चपेल रोड, वांद्रे पश्‍चिम, मुंबई 50 ,   ","ANDEN VILLA, 51B, CHAPELL ROAD, BANDRA WEST, MUMBAI 50 ,",19.018226,72.8168362,"Koliwada, Worli, Mumbai, Maharashtra 400030, India"
1487,614.pdf,09/03/2025,18:15,09/03/2025,18:20," कोस्टगार्डच्या डाव्या भिंतीलगत, वरळी कोळीवाडा, , वरळी मुंबई 30, ","Beside Coastguard Left Wall, Worli Koliwada, , Worli Mumbai 30,",19.0472853,72.8610609,"17, Sion-Bandra Link Rd, Dharavi Slums, Laxmi Baug, Dharavi, Mumbai, Maharashtra 400017, India"
1488,615.pdf,08/08/2025,02:00,08/08/2025,02:10," टी जंक्शन, सायन बांद्रा लिंक रोड, धारावी मुंबई 17,   ","T Junction, Sion Bandra Link Road, Dharavi Mumbai 17,",19.0428918,72.8525317,"17, Ganesh Temple Rd, Bhatiya Nagar, Dharavi, Mumbai, Maharashtra 400017, India"
1489,616.pdf,08/08/2025,03:30,08/08/2025,03:40," खंबादेवी मंदीराजवळ, धारावी, मुंबई-17,   ","Near Khambadevi Temple, Dharavi, Mumbai-17,",19.0506601,72.8586004,"Dharavi Bus Depot, Dharavi Depot Rd, Kala Qila, Dharavi, Mumbai, Maharashtra 400017, India"
1490,617.pdf,08/08/2025,16:00,08/08/2025,16:15," सायन-बांद्रा लिंक रोड, धारावी बस डेपोच्या बाजूला , दक्षिण वाहिनीवर, धारावी,मुंबई,   ","Sion-Bandra Link Road, Beside Dharavi Bus Depot, South Channel, Dharavi, Mumbai,",18.9067031,72.8147123,"Colaba, Mumbai, Maharashtra, India"
1491,618.pdf,22/02/2024,12:00,01/07/2025,17:00," कमल मेन्शन स्थित गाळा नं 1/1, तळमजला, हाजी नियाज अबू आझमी मा, कुलाबा, मुंबई, ","Located at Kamal Mansion, Gala No. 1/1, Ground Floor, Haji Niaz Abu Azmi Ma, Colaba, Mumbai,",18.9200706,72.8309383,"Walton Rd, Apollo Bandar, Colaba, Mumbai, Maharashtra 400001, India"
1492,619.pdf,02/07/2025,14:50,02/07/2025,15:30," वाल्टन रोडच्या फुटपाथवर, सार्जंटहाऊसच्या विरूध्दबाजुला, कुलाबा मुंबई, ","On footpath of Walton Road, Opposite Sergeant's House, Colaba Mumbai,",18.9692903,72.846633,"5/22, Dockyard, Wadi Bandar, Colaba, Mumbai, Maharashtra 400010, India"
1493,620.pdf,08/07/2025,10:00,08/07/2025,14:30," रूम नं 75, सुनिता बिल्डींग, एस बी एस रोड, कुलाबा पोस्ट ऑफिसच्या विरूद्ध, कुलाबा, मुंबई- 05, मोबाईलवरून,   ","ROOM NO 75, SUNITA BUILDING, SBS ROAD, OPPOSITE COLABA POST OFFICE, COLABA, MUMBAI-05, FROM MOBILE,",18.9067031,72.8147123,"Colaba, Mumbai, Maharashtra, India"
1494,621.pdf,11/07/2025,02:09,11/07/2025,02:15," बडे मियाँ गल्लीकडून, ASIN कफेच्या दिशेने, कुलाबा, मुंबई,   ","From Bade Mian Galli, towards ASIN Cafe, Colaba, Mumbai,",18.914574,72.8244574,"Shahid Bhagat Singh Rd, Colaba, Mumbai, Maharashtra, India"
1495,622.pdf,12/07/2025,10:13,12/07/2025,11:28," बी 12, एसबीएस रोड, तिसरा मजला, खुसरो बाग, कुलाबा मुंबई,   ","B12, SBS Road, 3rd Floor, Khusro Bagh, Colaba Mumbai,",18.9228681,72.83144829999999,"58, 23, Shahid Bhagat Singh Rd, Scindia Society, Police Colony, Apollo Bandar, Fort, Mumbai, Maharashtra 400001, India"
1496,623.pdf,24/06/2025,11:42,25/06/2025,00:00," 58/60, ए ब्लॉक, 4 था माळा, , पाईपवला बिल्डींग रूम नं 23, एसबीएसरोड कुलाबा मुंबई,   ","58/60, A Block, 4th Mala, , Pipevala Building Room No 23, SBS Road Colaba Mumbai,",19.0595596,72.8295287,"Bandra West, Mumbai, Maharashtra, India"
1497,624.pdf,01/02/2025,00:15,01/02/2025,00:15," शास्त्री नगर, बस डेपो जवळ, वांद्रे प मुंबई 50,   ","Shastri Nagar, Near Bus Depot, Bandra P Mumbai 50,",18.9232359,72.83252259999999,"Bademiya, Tulloch Rd, Apollo Bandar, Colaba, Mumbai, Maharashtra 400001, India"
1498,625.pdf,14/07/2025,02:20,14/07/2025,02:25," बडे मिया गल्लीकडून , ASIN कफेच्या दिशेने , कुलाबा मुंबई,   ","From Bade Mia Galli, towards ASIN Cafe, Colaba Mumbai,",19.018226,72.8168362,"Koliwada, Worli, Mumbai, Maharashtra 400030, India"
1499,626.pdf,09/03/2025,18:15,09/03/2025,18:20," कोस्टगार्डच्या डाव्या भिंतीलगत, वरळी कोळीवाडा, , वरळी मुंबई 30, ","Beside Coastguard Left Wall, Worli Koliwada, , Worli Mumbai 30,",18.914574,72.8244574,"Shahid Bhagat Singh Rd, Colaba, Mumbai, Maharashtra, India"
1500,627.pdf,14/07/2025,18:30,14/07/2025,20:30," टायटन आय प्लस शोरुमच्या बाजूला, असलेल्या बंद दुकानाजवळ , SBS रोड कुलाबा मुंबई, ","Beside Titan Eye Plus Showroom, Near Closed Shop, SBS Road Colaba Mumbai,",18.9176117,72.8297152,"Pushpa Bhavan, 05, Colaba Causeway, opp. to Telephone Bhavan, near Strand Cinema, Apollo Bandar, Colaba, Mumbai, Maharashtra 400005, India"
1501,628.pdf,09/07/2025,13:30,10/07/2025,14:19," जे-7, खुशरू बाग, सरदार भगतसिंह रोड, कुलाबा, मुंबई-05,   ","J-7, Khushru Bagh, Sardar Bhagat Singh Road, Colaba, Mumbai-05,",18.9260716,72.8302654,"15, Madame Cama Rd, Mantralaya, Fort, Mumbai, Maharashtra 400032, India"
1502,629.pdf,16/07/2025,13:30,16/07/2025,14:00," डाँ होमी भाभा इन्स्टीटयुट ऑफ, सायन्स समोर मादाम कामा रोड , कुलाबा मुंबई,   ","Dr. Homi Bhabha Institute Of, Science Opposite Madam Cama Road, Colaba Mumbai,",18.9067031,72.8147123,"Colaba, Mumbai, Maharashtra, India"
1503,630.pdf,10/06/2025,03:30,17/07/2025,10:30," 08, 57/बी, वुड हाउस रोड, आरसीवाला बिल्डींग,तळमजला, कुलाबा मुंबई,   ","08, 57/B, WOOD HOUSE ROAD, RCWALA BUILDING, GROUND FLOOR, COLABA MUMBAI,",18.9271362,72.8310487,"156, Mahatma Gandhi Road, Mantralaya, Fort, Mumbai, Maharashtra 400032, India"
1504,631.pdf,12/07/2025,10:30,12/07/2025,12:30," केमिस्ट्री लबमधील छोटी रूम, एलफिस्टन काँलेज दुसरा मजला, कुलाबा मुंबई,   ","Small Room in Chemistry Lab, Elphiston College 2nd Floor, Colaba Mumbai,",18.920717,72.830649,"Adenwala Rd, Apollo Bandar, Colaba, Mumbai, Maharashtra 400001, India"
1505,632.pdf,19/07/2025,13:00,19/07/2025,13:30," साजिया केटरर्स कुलाबा मार्केट, कुलाबा मुंबई,   ","Sajia Caterers Colaba Market, Colaba Mumbai,",19.0273578,72.8568276,"303, Nathalal Parekh Marg, Matunga East, Mumbai, Maharashtra 400019, India"
1506,633.pdf,18/07/2025,19:00,19/07/2025,11:30," रूम नं 303, नाथालाल पारेख मार्ग, हॉटेल ताज वेलीन्टन म्युज, कुलाबा, मुंबई,   ","Room No 303, Nathalal Parekh Marg, Hotel Taj Wellington Muse, Colaba, Mumbai,",18.9152169,72.8305087,"Lala Nigam Rd, near Morya Mandir, Jamshetji Bunder, Dr Babasaheb Ambedkar Nagar, Road, Colaba, Mumbai, Maharashtra 400005, India"
1507,634.pdf,24/07/2025,13:00,24/07/2025,13:30," कुलाबा मार्केट,लाला निगम रोड , केक ऑफ द S या शाप समोर , कुलाबा, मुंबई 05,   ","Colaba Market, Lala Nigam Road, Opposite Cake Of The S Shap, Colaba, Mumbai 05,",19.0595596,72.8295287,"Bandra West, Mumbai, Maharashtra, India"
1508,635.pdf,31/01/2025,20:00,01/02/2025,02:00," कोबंडी गल्ली, लालमीट्टी, वांद्रे प मुंबई , ","KOBANDI GALLI, LALMITTY, BANDRA P MUMBAI ,",18.9152169,72.8305087,"Lala Nigam Rd, near Morya Mandir, Jamshetji Bunder, Dr Babasaheb Ambedkar Nagar, Road, Colaba, Mumbai, Maharashtra 400005, India"
1509,636.pdf,24/07/2025,15:00,24/07/2025,15:30," लाला निगम रोड, कुलाबा मार्केट,, भारत ग्लास सेंटर या शाँप समोर, कुलाबा, मुंबई 05,   ","Lala Nigam Road, Colaba Market, Opposite Bharat Glass Center Shop, Colaba, Mumbai 05,",18.914574,72.8244574,"Shahid Bhagat Singh Rd, Colaba, Mumbai, Maharashtra, India"
1510,637.pdf,25/07/2025,15:20,25/07/2025,15:40," एस बी एस रोड, रायल सॅनिटरी शॉप समोर , कुलाबा मुंबई 05,   ","SBS Road, Opposite Royal Sanitary Shop, Colaba Mumbai 05,",18.9067031,72.8147123,"Colaba, Mumbai, Maharashtra, India"
1511,638.pdf,04/04/2025,09:32,07/04/2025,06:45," नेव्हल SHAS, कुलाबा मुंबई,   ","Naval SHAS, Colaba Mumbai,",18.913624,72.82468399999999,"Sassoon Complex, Sassoon Dock Rd, Azad Nagar, Colaba, Mumbai, Maharashtra 400005, India"
1512,639.pdf,25/07/2025,18:40,25/07/2025,18:50," ससुन डाँक,, पारकर नेव्हिगेशन गोडाउन समोर, कुलाबा, मुंबई,   ","Sassoon Tank,, Opposite Parker Navigation Godown, Colaba, Mumbai,",18.916259,72.8267073,"WR8G+GM4, Shahid Bhagat Singh Rd, Kala Ghoda, Colaba, Mumbai, Maharashtra 400005, India"
1513,640.pdf,26/07/2025,18:30,26/07/2025,18:40," एसबीएस रोड, पुर्णिमा बिल्डींग समोर, कुलाबा, मुंबई 05 ,   ","SBS Road, Opposite Purnima Building, Colaba, Mumbai 05,",18.9067031,72.8147123,"Colaba, Mumbai, Maharashtra, India"
1514,641.pdf,28/07/2025,12:20,28/07/2025,12:50," मंडलिक US ,सनि हाउसजवळ ताज , होटेल पाठी मागे बाजुस,स्ट्रीट , कफे समोर कुलाबा, ,   ","Mandalik US, Taj near Sunny House, Hotel Back Back Side, Street, Cafe Opposite Colaba, ,",18.9273624,72.83034540000001,"Old Secretariat Building, Kala Ghoda, Besides University, WRGJ+W4X, Mantralaya, Fort, Mumbai, Maharashtra 400032, India"
1515,642.pdf,24/07/2025,10:45,24/07/2025,11:15," कोर्ट रूम नं 10, , सेशन कोर्ट, , कुलाबा, मुंबई ,   ","COURT ROOM NO 10, , SESSION COURT, , COLABA, MUMBAI ,",18.918241,72.83114619999999,"Kamal Mansion, Apollo Bandar, Colaba, Mumbai, Maharashtra 400005, India"
1516,643.pdf,28/07/2025,18:20,28/07/2025,18:40," साळगावकर जंक्षन येथे, कमल मेन्षन बिल्डींग समोर, शहीद भगतसिंग रोड, कुलाबा मुंब,   ","At Salgaonkar Junction, Opposite Kamal Mansion Building, Shaheed Bhagat Singh Road, Colaba Mumb,",18.9216631,72.8332028,"Apollo Bandar, Colaba, Mumbai, Maharashtra 400001, India"
1517,644.pdf,29/07/2025,12:45,29/07/2025,12:55," हाँटेल रिजेंटच्या समोर, बेस्ट जंक्शनकडून ताजकडे जाणारे, कुलाबा, मुंबई,  ","Opposite Hotel Regent, Best Junction to Taj, Colaba, Mumbai,",18.9209939,72.8303614,"WRCJ+94X, Henry Rd, Cusrow Baug Colony, Apollo Bandar, Colaba, Mumbai, Maharashtra 400001, India"
1518,645.pdf,29/07/2025,16:55,29/07/2025,17:05," कुलाबा Weis ठाणे च्या समोर, एसबीएस रोड इलेक्ट्रीक हाऊस ज, कुलाबा, मुंबई 05 ,   ","KULABA Opposite Weis Thane, SBS Road Electric House J, Colaba, Mumbai 05 ,",19.0595596,72.8295287,"Bandra West, Mumbai, Maharashtra, India"
1519,646.pdf,31/01/2025,23:00,01/02/2025,02:00," कोंबडी गल्ली,, वांद्रे पश्‍चिम, मुंबई 50, ","50, KOMBDI GALLI, BANDRA WEST, MUMBAI,",18.9067031,72.8147123,"Colaba, Mumbai, Maharashtra, India"
1520,647.pdf,30/07/2025,19:10,30/07/2025,19:15," बरक क्र 63, आय एन एस HA, कुलाबा, मुंबई,   ","Barak No 63, INS HA, Colaba, Mumbai,",18.909834,72.80949489999999,"WR55+WQH Cluster_mumbai_11, New Navy Nagar, Colaba, Mumbai, Maharashtra 400005, India"
1521,648.pdf,20/08/2024,00:05,31/07/2025,15:00," सेंट्रल बँक ऑफ इंडिया, टेलिफोन भवन, स्टँड सिनेमाजवळ, कुलाबा, मुंबई,   ","Central Bank of India, Telephone Bhawan, Near Stand Cinema, Colaba, Mumbai,",18.9239107,72.8321258,"Hotel Blue Light, Metro House, 2nd Floor B-wing, near Regal Cinema, Apollo Bandar, Colaba, Mumbai, Maharashtra 400001, India"
1522,649.pdf,31/07/2025,18:00,31/07/2025,18:30," हटेल ब्लुलाईटच्या समोर, एसबीएस रोड, कुलाबा, मुंबई ,   ","Opposite Hotel Bluelight, SBS Road, Colaba, Mumbai,",19.018226,72.8168362,"Koliwada, Worli, Mumbai, Maharashtra 400030, India"
1523,650.pdf,09/03/2025,19:00,09/03/2025,19:05," कोस्टगार्डच्या पाठीमागे , भिंतीच्या जवळ, वरळी कोळीवाडा, वरळी मुंबई  30, ","BEHIND COAST GUARD, NEAR WALL, WORLI KOLIWADA, WORLI MUMBAI 30,",19.0551942,72.83733149999999,"S.V. Road, Bandra West, Mumbai, Maharashtra 400050, India"
1524,651.pdf,28/07/2025,16:30,28/07/2025,16:30," बडीमस्जीद समोर , एस व्ही रोड, वांद्रे पश्‍चिम मुंबई , ","Opposite Badimsjid, SV Road, Bandra West Mumbai,",19.0548399,72.84069029999999,"Bandra, Bairam Naupada, Bandra East, Mumbai, Maharashtra 400050, India"
1525,652.pdf,28/07/2025,16:00,28/07/2025,16:00," वांद्रे स्टेशन समोर , रिक्षा पार्किंग मध्ये रोडवर, लाईन रोडच्या मध्यभागी ,वांद्रे प मुंबई 50   ","Opposite Bandra Station, Road in Rickshaw Parking, Middle of Line Road, Bandra P Mumbai 50",19.0556473,72.83647859999999,"Jarimari Temple Road, behind National Library, Bandra West, Mumbai, Maharashtra 400050, India"
1526,653.pdf,21/01/2025,14:00,21/01/2025,15:00," 605, विराज अपार्टमेट,, जरीमरी रोड, नषनल लायब्ररीच्य, पाठीमागे, वांद्रे पष्चिम, मु,   ","605, VIRAJ APARTMENT,, JARIMARI ROAD, NATIONAL LIBRARY, BEHIND, BANDRA WEST, MU,",19.0474959,72.82661089999999,"Suman Cooperative Housing Society Anand Sagar, Suman Cooperative Housing Society, 24, KC Marg, Anand Sagar Co-Operative Housing Society, A Block BKC, Bandra West, Mumbai, Maharashtra 400050, India"
1527,654.pdf,15/03/2025,00:00,15/03/2025,00:00," Fae नं 23, बिल्डींग नं 24, आनंद सागर, के सी मार्ग,, वांद्रे पश्‍चिम, मुंबई 400050,   ","Fae No 23, Building No 24, Anand Sagar, KC Marg,, Bandra West, Mumbai 400050,",18.9227894,72.8297791,"Buckley Court, Cluster_mumbai_26, BEST Marg, Scindia Society, Police Colony, Apollo Bandar, Colaba, Mumbai, Maharashtra 400001, India"
1528,655.pdf,12/08/2025,12:00,12/08/2025,13:00," बकली कोर्ट रोड कुलाबा येथुन, आंबेडकर जंक्षन रोड कुलाबा कडे ,  कलाबा , रौ ","From Buckley Court Road Colaba to Ambedkar Junction Road Colaba, Kalaba, Rau",18.9177374,72.8294435,"Mistry Chambers, 5/6, Strand, Cinema Road, opposite M.T, N.L, Colaba, Mumbai, Maharashtra 400005, India"
1529,656.pdf,13/08/2025,15:00,13/08/2025,15:25," स्टण्ड सिनेमा रोड, हॉटेल शुभ सागरच्या समोर, कुलाबा, मुंबई,-400005   ","Stand Cinema Road, Opposite Hotel Shubh Sagar, Colaba, Mumbai,-400005",19.139536,72.9238392,"Kombadi Galli, Farid Nagar, Bhandup West, Mumbai, Maharashtra 400078, India"
1530,657.pdf,31/01/2025,22:00,01/02/2025,04:00," कोंबडी गली,, वान्द्रे प, मुंबई ,  1 ","KOMBDI GALI,, BANDER P, MUMBAI, 1",18.9171172,72.8263917,"WR8G+RJW Strand Cinema, Colaba Causeway, Badhwar Park, Apollo Bandar, Colaba, Mumbai, Maharashtra 400005, India"
1531,658.pdf,16/08/2025,11:00,16/08/2025,11:15," स्टण्ड सिनेमा बस स्टाँप जवळ, कुलाबा, मुंबई , ","Near Stand Cinema Bus Stop, Colaba, Mumbai,",18.9218382,72.831167,"BEST Marg, Apollo Bandar, Colaba, Mumbai, Maharashtra, India"
1532,659.pdf,21/08/2025,15:09,21/08/2025,15:20," बेस्ट मार्ग वर, सलील ब्रदर्स शॉप समोर, कुलाबा, मुंबई 400005,   ","On Best Marg, Opposite Salil Brothers Shop, Colaba, Mumbai 400005,",18.9067031,72.8147123,"Colaba, Mumbai, Maharashtra, India"
1533,660.pdf,14/05/2024,00:00,28/09/2024,15:00," मुनिरा कुलाबा काँजवे , प्लाट नं 12, कुलाबा मुंबई , ","Munira Colaba Kanjway, Plot No 12, Colaba Mumbai,",18.9247074,72.8280733,"Maharshi Karve Rd, Colaba, Mumbai, Maharashtra, India"
1534,661.pdf,13/08/2025,13:10,14/08/2025,14:00," आरएफ ग्राउंड फ्लोर,एमकेरोड, शुगरकेन मिल ज्युस सेंटर, चिल्डरून पार्क समोर, कुलाबा,   ","RF Ground Floor, MK Road, Sugarcane Mill Juice Centre, Opposite Children's Park, Colaba,",19.018226,72.8168362,"Koliwada, Worli, Mumbai, Maharashtra 400030, India"
1535,662.pdf,09/03/2025,19:00,09/03/2025,19:05," कोस्टगार्डच्या पाठीमागे , भिंतीच्या जवळ, वरळी कोळीवाडा, वरळी मुंबई  30, ","BEHIND COAST GUARD, NEAR WALL, WORLI KOLIWADA, WORLI MUMBAI 30,",18.9232366,72.83152679999999,"Regal Cinema, Esperanca Building, Bhagat Singh Road, Scindia Society, Police Colony, Apollo Bandar, Colaba, Mumbai, Maharashtra 400001, India"
1536,663.pdf,24/08/2025,17:30,24/08/2025,17:45," एसबीएस रोड, बँक ऑफ बडोदा समोरील बस स्टप, कुलाबा, मुंबई,   ","SBS Road, Bus Stop Opposite Bank of Baroda, Colaba, Mumbai,",18.9067031,72.8147123,"Colaba, Mumbai, Maharashtra, India"
1537,664.pdf,25/08/2025,14:25,25/08/2025,14:40," ससुन डोक ते , पोस्ट ऑफिस , कुलाबा, ","Sassoon Dok Te, Post Office, Colaba,",18.9185738,72.8306268,"Arthur Bunder Rd, Apollo Bandar, Colaba, Mumbai, Maharashtra 400005, India"
1538,665.pdf,25/08/2025,16:35,25/08/2025,16:50," अनक्स इमारत, आर्थर बंदर रोड, , जनरल मेडीकल समोर, अपोलो बंदर, कुलाबा,   ","ANUX BUILDING, ARTHUR BANDAR ROAD, , OPPOSITE GENERAL MEDICAL, APOLLO BANDAR, COLABA,",18.9129938,72.8225239,"146, Shahid Bhagat Singh Rd, Azad Nagar, Colaba, Mumbai, Maharashtra 400005, India"
1539,666.pdf,28/08/2025,12:20,28/08/2025,12:30," एसबीएस रोड, सौरभ हटेल,ससुन Sh, कुलाबा मुंबई , ","SBS Road, Saurabh Hatel, Sassoon Sh, Colaba Mumbai,",18.9190864,72.8294427,"Colaba Causeway Road, WR9H+JQP, Haji Miyaz Road, Apollo Bandar, Colaba, Mumbai, Maharashtra 400005, India"
1540,667.pdf,25/08/2025,00:00,25/08/2025,00:10," भिडभंजन मंदिरच्या विरूद्ध बाजू, एस बी एस रोड, कुलाबा, मुंबई,   ","Opposite Bhidbhanjan Temple, SBS Road, Colaba, Mumbai,",19.051016,72.8355244,"14, LK Mehta Marg, Reclamation, Bandra West, Mumbai, Maharashtra 400050, India"
1541,668.pdf,05/01/2025,16:45,05/01/2025,16:45," यु ब्रीज चे खाली,नर्गिस दत्त , नगर झोपडपट्टी,लाल मीट्टी झोपड, पट्टी परीसर, वांद्रे पश्‍चिम, म,   ","Below U Bridge, Nargis Dutt, Nagar Slum, Lal Mitti Slum, Patti Parisar, Bandra West, M,",19.0595596,72.8295287,"Bandra West, Mumbai, Maharashtra, India"
1542,669.pdf,01/02/2025,03:30,01/02/2025,03:50," 2/80, स्लाटर हाउस कंपांउंड,, , वांद्रे पश्‍चिम, मुंबई 50,   ","2/80, Slaughter House Compound,, , Bandra West, Mumbai 50,",18.9299511,72.8321549,"Nagindas Master Rd, Kala Ghoda, Fort, Mumbai, Maharashtra 400001, India"
1543,670.pdf,04/08/2025,20:30,06/08/2025,12:30," नागिनदास मास्तर रोडवरील ऑफिस, काळाघोडा, फोर्ट, मुंबई,   ","Office at Nagindas Master Road, Kalaghoda, Fort, Mumbai,",18.921778,72.832257,"24/26, B K Boman Behram Marg, Apollo Bandar, Colaba, Mumbai, Maharashtra 400001, India"
1544,671.pdf,12/08/2025,17:20,12/08/2025,17:25," बीके बोमन बेहराम मार्ग वर , हटेल डीप्लोमट समोर, कुलाबा, मुंबई,   ","On BK Bowman Behram Marg, Opposite Hatel Diplomat, Colaba, Mumbai,",18.9273624,72.83034540000001,"Old Secretariat Building, Kala Ghoda, Besides University, WRGJ+W4X, Mantralaya, Fort, Mumbai, Maharashtra 400032, India"
1545,672.pdf,15/04/2024,00:00,05/06/2025,00:00," सेशन कोर्ट, कुलाबा मुंबई,   ","Session Court, Colaba Mumbai,",18.9307214,72.8330849,"Kala Ghoda, Fort, Mumbai, Maharashtra 400001, India"
1546,673.pdf,01/08/2025,12:30,01/08/2025,13:30," सेशन सीटी सिव्हील, कोर्ट काला घोडा , कुलाबा,   ","Session CT Civil, Court Kala Ghoda, Colaba,",18.9119776,72.82140629999999,"Hampton Court, Wodehouse Rd, Cuffe Parade, Mumbai, Maharashtra 400005, India"
1547,674.pdf,02/08/2025,18:15,02/08/2025,18:20," दुकान नं 09,हम्प्टन कोर्टच्या, समोर, वोडहाउस रोड, कुलाबा, मुंबई,   ","Shop No. 09, Opposite Hampton Court, Wodehouse Road, Colaba, Mumbai,",18.9171172,72.8263917,"WR8G+RJW Strand Cinema, Colaba Causeway, Badhwar Park, Apollo Bandar, Colaba, Mumbai, Maharashtra 400005, India"
1548,675.pdf,15/04/2025,10:59,15/04/2025,11:15," स्टॅन्ड सिनेमा, बस क्र 106, कुलाबा,   ","Stand Cinema, Bus No. 106, Colaba,",18.914574,72.8244574,"Shahid Bhagat Singh Rd, Colaba, Mumbai, Maharashtra, India"
1549,676.pdf,04/08/2025,02:30,04/08/2025,02:35," एसबीएस रोड,, रिगल जंक्षन, , कुलाबा, मुंबई ,  Beat No. (बीट क्र.): ","SBS Road, Regal Junction, Colaba, Mumbai Beat No. (Beat No.):",18.923629,72.8326235,"Lansdowne Rd, Apollo Bandar, Colaba, Mumbai, Maharashtra 400001, India"
1550,677.pdf,04/08/2025,11:40,04/08/2025,13:55," लन्सडाऊन रोड , के एफ सी, के दुभाष मार्ग, कुलाबा मुंबई ,   ","Lansdowne Road, KFC, K Dubhash Marg, Colaba Mumbai,",18.9233704,72.8312857,"WRFJ+8GV, Convent Rd, near Bank of Baroda ATM, Scindia Society, Police Colony, Apollo Bandar, Colaba, Mumbai, Maharashtra 400001, India"
1551,678.pdf,04/08/2025,17:40,04/08/2025,18:30," युचारीस्टीक काँग्रेस बिल्डींग , समोर, काँन्वेन्ट रोड, कुलाबा, मुंबई 05,   ","Eucharistic Congress Building, Opposite, Convent Road, Colaba, Mumbai 05,",18.9273983,72.83168560000001,"161B, Mahatma Gandhi Road, Kala Ghoda, Fort, Mumbai, Maharashtra 400001, India"
1552,679.pdf,05/08/2025,12:15,05/08/2025,12:30," जहाँगिर आर्ट गँलरीच्या, काँर्नरवर रोडवर, काळा घोडा,, कुलाबा, मुंबई ,   ","Jahangir Art Gallery, Corner War Road, Kala Ghoda, Colaba, Mumbai,",19.0614152,72.8387058,"4th Floor, Kakad Bhavan, WESTERN RAILWAY STAFF COLONY, 30th Rd, opposite Gaiety Galaxy Cinema, Western Railway Staff Colony, Tata Blocks, Bandra West, Mumbai, Maharashtra 400050, India"
1553,680.pdf,01/02/2025,13:00,01/02/2025,13:00," गेटी गलक्‍्सी वांद्रे पश्‍चिम,   ","Getty Galaxy Bandra West,",18.9229919,72.8317876,"City Walk House, 33, Colaba Causeway, Apollo Bandar, Colaba, Mumbai, Maharashtra 400001, India"
1554,681.pdf,04/08/2025,21:00,04/08/2025,21:05," सिटी वाँक शॉर्पीग , सेंटरच्या बाजूला, एसबीएस रोड, कुलाबा मुंबई, ","City Walk Shoppeg, Beside Centre, SBS Road, Colaba Mumbai,",18.9203886,72.83013059999999,"Apollo Bandar, Colaba, Mumbai, Maharashtra, India"
1555,682.pdf,06/08/2025,16:00,06/08/2025,17:40," अपोलो बंदर Age बंक समोर,, Tees रोड, कुलाबा, मुंबई,   ","Opposite Apollo Bandar Age Bunk,, Tees Road, Colaba, Mumbai,",18.9171423,72.8286919,"Lala Nigam Rd, Apollo Bandar, Colaba, Mumbai, Maharashtra, India"
1556,683.pdf,06/08/2025,17:30,06/08/2025,18:00," कुलाबावाडी लालानिगम रोड, कुलाबा मुंबई,   ","Kulabawadi Lalanigam Road, Colaba Mumbai,",18.914574,72.8244574,"Shahid Bhagat Singh Rd, Colaba, Mumbai, Maharashtra, India"
1557,684.pdf,06/08/2025,23:55,07/08/2025,00:10," एस बी एस रोड, रिगल जंक्षन कडुन बेस्ट जंक्षन , कडे येणा-या मार्ग पोठाणे समोर,कुलाबा मुंबई   ","From SBS Road, Regal Junction to Best Junction, Opposite Marg Pothane, Colaba Mumbai",18.9209939,72.8303614,"WRCJ+94X, Henry Rd, Cusrow Baug Colony, Apollo Bandar, Colaba, Mumbai, Maharashtra 400001, India"
1558,685.pdf,09/08/2025,20:30,09/08/2025,20:35," एस बी एस रोड इलेक्ट्रीक हाउस, येथील बस क्र123 बसस्टाँप, कुलाबा मुंबई,  ","SBS Road Electric House, Bus No. 123 Bus Stand, Colaba Mumbai,",18.918463,72.82958599999999,"27, Grants Annexe Building, Arthur Bunder Road, Apollo Bandar, Colaba, Mumbai, Maharashtra 400005, India"
1559,686.pdf,09/08/2025,21:45,10/08/2025,09:15," 19ए/27, ग्रंट बिल्डींग अँनेक्स,, हरि ओम स्टेशनरी अँण्ड झेरक्स, आर्थर बंदर रोड, कुलाबा,   ","19A/27, Grunt Building Annex,, Hari Om Stationery & Xerox, Arthur Bunder Road, Colaba,",19.0151896,72.8323662,"Kakasaheb Gadgil Marg, Prabhadevi, Mumbai, Maharashtra, India"
1560,687.pdf,25/01/2025,10:00,09/03/2025,12:30," काकासाहेब गाडगीळ मार्ग, इसजी ऑप्शन वन माँल,3रा माळा, गाळा नंबर 307 - 312,प्रभादेवी, मुंबई ","Kakasaheb Gadgil Marg, ESG Option One Mall, 3rd Mala, Gala No. 307 - 312, Prabhadevi, Mumbai",18.9219329,72.8285411,"33, Nathalal Parikh Marg, Cusrow Baug Colony, Apollo Bandar, Colaba, Mumbai, Maharashtra 400001, India"
1561,688.pdf,10/08/2025,21:00,10/08/2025,21:30," नाथालाल पारीख मार्ग,, हाँटेल ताज वेलिग्टनच्या समोर, कुलाबा,मुंबई,  1 ","Nathalal Parikh Marg, Opposite Hotel Taj Wellington, Colaba, Mumbai, 1",18.9203918,72.8306384,"Electric House, Colaba Causeway, Apollo Bandar, Colaba, Mumbai, Maharashtra 400001, India"
1562,689.pdf,17/02/2025,00:00,11/08/2025,18:00," इलेक्ट्रिक हाऊस, बेस्ट विभाग, कुलाबा, मुंबई ,   ","Electric House, Best Division, Colaba, Mumbai,",18.9152169,72.8305087,"Lala Nigam Rd, near Morya Mandir, Jamshetji Bunder, Dr Babasaheb Ambedkar Nagar, Road, Colaba, Mumbai, Maharashtra 400005, India"
1563,690.pdf,11/08/2025,17:00,11/08/2025,18:40," महावीर गोल्ड शॉप समोर, लाला निगम रोड, कुलाबा मार्केट, कुलाबा, मुंबई,  ","Opposite Mahaveer Gold Shop, Lala Nigam Road, Colaba Market, Colaba, Mumbai,",19.0614152,72.8387058,"4th Floor, Kakad Bhavan, WESTERN RAILWAY STAFF COLONY, 30th Rd, opposite Gaiety Galaxy Cinema, Western Railway Staff Colony, Tata Blocks, Bandra West, Mumbai, Maharashtra 400050, India"
1564,691.pdf,01/02/2025,13:00,01/02/2025,13:00," गेटी गलक्‍्सी वांद्रे पश्‍चिम,,   ",Getty Galaxy Bandra West,18.914574,72.8244574,"Shahid Bhagat Singh Rd, Colaba, Mumbai, Maharashtra, India"
1565,692.pdf,11/08/2025,19:10,11/08/2025,19:15," बेस्ट बस स्टाँप,एसबीएस रोड , केल्वीन Feat दुकानासमोर,, कुलाबा, मुंबई ,   ","Best Bus Stop, SBS Road, Opposite Kelvin Feat Shop,, Colaba, Mumbai,",18.9223373,72.8311512,"WRCJ+WFJ, Mandlik Rd, Scindia Society, Police Colony, Apollo Bandar, Colaba, Mumbai, Maharashtra 400001, India"
1566,693.pdf,11/09/2024,10:30,05/11/2024,18:00," कुलाबा पोलीस ठाणे, कुलाबा मुंबई,   ","Colaba Police Station, Colaba Mumbai,",19.0484865,72.8273686,"40, KC Marg, HIG Colony, Mount Mary, Bandra West, Mumbai, Maharashtra 400050, India"
1567,694.pdf,14/08/2025,19:30,14/08/2025,19:30," 40, केसीमार्ग, ओएनजीसी, च्या मागे, रिकलमेशन, स्वामी, नित्यानंद नगर, बांद्रा प, मु,   ","40, KC MARG, ONGC, BEHIND, RECLAMATION, SWAMI, NITYANAND NAGAR, BANDRA P, MU,",19.0475315,72.82850959999999,"Nityanand Nagar, A Block BKC, Bandra West, Mumbai, Maharashtra 400050, India"
1568,695.pdf,14/08/2025,20:30,14/08/2025,20:30," 40, केसीमार्गग, ओएनजीसी च्या , च्या मागे, रिक्‍लमेशन, स्वामी, नित्यानंद नगर, बांद्रा प, मु,   ","40, KC MARGAG, BEHIND ONGC, RECLAMATION, SWAMI, NITYANAND NAGAR, BANDRA P, MU,",19.0595596,72.8295287,"Bandra West, Mumbai, Maharashtra, India"
1569,696.pdf,14/08/2025,23:00,15/08/2025,06:00," स्लाटर हाउस कंपाउड, , वांद्रे पश्‍चिम मुंबई 50 ,   ","Slaughter House Compound, , Bandra West Mumbai 50 ,",19.0743119,72.84678219999999,"1, 50, Western Express Hwy, Anand Nagar, Vakola, Santacruz East, Mumbai, Maharashtra 400055, India"
1570,697.pdf,09/08/2025,20:30,09/08/2025,21:00," रेल्वे ब्रिजजवळ वेस्टर्न , एक्सप्रेस हाइवे जवळ , वांद्रे पश्‍चिम मुंबई 50,  1 ","Near Railway Bridge Western, Near Express Highway, Bandra West Mumbai 50, 1",19.0139659,72.83493380000002,"jawale bhuvan, 601, Bhavani Shankar Rd, Dadar West, Mumbai, Maharashtra 400028, India"
1571,698.pdf,15/08/2025,20:00,15/08/2025,20:15," बाटा शोरूम समोरील बस स्टॉप ,, बांद्रा प, मुंबई येथुन बांद्रा, रेल्वे स्टेशन कडे जाणारी,स क्र211 मध्ये   ","Bus Stop Opposite Bata Showroom, Bandra P, From Mumbai to Bandra Railway Station, in S No. 211",19.0151896,72.8323662,"Kakasaheb Gadgil Marg, Prabhadevi, Mumbai, Maharashtra, India"
1572,699.pdf,25/01/2025,10:00,09/03/2025,12:30," काकासाहेब गाडगीळ मार्ग, इसजी ऑप्शन वन माँल,3रा माळा, गाळा नंबर 307 - 312,प्रभादेवी, मुंबई ","Kakasaheb Gadgil Marg, ESG Option One Mall, 3rd Mala, Gala No. 307 - 312, Prabhadevi, Mumbai",19.051016,72.8355244,"14, LK Mehta Marg, Reclamation, Bandra West, Mumbai, Maharashtra 400050, India"
1573,700.pdf,15/08/2025,23:00,16/08/2025,02:00," कोबंडी गल्ली ,लालमिटटी ,, वांद्रे पश्‍चिम Aas 50,   ","Kobandi Galli, Lalmitti,, Bandra West Aas 50,",19.0353849,72.8423036,"Mahim, Mumbai, Maharashtra, India"
1574,701.pdf,16/08/2025,01:00,16/08/2025,01:10," कोंबडी गल्ली, माहीम काँजवे, , बांद्रा प मुंबई 50, ","KOMBDI GALLI, MAHIM KANJAVE, , BANDRA P MUMBAI 50,",19.0616261,72.8307692,"29th Rd, Bandra West, Mumbai, Maharashtra 400050, India"
1575,702.pdf,01/02/2025,13:30,01/02/2025,14:00," मेहर बाय प्रिटी स्टोअर 29 रोड, वांद्रे प मुंबई,   ","MEHAR BY PRETTY STORE 29 ROAD, BANDRA P MUMBAI,",19.0552006,72.8308311,"Hill Rd, Bandra West, Mumbai, Maharashtra 400050, India"
1576,703.pdf,16/08/2025,18:30,16/08/2025,18:30," शिफा मेडीकल समोर,, वांद्रे पोलीस ठाणे जवळ, , हिल रोड, वांद्रे प  मुंबई 50, ","Opposite Shifa Medical,, Near Bandra Police Station, , Hill Road, Bandre P Mumbai 50,",19.0353849,72.8423036,"Mahim, Mumbai, Maharashtra, India"
1577,704.pdf,17/08/2025,22:00,18/08/2025,01:00," कोंबडी गल्ली, माहीम कजवे,, बांद्रा प, ","KOMBDI GALLI, MAHIM KAJVE,, BANDRA P,",19.0582672,72.8230848,"Old Kantwadi, Bandra West, Mumbai, Maharashtra 400050, India"
1578,707.pdf,12/08/2025,11:00,14/08/2025,23:00," Tee नं24/19/ अँडलेड , बंग्लो, न्यु कांतवाडी, पेरी , क्रस रोड, वांद्रे प मुंबई, ","Tee No. 24/19/ Andled, Bunglow, New Kantwadi, Peri, Cross Road, Bandre, Mumbai,",19.0579329,72.8361544,"Devansh Villa, Dr V Raghunath Marg, Bandra West, Mumbai, Maharashtra 400050, India"
1579,708.pdf,01/05/2025,00:00,19/08/2025,00:00," देवांष बिल्डींग व्हिला , रघुनाथ रोड , वांद्रे पष्चिम मुंबई 400050,   ","Devansh Building Villa, Raghunath Road, Bandra West Mumbai 400050,",19.1760919,72.87795729999999,"285, 36, General Arun Kumar Vaidya Marg, Santosh Nagar, Bandra West, Mumbai, Maharashtra 400065, India"
1580,705.pdf,18/08/2025,07:30,18/08/2025,10:30," रूम नं 285, ट्रान्झिंट कॅम्प, 36, जनरल अरूणकुमार वैदय मार्ग,, रिक्लेमेशन, ,वांद्रे पश्‍चिम, मुंबई 50   ","Room No 285, Transit Camp, 36, General Arun Kumar Vaidya Marg,, Reclamation, Bandra West, Mumbai 50",19.0529414,72.8348594,"Transist Camp, 17, Bazar Rd, Santosh Nagar, Bandra West, Mumbai, Maharashtra 400050, India"
1581,706.pdf,17/08/2025,22:00,17/08/2025,23:00," चाळ नं 49, रूम नं 392,, ट्रानिझिस कॅम्प, , लिलावती रूग्णालया जवळ,,बांद्रा पश्‍चिम मुंबई 50   ","Chal No 49, Room No 392,,Transis Camp,,Near Lilavati Hospital,,Bandra West Mumbai 50",19.0552006,72.8308311,"Hill Rd, Bandra West, Mumbai, Maharashtra 400050, India"
1582,703.pdf,16/08/2025,18:30,16/08/2025,18:30," शिफा मेडीकल समोर,, वांद्रे पोलीस ठाणे जवळ, , हिल रोड, वांद्रे प मुंबई 50, ","Opposite Shifa Medical,, Near Bandra Police Station, , Hill Road, Bandre P Mumbai 50,",19.061996,72.922763,"Cluster_mumbai Suburban_440, 1, Road No. 6, Govandi Slums, Govandi West, Phase II, Shivaji Nagar, Mumbai, Maharashtra 400043, India"
1583,709.pdf,19/08/2025,19:30,19/08/2025,19:45," अपना दवाखानासमोरील मोकळे मैदान, शास्त्रीनगर, , वांद्रे पश्‍चिम,  मुंबई , ","Open Ground Opposite Apna Hospital, Shastri Nagar, , Bandra West, Mumbai ,",19.05523,72.8320402,"50, Hill Rd, Ranwar, Bandra West, Mumbai, Maharashtra 400050, India"
1584,710.pdf,20/08/2025,19:30,20/08/2025,19:40," CURA नावाने केस कापड दुकान, , हिल रोड, वांद्रे, पश्‍चिम, मुंबई 50,  ","CURA Hair Cloth Shop, , Hill Road, Bandra, West, Mumbai 50,",19.0614152,72.8387058,"4th Floor, Kakad Bhavan, WESTERN RAILWAY STAFF COLONY, 30th Rd, opposite Gaiety Galaxy Cinema, Western Railway Staff Colony, Tata Blocks, Bandra West, Mumbai, Maharashtra 400050, India"
1585,713.pdf,01/02/2025,13:00,01/02/2025,13:00," गेटी गलक्‍्सी टाँकीजसमोर,, 30 वा रस्ता, वांद्रे पश्‍चिम मु,   ","Opposite Getty Galaxy Tanks,, 30th Road, Bandra West Mu,",18.9067031,72.8147123,"Colaba, Mumbai, Maharashtra, India"
1586,711.pdf,15/04/2025,13:00,15/04/2025,13:30," बीट क्र03, ससुन डाक, बिट चौकीपासून 100 मी च्या अंतर, कुलाबा मुंबई,   ","Beat No. 03, Sassoon Post, 100 m from Bit Chowki, Colaba Mumbai,",19.051016,72.8355244,"14, LK Mehta Marg, Reclamation, Bandra West, Mumbai, Maharashtra 400050, India"
1587,712.pdf,20/08/2025,19:00,20/08/2025,19:10," लालमिठ्ठी सार्वजनिक सुलभ , शौचालयाजवळ, वांद्रे , पश्‍चिम, मुंबई 50,   ","Lalmitthi Public Access, Near Toilet, Bandra, West, Mumbai 50,",19.0569733,72.8364726,"3R4P+QHQ, Swami Vivekanand Rd, Bandra West, Mumbai, Maharashtra 400050, India"
1588,714.pdf,21/08/2025,01:30,21/08/2025,03:30," जरीमरी माता मंदिर, , एस व्ही रोड, बांद्रा , मुंबई प 50,   ","Jarimari Mata Mandir, , SV Road, Bandra, Mumbai P 50,",19.185321,72.845215,"5RPW+43G, Jayanti Shukla Marg, near Jakeria Road, Malad, Navy Colony, Mamledarwadi, Malad West, Mumbai, Maharashtra 400064, India"
1589,715.pdf,21/08/2025,10:50,21/08/2025,10:50," जरीमरी मंदिर जवळ, , एस व्ही रोड, उत्तरवाहिनी,, वांद्रे प, मुंबई 50 , ","Near Jarimari Mandir, , SV Road, Uttarwahini,, Bandra P, Mumbai 50 ,",19.0566595,72.8241578,"40, Chimbai Rd, Chimbai Village, Bandra West, Mumbai, Maharashtra 400050, India"
1590,718.pdf,21/08/2025,18:00,21/08/2025,18:00," हनुमान मंदीराचे जवळ,, चिंबई रोड ,, वांद्रे प मुंबई 50,   ","Near Hanuman Mandir,, Chimbai Road,, Bandra P Mumbai 50,",19.0510551,72.8282933,"81A, Chapel Rd, General Arunkumar Vaidya Nagar, Bandra West, Mumbai, Maharashtra 400050, India"
1591,716.pdf,21/08/2025,05:45,21/08/2025,05:45," माउंट कार्मेल चर्चच्या, गेटसमोरील रस्ता, , वांद्रे पश्‍चिम, मुंबई 50,   ","MOUNT CARMEL CHURCH, OPPOSITE GATE ROAD, , BANDRA WEST, MUMBAI 50,",19.0574544,72.83364499999999,"3R4M+XFJ, Waterfield Road, Bandra West, Mumbai, Maharashtra 400050, India"
1592,717.pdf,20/08/2025,12:10,20/08/2025,13:20," भाभा हाँसिपटल प्रवेशव्दार,, वाँटरफिल्ड रोड,, वांद्रे पश्‍चिम,मुंबई 50,   ","Bhabha Hospital Entrance, Vanterfield Road, Bandra West, Mumbai 50,",18.9291187,72.83187149999999,"01, 127, Mahatma Gandhi Road, Kala Ghoda, Fort, Mumbai, Maharashtra 400001, India"
1593,719.pdf,16/08/2025,12:40,21/08/2025,00:00," रश्मीकांत, अँड पार्टन्स लिगल फर्मचे ऑफीस, 1/1, कल्पतरू हेरिटेज, 127 , एमजी रोड फोर्ट,मुंबई 01 व , वांद्रे प, मुंबई 50  ","Office of Rashmikant & Partons Legal Firm, 1/1, Kalpataru Heritage, 127, MG Road Fort, Mumbai 01 and , Bandra P, Mumbai 50",19.0524576,72.82198369999999,"50, BJ Road, Ranwar, Bandra West, Mumbai, Maharashtra 400050, India"
1594,720.pdf,21/08/2025,17:30,21/08/2025,17:30," सरकार हेरीटेज इमातीजवळ,, बी जे रोड, , वांद्रे पश्‍चिम, मुंबई50,   ","NEAR SARKAR HERITAGE EMATI,, B J ROAD, , BANDRA WEST, MUMBAI50,",19.0524014,72.8341946,"Sir Ali Yavar Jung Institute, Reclamation, Bandra West, 400050, India"
1595,721.pdf,21/08/2025,01:00,21/08/2025,06:00," 374,अली यावर जंग हस्पीटलजवळ,, लालमिट्टी वांद्रेप,मुंबई 50,   ","374, NEAR ALI YAWAR JUNG HOSPITAL, LALMITTI VANDREP, MUMBAI 50,",19.018226,72.8168362,"Koliwada, Worli, Mumbai, Maharashtra 400030, India"
1596,723.pdf,05/12/2024,10:00,13/02/2025,14:00," वरळी कोळीवाडा, वरळी,मुंबई   ","Worli Koliwada, Worli, Mumbai",19.0614152,72.8387058,"4th Floor, Kakad Bhavan, WESTERN RAILWAY STAFF COLONY, 30th Rd, opposite Gaiety Galaxy Cinema, Western Railway Staff Colony, Tata Blocks, Bandra West, Mumbai, Maharashtra 400050, India"
1597,724.pdf,01/02/2025,13:00,01/02/2025,13:00," गेटी गलक्‍्सी टाँकीजसमोर,, , 30 वा रस्ता, वांद्रे पश्‍चिम ,   ","Opposite Getty Galaxy Tanks,, 30th Road, Bandra West,",19.0566661,72.8377008,"Bandra Talao, Bandra West, Mumbai, Maharashtra 400050"
1598,722.pdf,20/08/2025,22:00,20/08/2025,22:00," बांद्रा तलाव, वांद्रे, पश्‍चिम, मुंबई 50,,   ","Bandra Lake, Bandra, West, Mumbai 50,,",19.0595596,72.8295287,"Bandra West, Mumbai, Maharashtra, India"
1599,725.pdf,20/08/2025,22:00,20/08/2025,22:00," रूम नं 14, राजुनगर,, वांद्रे पश्‍चिम, मुंबई 50,,   ","Room No 14, Rajunagar,, Bandra West, Mumbai 50,,",19.0524576,72.82198369999999,"50, BJ Road, Ranwar, Bandra West, Mumbai, Maharashtra 400050, India"
1600,726.pdf,22/08/2025,16:00,22/08/2025,16:10," मन्नत बंगल्याजवळ, बीजे रोड, , बांद्रा पश्‍चिम, मुंबई 50,   ","Near Mannat Bungalow, BJ Road, , Bandra West, Mumbai 50,",19.0595596,72.8295287,"Bandra West, Mumbai, Maharashtra, India"
1601,728.pdf,22/08/2025,23:00,23/08/2025,01:00," कोंबडी गल्ली,, बांद्रा पश्‍चिम, मुंबई 50 , ","KOMBDI GALLI,, BANDRA WEST, MUMBAI 50 ,",19.0575182,72.8387509,"Comet Building, Telco, Gurunanak Rd, opp. Bandra, Patkar Blocks, Bandra West, Mumbai, Maharashtra 400050, India"
1602,729.pdf,23/08/2025,00:10,23/08/2025,00:10," काँमेट बिल्डींग , , गुरुनानक रोड,बांद्रा तलाव ,, वांद्रे प, मुंबई 50 ,   ","COMMET BUILDING, , GURUNANAK ROAD, BANDRA TALO,, BANDRA P, MUMBAI 50 ,",19.0563173,72.8386502,"Nutan Nagar Society, Bandra West, Mumbai, Maharashtra 400050, India"
1603,727.pdf,22/08/2025,04:45,22/08/2025,04:45," शाँप नं 12, नुतन नगर सोसायटी, , एम के चेंबर्स समोर, , बांद्रा पश्‍चिम, मुंबई 50,   ","Shop No 12, Nutan Nagar Society, , Opposite MK Chambers, , Bandra West, Mumbai 50,",19.139536,72.9238392,"Kombadi Galli, Farid Nagar, Bhandup West, Mumbai, Maharashtra 400078, India"
1604,730.pdf,22/08/2025,23:00,23/08/2025,03:00," कोंबडी गल्ली, यु ब्रिजच्याखाली, माहीम काँजवेजवळ,, बांद्रा पश्‍चिम मुंबई 50,  ","KOMBDI GALLI, UNDER U BRIDGE, NEAR MAHIM KANJWAY,, BANDRA WEST MUMBAI 50,",19.0597177,72.8273571,"Perry Rd, Bandra West, Mumbai, Maharashtra 400050, India"
1605,731.pdf,23/08/2025,10:00,23/08/2025,10:00," पेरी wre रोड, बांद्रा, पश्‍चिम मुंबई 50 ","Perry Wre Road, Bandra, West Mumbai 50",19.0595596,72.8295287,"Bandra West, Mumbai, Maharashtra, India"
1606,732.pdf,23/08/2025,18:00,23/08/2025,18:10," 44, शास्त्रीनगर , वांद्रे पश्‍चिम, ,मुंबई 50,   ","44, Shastri Nagar, Bandra West, Mumbai 50,",19.1571054,72.8337844,"5R4M+RGV, Sejal Park, Bhagat Singh II, Goregaon West, Mumbai, Maharashtra 400104, India"
1607,733.pdf,24/08/2025,01:50,24/08/2025,02:00," बडी मश्जिद समोर, एसव्ही रोड, , वांद्रे प, मुंबई , ","Opposite Badi Masjid, SV Road, , Bandra P, Mumbai ,",19.0576959,72.8341509,"3R5M+3MC, Waterfield Road, opposite Bhaba Hospital, Bandra West, Mumbai, Maharashtra 400050, India"
1608,735.pdf,31/01/2025,10:00,01/02/2025,12:00," वांद्रे पोलीस वसाहत,, भाभा हाँस्पीटलजवळ वांद्रे पश,   ","Bandra Police Colony, Near Bhabha Hospital Bandra Pasha,",19.018226,72.8168362,"Koliwada, Worli, Mumbai, Maharashtra 400030, India"
1609,737.pdf,05/12/2024,10:00,13/02/2025,14:00," वरळी कोळीवाडा, वरळी,मुंबई   ","Worli Koliwada, Worli, Mumbai",19.0515721,72.83463139999999,"Reclamation, Bandra West, Mumbai, Maharashtra, India"
1610,734.pdf,23/08/2025,23:00,24/08/2025,03:00," कोंबडी गल्ली, रिक्‍्लेमेशन ब्रिज, वांद्रे पश्‍चिम, मुंबई 50 ,  ","Kombadi Galli, Reclamation Bridge, Bandra West, Mumbai 50,",19.0112357,72.8259619,"2R6G+F9W, Raja Bhau Desai Marg, Kamgar Nagar, Prabhadevi, Mumbai, Maharashtra 400025, India"
1611,736.pdf,08/01/2025,11:00,08/01/2025,15:00," राजाभाऊ देसाई मार्ग वरील , मच्छीमार्केट बाजारात , खाडा, प्रभादेवी , ,मुंबई 25   ","Above Rajabhau Desai Marg, Fish Market Bazar, Khada, Prabhadevi, Mumbai 25",19.0524576,72.82198369999999,"50, BJ Road, Ranwar, Bandra West, Mumbai, Maharashtra 400050, India"
1612,738.pdf,24/08/2025,02:00,24/08/2025,02:10," बँण्डस्टँण्ड , बि जे रोड, , वांद्रे पश्‍चिम ,मुंबई 50 ,   ","Bandstand, BJ Road, Bandra West, Mumbai 50,",19.0605375,72.83448290000001,"G0001/B, Krystal Building 206, Below Hakkasan, Waterfield Road, Bandra West, Mumbai, Maharashtra 400050, India"
1613,739.pdf,20/08/2025,02:30,20/08/2025,02:30," गेम पँलिसीओ,क्रिस्टल बिल्डींग,, वाँटर फिल्ड रोड,, वांद्रे पश्‍चिम, मुंबई ,   ","Game Palicio,Crystal Building,,Wanterfield Road,,Bandra West, Mumbai,",,,
1614,740.pdf,24/08/2025,19:00,24/08/2025,19:00," मन्नत बंगल्याचे समोर असणा-या ब, स्टाँपवरून बस क्रमांक 211 , पकडुन घरी परत जात असताना,   ","While going back home by catching bus number 211 from stop B which is in front of Mannat bungalow,",,,
1615,741.pdf,24/08/2025,19:00,24/08/2025,19:00," मन्नत बंगल्याचे समोर असणा-या , बस स्टाँपवरून बस क्रमांक 211, पकडुन घरी परत जात असताना,   ",While going back home by catching bus number 211 from the bus stand in front of Mannat bungalow.,19.0569733,72.8364726,"3R4P+QHQ, Swami Vivekanand Rd, Bandra West, Mumbai, Maharashtra 400050, India"
1616,742.pdf,25/08/2025,01:30,25/08/2025,01:30," एस व्ही रोड, जरी मरी माता मंदीर ,समोर, वांद्रे प, मुंबई 50   ","SV Road, Jari Mari Mata Temple, Opposite, Bandra P, Mumbai 50",19.0353849,72.8423036,"Mahim, Mumbai, Maharashtra, India"
1617,743.pdf,24/08/2025,23:00,24/08/2025,23:00," कोंबडी गल्ली ,माहिम काँजवे, ब्रिजखाली, वांद्रे पश्‍चिम, मुं,   ","Kombadi Galli, Mahim Kanjway, Under Bridge, Bandra West, Mun.",19.0353849,72.8423036,"Mahim, Mumbai, Maharashtra, India"
1618,744.pdf,24/08/2025,23:00,24/08/2025,23:00," कोंबडी गल्ली ,माहिम काँजवे , ब्रिजखाली, वांद्रे पश्‍चिम, मुं,   ","KOMBDI GALLI, MAHIM KANJWAY, UNDER BRIDGE, BANDRA WEST, MU.",19.0595596,72.8295287,"Bandra West, Mumbai, Maharashtra, India"
1619,745.pdf,25/08/2025,00:40,25/08/2025,00:40," सेंट अँल्रेसिस रोड,, , बांद्रा पश्‍चिम, मुंबई 50,   ","St.Anlresis Road,, , Bandra West, Mumbai 50,",19.0595596,72.8295287,"Bandra West, Mumbai, Maharashtra, India"
1620,746.pdf,01/02/2025,14:30,01/02/2025,14:30," यु ब्रीज खाली, वांद्रे प, म, ","Under U Bridge, Bandra W, M,",19.0491441,72.8276867,"KC Marg, Bandra West, Mumbai, Maharashtra 400050, India"
1621,748.pdf,25/08/2025,15:10,25/08/2025,15:10," के सी रोड, , वांद्रे पश्‍चिम, मुबई,   ","KC Road, , Bandra West, Mumbai,",19.0644038,72.8512329,"Government Colony Bandra, Near Kherwadi, Police Station, Shri Hari Mandir Marg, Kala Nagar, Bandra East, Mumbai, Maharashtra 400051, India"
1622,747.pdf,24/08/2025,01:00,24/08/2025,06:00," 902, अलीअवरजंग हस्पीटलच्या समोर, , लालमटीट्टी, वांद्रे प मुंबई ,   ","902, OPPOSITE ALIAWARJUNG HOSPITAL, , LALAMTITTI, BANDRA P MUMBAI ,",18.957479,72.8349645,"Sardar Vallabhbhai patel road, Bunder Building, and, opposite khoja kabrastan, beside DFC chinese, Mandvi, Mumbai, Maharashtra 400009, India"
1623,749.pdf,02/04/2025,12:00,02/04/2025,12:15," पीडीमेलो रोड, एस व्ही पी रोड , मुंबई 09,   ","PDMello Road, SVP Road, Mumbai 09,",19.0535573,72.8367742,"50, Bazar Rd, Madam Wadi, Santosh Nagar, Bandra West, Mumbai, Maharashtra 400050, India"
1624,750.pdf,25/08/2025,17:10,25/08/2025,17:20," जैन मंदीरशेजारी, बाजार रोड,, बांद्रा पश्‍चिम, मुंबई 50 ,   ","NEAR JAIN TEMPLE, BAZAR ROAD,, BANDRA WEST, MUMBAI 50 ,",19.0595596,72.8295287,"Bandra West, Mumbai, Maharashtra, India"
1625,751.pdf,25/08/2025,17:30,25/08/2025,17:40," मन्नत बंगल्या समोर doses, वांद्रे पश्‍चिम,मुंबई 50 ,   ","Doses Opposite Mannat Bungalow, Bandra West, Mumbai 50,",19.0593105,72.82191139999999,"50, Carter Rd, Bandra West, Mumbai, Maharashtra 400050, India"
1626,754.pdf,25/08/2025,11:00,25/08/2025,11:50," पटद्मविभ्रुषण उस्ताद गुलाम, मुस्ताफा खान चौक ,कार्टर रोड,, वान्द्रे पश्‍चिम मुंबई 50, ","Patdamvibhrushan Ustad Ghulam, Mustafa Khan Chowk, Carter Road, Bandre West Mumbai 50,",19.0599727,72.8222188,"Carter Rd, Bandra West, Mumbai, Maharashtra 400050, India"
1627,753.pdf,25/08/2025,15:00,25/08/2025,19:00," कार्टर रोड, बांद्रा प, मुंबई, ","Carter Road, Bandra P, Mumbai,",19.0539656,72.8326935,"Bazar Rd, Bandra West, Mumbai, Maharashtra 400050, India"
1628,752.pdf,25/08/2025,17:15,25/08/2025,17:20," जैन मंदिराच्या जवळ,, बाजार रोड, वांद्रे प मुंबई,   ","NEAR JAIN TEMPLE,, BAZAAR ROAD, BANDRA P MUMBAI,",19.0549796,72.8282414,"3rd floor, C'est, La Vie building, Hill Rd, Bandra West, Mumbai, Maharashtra 400050, India"
1629,755.pdf,26/08/2025,00:20,26/08/2025,00:30," फहाम रेस्टॉरंट, 3 रा माळा, , क्रीस्ट व्हिला, हिल रोड, , वांद्रे प, मुंबई 50 ,   ","Faham Restaurant, 3rd Mala, , Christ Villa, Hill Road, , Bandra P, Mumbai 50 ,",19.0574294,72.8388779,"18/1, Turner Rd, Patkar Blocks, Bandra West, Mumbai, Maharashtra 400050, India"
1630,756.pdf,26/08/2025,15:30,26/08/2025,15:30," शिव वडापाव दुकानाजवळ,, गुरूनानक रोड, वांद्रे तलावा, शेजारी, वांद्रे प मुंबई 50,   ","Near Shiv Vada Pav Shop,, Guru Nanak Road, Bandre Talawa, Neighbor, Bandre P Mumbai 50,",19.0538452,72.824871,"Bayview Apartment, 94, Hill Rd, Old Rajaram Wadi, Ranwar, Bandra West, Mumbai, Maharashtra 400050, India"
1631,757.pdf,01/02/2025,14:00,01/02/2025,14:00," 801, बे व्हिव, 94, हिल रोड, वांद्रे प मुबंई 50, ","801, Bay Vive, 94, Hill Road, Bandra P Mumbai 50,",19.05234,72.8376024,"3R2Q+W2Q, Bazar Rd, Santosh Nagar, Bandra West, Mumbai, Maharashtra 400050, India"
1632,758.pdf,26/08/2025,16:30,26/08/2025,16:30," अंजुमन हायस्कुलच्या समोर,, बाजार रोड, वांद्रे पश्‍चिम, , मुंबई,   ","Opposite Anjuman High School,, Bazar Road, Bandra West, , Mumbai,",19.05234,72.8376024,"3R2Q+W2Q, Bazar Rd, Santosh Nagar, Bandra West, Mumbai, Maharashtra 400050, India"
1633,759.pdf,26/08/2025,16:30,26/08/2025,16:30," अंजुमन हायस्कुलच्या समोर,, बाजार रोड, वांद्रे पश्‍चिम, , मुंबई,   ","Opposite Anjuman High School,, Bazar Road, Bandra West, , Mumbai,",19.051016,72.8355244,"14, LK Mehta Marg, Reclamation, Bandra West, Mumbai, Maharashtra 400050, India"
1634,760.pdf,26/08/2025,17:10,26/08/2025,17:10," सार्वजनिक सुलभ शोचालयासमोर,, केसी मार्ग, लालमिटटी , झोपडपटटी, बांद्रा पश्‍चिम, ,मुंबई 50   ","Opposite Public Access Showchala, KC Marg, Lalmitti, Slum, Bandra West, Mumbai 50",19.060927,72.8465307,"Bandra East, Mumbai, Maharashtra, India"
1635,762.pdf,26/08/2025,17:30,26/08/2025,17:30," मन्नत बंगला समोर, बिजे रोड, Ws स्टण्ड,, वांद्रे प मुंबई 50,   ","Opposite Mannat Bungalow, Bije Road, Ws St., Bandre P Mumbai 50,",19.017153,72.8411028,"43, Senapati Bapat Marg, Priyadarshini Society, Dadar, Mumbai, Maharashtra 400028, India"
1636,761.pdf,10/03/2025,18:10,10/03/2025,18:20," 43 समोर, सेनापती बापट रोड, मारवाडी चाळ, दादर पश्‍चिम, मुंबई,  ","Opposite 43, Senapati Bapat Road, Marwari Chal, Dadar West, Mumbai,",19.0320186,72.8976994,"Shastri Nagar, Chembur, Mumbai, Maharashtra 400074, India"
1637,763.pdf,26/08/2025,15:02,26/08/2025,15:10," अपना दवाखाना समोरील मोकळे, मैदान,शास्त्री नगर , वांद्रेप,मुंबई 50, ","Opposite Apna Clinic Mokale, Maidan, Shastri Nagar, Wandrep, Mumbai 50,",19.051016,72.8355244,"14, LK Mehta Marg, Reclamation, Bandra West, Mumbai, Maharashtra 400050, India"
1638,764.pdf,26/08/2025,01:00,26/08/2025,03:00," लाल मिठुठी वांद्रे, पश्‍चिम मुंबई 50 परीसरात,   ","LAL MITHUTHI BANDRA, WEST MUMBAI IN 50 PREMISES,",19.0579855,72.83304,"Nirvana, La Roche, 909, 4th Rd, opposite K B Bhabha Muncipal General Hospital, Behram Abad, Bandra West, Mumbai, Maharashtra 400050, India"
1639,766.pdf,14/08/2025,00:00,14/08/2025,00:00," रूम नं 602,निरवाना,4 था रस्ता, टी पी एस 4, वांद्रे पश्‍चिम, मुंबई  400050,   ","Room No 602, Nirvana, 4th Road, TPS 4, Bandra West, Mumbai 400050,",19.060874,72.8300383,"Two Rose, Bandra West, Mumbai, Maharashtra 400050, India"
1640,765.pdf,25/08/2025,15:30,25/08/2025,15:30," ए-1301, टु रोज बिल्डिंग, , 5 ure रोड, एच एस बीसी बँकेसमोर, ,वांद्रे पष्चिम, मुंबई 50   ","A-1301, Two Rose Building, 5ure Road, Opp HSBC Bank, Bandra West, Mumbai 50",19.0548399,72.84069029999999,"Bandra, Bairam Naupada, Bandra East, Mumbai, Maharashtra 400050, India"
1641,767.pdf,27/08/2025,18:15,27/08/2025,18:15," बेस्ट बसने बँन्डस्टॅन्ड, ते वांद्रे रेल्वे स्टेशन , ,बांद्रे पश्‍चिम मुंबई 50,   ","Bandstand to Bandra Railway Station by Best Bus, Bandra West Mumbai 50,",19.0418807,72.85782499999999,"Transit Camp, Rajiv Gandhi Nagar, Dharavi, Mumbai, Maharashtra 400017, India"
1642,768.pdf,01/02/2025,22:00,01/02/2025,22:00," लियाकत गॅरेज समोर, , ट्रान्झीट कॅम्प,, वाद्रे पश्‍चिम मुंबई - 50 ,   ","Opposite Liaquat Garage, Transit Camp, Vadre West Mumbai - 50,",19.054739,72.83080799999999,"2, St Peters Rd, Ranwar, Bandra West, Mumbai, Maharashtra 400050, India"
1643,769.pdf,28/08/2025,01:45,28/08/2025,01:45," सेकंड अफेअर कफे, दुसरा माळा,, प्लाँट 2ए, सेंट पिटर रोड,, हिल रोड, वांद्रे प, मुंबई 50,   ","Second Affair Cafe, 2nd Floor,, Plant 2A, St. Peter Road,, Hill Road, Bandra P, Mumbai 50,",19.0572015,72.8240559,"Chimbai Rd, Bandra West, Mumbai, Maharashtra 400050, India"
1644,770.pdf,28/08/2025,02:00,28/08/2025,06:00," चिंबई परिसर वांद्रे प मुंबई 50,   ","CHIMBAI COMPLEX BANDRA P MUMBAI 50,",19.0546563,72.8380469,"Jain chambers, Bandra West, Mumbai, Maharashtra 400050, India"
1645,772.pdf,29/08/2025,06:30,29/08/2025,06:30," जैन चेंबर, वांद्रे तलावाजवळ,, एसव्हि रोड, वांद्रे प मुंबई,   ","Jain Chamber, Near Bandra Lake,, SV Road, Bandre P Mumbai,",18.923955,72.832019,"Dr. Shyamaprasad Mukherjee Chowk(Museum), Apollo Bandar, Colaba, Mumbai, Maharashtra 400001, India"
1646,773.pdf,16/04/2025,10:45,16/04/2025,11:00," बस क्र103, सी एस एम टी बस स्टप ते, शामाप्रसाद मुखर्जी बस स्टप दर, मुंबई 400005,   ","Bus No.103, CSMT Bus Stop To, Shamaprasad Mukherjee Bus Stop Dar, Mumbai 400005,",19.0538911,72.83764910000001,"Bld no-9, Bandra Junction of S.V. Road, &, Hill Rd, Madam Wadi, Santosh Nagar, Bandra West, Mumbai, Maharashtra 400050, India"
1647,771.pdf,29/08/2025,10:00,29/08/2025,11:30," लकी हॉँटेलपर्यंत, हिल रोड, वांद्रे प, मुंबई,   ","To Lucky Hotel, Hill Road, Bandra P, Mumbai,",19.0592631,72.8308,"Shiva Apartments, Bandra West, Mumbai, Maharashtra 400050, India"
1648,774.pdf,03/08/2025,08:30,04/08/2025,02:30," बी/22, 03, गफुर महल,पहिला माळा, अझा , मागे, शिवा अपार्टमेंट समोर , टीपीएस 4, टर्नर रोड वांद्रे प ,   ","B/22, 03, Gafur Mahal, 1st Floor, Aza, Back, Opposite Shiva Apartment, TPS 4, Turner Road Bandra P,",19.139536,72.9238392,"Kombadi Galli, Farid Nagar, Bhandup West, Mumbai, Maharashtra 400078, India"
1649,775.pdf,29/08/2025,22:00,30/08/2025,01:00," माहीम कडुन बांद्रे वरळी Aci, कडे जाणारी रस्ता कोंबडी गल्ली , वांद्रे प मुंबई,  ","Road from Mahim to Bandra Worli Aci, Kombadi Galli, Bandra P Mumbai,",19.0510479,72.8385002,"50, Swami Vivekanand Rd, Near Jama Masjid, C Block BKC, Qurese Nagar, Bandra West, Mumbai, Maharashtra 400050, India"
1650,776.pdf,30/08/2025,10:30,30/08/2025,10:30," स्वामी वासवाणी चौक,, एस व्ही रोड, , बांद्रा पश्‍चिम, मुंबई 50,  1 ","Swami Vaswani Chowk, SV Road, Bandra West, Mumbai 50, 1",19.0595596,72.8295287,"Bandra West, Mumbai, Maharashtra, India"
1651,779.pdf,05/01/2025,21:00,05/01/2025,21:00," काँजवे ब्रिजखात्री, , वांद्रे पश्‍चिम, मुंबई 50 , ","Kanjway Brijkhatri, , Bandra West, Mumbai 50 ,",19.0455254,72.8247111,"Kadeshwari Mandir Rd, Mount Mary, Bandra West, Mumbai, Maharashtra 400050, India"
1652,778.pdf,30/08/2025,21:15,30/08/2025,21:15," वरळी जेट्टि, कडेश्वरी मंदिर , मागे, वरळी सागरी चैकी जवळ,, वांद्रे प मुंबई 50,  ","Worli Jetty, Kadeshwari Mandir , Behind, Near Worli Sagari Chaiki,, Bandra P Mumbai 50,",19.0518481,72.8384884,"Qureshi nagar, Swami Vivekanand Rd, near jama masjid, C Block BKC, Bandra West, Mumbai, Maharashtra 400050, India"
1653,777.pdf,01/04/2025,00:00,30/08/2025,00:00," रूम नं 155, दर्गा गल्ली, , जामा मस्दिच्या पाठीमागे,, वांद्रे पश्‍चिम,मुंबई 50 , ","Room No 155, Dargah Galli, , Behind Jama Masjid,, Bandra West, Mumbai 50,",19.0515721,72.83463139999999,"Reclamation, Bandra West, Mumbai, Maharashtra, India"
1654,780.pdf,01/02/2025,21:00,01/02/2025,21:00," कोंबडी गल्ली, , वांद्रे रिकक्‍लेमेशन,, वांद्रे पश्‍चिम, मुंबई 50 , ","KOMBDI GALLI, , BANDRA RECLAMATION,, BANDRA WEST, MUMBAI 50 ,",19.0353849,72.8423036,"Mahim, Mumbai, Maharashtra, India"
1655,781.pdf,30/08/2025,23:00,31/08/2025,02:00," कोंबडी गल्ली, यु ब्रिजच्याखाली, माहीम कजवजवळ, बांद्रा प,  ","Kombadi Galli, Under U Bridge, Near Mahim Kajaw, Bandra P,",19.0568322,72.8391441,"Gurunanak Rd, opp. Bandra Talao, Patkar Blocks, Bandra West, Mumbai, Maharashtra 400050, India"
1656,782.pdf,30/08/2025,23:30,31/08/2025,10:00," एम के चेंबर जवळ, गुरूनानक रोड, वांद्रे तलाव जवळ, वांद्रे , पश्‍चिम, मुंबई , a   ","Near MK Chamber, Guru Nanak Road, Near Bandra Lake, Bandra, West, Mumbai, a",19.0568322,72.8391441,"Gurunanak Rd, opp. Bandra Talao, Patkar Blocks, Bandra West, Mumbai, Maharashtra 400050, India"
1657,783.pdf,30/08/2025,23:30,31/08/2025,10:00," एम के चेंबर जवळ, गुरूनानक रोड, वांद्रे तलाव जवळ, वांद्रे , पश्‍चिम, मुंबई , a   ","Near MK Chamber, Guru Nanak Road, Near Bandra Lake, Bandra, West, Mumbai, a",19.0482143,72.8202909,"BJ Road, Bandra West, Mumbai, Maharashtra 400050, India"
1658,784.pdf,31/08/2025,18:30,31/08/2025,18:30," मन्नत बंगल्यासमोरील , बेस्ट बस स्टाँप,बि जे रोड,, aig पश्‍चिम,मुंबई 50 ,   ","Opposite Mannat Bungalow, Best Bus Stop, B J Road,, Aig West, Mumbai 50,",19.0595596,72.8295287,"Bandra West, Mumbai, Maharashtra, India"
1659,785.pdf,31/08/2025,22:30,31/08/2025,22:30," माहिम खाडीकडे जाणारे वळणासमोर,, वेस्टर्न एक्सप्रेस वे, , बांद्रा प, मुंबई,  ","Opposite Mahim Bay Bend, Western Expressway, , Bandra P, Mumbai,",19.0235976,72.8378125,"Dadar West, Mumbai, Maharashtra, India"
1660,786.pdf,11/03/2025,12:30,11/03/2025,12:45," आदर्श नगर, वरळी स्पोर्टस क्लबजवळ, दादर पश्‍चिम, मुंबई,मुंबई   ","Adarsh ​​Nagar, Near Worli Sports Club, Dadar West, Mumbai, Mumbai",19.0595596,72.8295287,"Bandra West, Mumbai, Maharashtra, India"
1661,787.pdf,31/08/2025,22:30,31/08/2025,22:30," माहिम खाडीकडे जाणारे वळणासमोर,, वेस्टर्न एक्सप्रेस वे, , बांद्रा प, मुंबई,  ","Opposite Mahim Bay Bend, Western Expressway, , Bandra P, Mumbai,",19.0546378,72.8263111,"89 B, Hill Rd, near Holy Family Hospital, Ranwar, Bandra West, Mumbai, Maharashtra 400050, India"
1662,788.pdf,01/09/2025,22:00,02/09/2025,04:00," 89/अ,, ए-वन बेकरी जवळ,, हिल रोड,, वांद्रे प मुंबई ,   ","89/A, NEAR A-ONE BAKERY,, HILL ROAD,, BANDRA P MUMBAI,",19.0546378,72.8263111,"89 B, Hill Rd, near Holy Family Hospital, Ranwar, Bandra West, Mumbai, Maharashtra 400050, India"
1663,789.pdf,01/09/2025,22:00,02/09/2025,04:00," 89/अ,, ए-वन बेकरी जवळ,, हिल रोड,, वांद्रे प मुंबई ,   ","89/A, NEAR A-ONE BAKERY,, HILL ROAD,, BANDRA P MUMBAI,",19.0511024,72.83596109999999,"Nargis Dutt Nagar, Reclamation, Bandra West, Mumbai, Maharashtra 400050, India"
1664,790.pdf,02/09/2025,01:00,02/09/2025,05:00," रुम नं604, , नर्गीस दत्त नगर, लालमीट्टी,, वांद्रे प मुंबई ,   ","Room No.604, Nargis Dutt Nagar, Lalmitty, Bandra, Mumbai.",19.0511024,72.83596109999999,"Nargis Dutt Nagar, Reclamation, Bandra West, Mumbai, Maharashtra 400050, India"
1665,792.pdf,02/09/2025,01:00,02/09/2025,05:00," रुम नं604, , नर्गीस दत्त नगर, लालमीट्टी,, वांद्रे प मुंबई ,   ","Room No.604, Nargis Dutt Nagar, Lalmitty, Bandra, Mumbai.",19.0772858,72.8674286,"3VG8+WX7, Church Rd, Kolivery Village, Kunchi Kurve Nagar, Kalina, Santacruz East, Mumbai, Maharashtra 400029, India"
1666,791.pdf,01/02/2025,23:30,01/02/2025,23:30," शास्त्रीनगर,, बी एम सी मैदान,, वांद्रे पश्‍चिम, मुंबई 50 ,   ","Shastrinagar,, BMC Maidan,, Bandra West, Mumbai 50 ,",19.0585984,72.82312189999999,"37, Perry Cross Rd, Bandra West, Mumbai, Maharashtra 400050, India"
1667,793.pdf,22/08/2025,21:50,22/08/2025,21:50," अल महमूद बिल्डिंग व , कस्केड अपार्टमेंट, पेरी क्रॉस रोड, ae पश्‍चिम मुंबई   ","Al Mahmood Building & , Cascade Apartments, Perry Cross Road, Ae West Mumbai",19.0585984,72.82312189999999,"37, Perry Cross Rd, Bandra West, Mumbai, Maharashtra 400050, India"
1668,794.pdf,22/08/2025,21:50,22/08/2025,21:50," अल महमूद बिल्डिंग व , कस्केड अपार्टमेंट, पेरी क्रॉस रोड, ae पश्‍चिम मुंबई   ","Al Mahmood Building & , Cascade Apartments, Perry Cross Road, Ae West Mumbai",19.0585984,72.82312189999999,"37, Perry Cross Rd, Bandra West, Mumbai, Maharashtra 400050, India"
1669,795.pdf,22/08/2025,21:50,22/08/2025,21:50," अल महमूद बिल्डिंग व , कस्केड अपार्टमेंट, पेरी क्रॉस रोड, ae पश्‍चिम मुंबई   ","Al Mahmood Building & , Cascade Apartments, Perry Cross Road, Ae West Mumbai",19.0595596,72.8295287,"Bandra West, Mumbai, Maharashtra, India"
1670,796.pdf,02/09/2025,16:30,02/09/2025,16:30," न्युकांतवाडी परिसर ,, बांद्रा पश्‍चिम, मुंबई 50 ,   ","Nyukantwadi Area,, Bandra West, Mumbai 50 ,",18.918529,72.82897659999999,"10, Shahid Bhagat Singh Rd, Azad Nagar, Colaba, Mumbai, Maharashtra 400005, India"
1671,798.pdf,13/04/2025,09:30,14/04/2025,09:00," 10, शहीद भगतसिंग रोड, मयुर पैंट हार्डवर्क, , कुलाबा, मुंबई ,   ","10, Shaheed Bhagat Singh Road, Mayur Pants Hardwork, , Colaba, Mumbai ,",19.0595596,72.8295287,"Bandra West, Mumbai, Maharashtra, India"
1672,797.pdf,02/09/2025,16:30,02/09/2025,16:30," न्युकांतवाडी परिसर ,, बांद्रा पश्‍चिम, मुंबई 50 ,   ","Nyukantwadi Area,, Bandra West, Mumbai 50 ,",19.0535573,72.8367742,"50, Bazar Rd, Madam Wadi, Santosh Nagar, Bandra West, Mumbai, Maharashtra 400050, India"
1673,799.pdf,02/09/2025,23:30,02/09/2025,23:30," मदिना मंझिल, चैथा माळा,, बाजार रोड,, वांद्रे पश्‍चिम, मुंबई 50, ","Madina Floor, Chaitha Mala,, Bazaar Road,, Bandre West, Mumbai 50,",19.0595596,72.8295287,"Bandra West, Mumbai, Maharashtra, India"
1674,800.pdf,03/09/2025,00:15,03/09/2025,00:30," झेंडा Vise, पश्‍चिम दुरतगती , मार्ग, दक्षिणवाहिनी, वांद्रे प, मुंबई 50, ","Zenda Vise, Paschim Duratgati, Marg, Dakshinvahini, Bandra West, Mumbai 50,",19.0595596,72.8295287,"Bandra West, Mumbai, Maharashtra, India"
1675,801.pdf,03/09/2025,00:15,03/09/2025,00:30," झेंडा Vise, पश्‍चिम दुरतगती , मार्ग, दक्षिणवाहिनी, वांद्रे प, मुंबई 50, ","Zenda Vise, Paschim Duratgati, Marg, Dakshinvahini, Bandra West, Mumbai 50,",19.0543881,72.8248109,"92-A, Hill Rd, opp. St. Andrews Church, Old Rajaram Wadi, Ranwar, Bandra West, Mumbai, Maharashtra 400050, India"
1676,802.pdf,01/02/2025,23:00,02/02/2025,01:00," खोजा फ्लोरिस्ट, , बांद्रा पश्‍चिम, मुंबई 50, ","Khoja Florist, , Bandra West, Mumbai 50,",19.185321,72.845215,"5RPW+43G, Jayanti Shukla Marg, near Jakeria Road, Malad, Navy Colony, Mamledarwadi, Malad West, Mumbai, Maharashtra 400064, India"
1677,803.pdf,04/09/2025,02:10,04/09/2025,02:10," जरी मरी मंदिर जवळ, , एस व्ही रोड,, वांद्रे पश्‍चिम मुंबई 50, ","Near Jari Mari Mandir, , SV Road,, Bandra West Mumbai 50,",19.0510539,72.8388575,"3R2Q+CGH, C Block BKC, Bandra West, Mumbai, Maharashtra 400050, India"
1678,805.pdf,03/09/2025,22:45,03/09/2025,22:45," कुरेशी नगर,, बांद्रा पश्‍चिम मुंबई 50,   ","Qureshi Nagar, Bandra West Mumbai 50,",18.9177951,72.8274752,"Sukh Nivas, CHS LTD, B/1, 3rd Pasta Ln, Badhwar Park, Apollo Bandar, Colaba, Mumbai, Maharashtra 400005, India"
1679,809.pdf,02/06/2025,19:10,02/06/2025,19:15," बस क्रं ए-87 बसस्टाँप जवळ, पास्ता लेन 01 बसस्टाँप , कुलाबा मुंबई,   ","Bus No. A-87 Near Bus Stand, Pasta Lane 01 Bus Stand, Colaba Mumbai,",18.923955,72.832019,"Dr. Shyamaprasad Mukherjee Chowk(Museum), Apollo Bandar, Colaba, Mumbai, Maharashtra 400001, India"
1680,812.pdf,03/06/2025,18:35,03/06/2025,18:45," बक्र-123, डाँ. शामाप्रासाद मुखर्जी चौक, समोरील बस स्थानकावर , कुलाबा मुंबई,   ","Bakr-123, Dr. Shamaprasad Mukherjee Chowk, Opposite Bus Station, Colaba Mumbai,",18.9692903,72.846633,"5/22, Dockyard, Wadi Bandar, Colaba, Mumbai, Maharashtra 400010, India"
1681,811.pdf,03/06/2025,13:00,03/06/2025,14:30," कुलाबा काँजवे , आर्ट विव्ह, कुलाबा मुंबई 05,   ","Colaba Kanjway, Art Viv, Colaba Mumbai 05,",19.0095843,72.8326233,"Modern Mill Compound, Jagannath Bhatankar Marg, Parel Bus Depot, Dighe Nagar, Parel, Mumbai, Maharashtra 400025, India"
1682,810.pdf,11/03/2025,17:35,11/03/2025,17:40," QT नं21, मॉडर्न मिल कंम्पाऊंड, , सेंट्रल स्पोर्टस, , प्रभादेवी पश्‍चिम, मुंबई-25, ","QT No.21, Modern Mill Compound, , Central Sports, , Prabhadevi West, Mumbai-25,",19.185321,72.845215,"5RPW+43G, Jayanti Shukla Marg, near Jakeria Road, Malad, Navy Colony, Mamledarwadi, Malad West, Mumbai, Maharashtra 400064, India"
1683,804.pdf,04/09/2025,02:10,04/09/2025,02:10," जरी मरी मंदिर जवळ, , एस व्ही रोड,, वांद्रे पश्‍चिम मुंबई 50, ","Near Jari Mari Mandir, , SV Road,, Bandra West Mumbai 50,",19.0595596,72.8295287,"Bandra West, Mumbai, Maharashtra, India"
1684,808.pdf,30/07/2025,00:00,04/09/2025,00:00," फ्लँट नं 103, रोडोल अपार्टमेंट, 18, सेंट राँक्युज रोड,, बांद्रा पश्‍चिम मुंबई 50 ,  ","FLAT NO 103, RODOL APARTMENT, 18, ST RANQUE'S ROAD, BANDRA WEST MUMBAI 50,",19.0518481,72.8384884,"Qureshi nagar, Swami Vivekanand Rd, near jama masjid, C Block BKC, Bandra West, Mumbai, Maharashtra 400050, India"
1685,806.pdf,05/09/2025,10:00,05/09/2025,10:00," 95/65, , मोलाना बाबा जामा मस्जिद, , दर्गा गल्ली जवळ, एसव्हीरोड,, जवळ, वांद्रे पश्‍चिम, मुंबई -50,   ","95/65, , Molana Baba Jama Masjid, , Near Darga Galli, SV Road,, Near Bandra West, Mumbai-50,",19.0595596,72.8295287,"Bandra West, Mumbai, Maharashtra, India"
1686,807.pdf,30/07/2025,00:00,04/09/2025,00:00," फ्लँट नं 103, रोडोल अपार्टमेंट, 18, सेंट राँक्युज रोड,, बांद्रा पश्‍चिम मुंबई 50 ,  ","FLAT NO 103, RODOL APARTMENT, 18, ST RANQUE'S ROAD, BANDRA WEST MUMBAI 50,",18.9203918,72.8306384,"Electric House, Colaba Causeway, Apollo Bandar, Colaba, Mumbai, Maharashtra 400001, India"
1687,819.pdf,14/06/2025,11:15,14/06/2025,19:30," 33, इलेक्ट्रीक हाउसच्या जवळ,, खुश्रोबाग, , कुलाबा मुंबई,   ","33, NEAR ELECTRIC HOUSE,, KHUSHROBAGH, , COLABA MUMBAI,",19.0543881,72.8248109,"92-A, Hill Rd, opp. St. Andrews Church, Old Rajaram Wadi, Ranwar, Bandra West, Mumbai, Maharashtra 400050, India"
1688,813.pdf,01/02/2025,23:00,02/02/2025,01:00," खोजा फ्लोरिस्ट,, बांद्रा पश्‍चिम, मुंबई 50 , ","Khoja Florist,, Bandra West, Mumbai 50 ,",18.9067031,72.8147123,"Colaba, Mumbai, Maharashtra, India"
1689,816.pdf,20/03/2024,11:00,25/06/2024,17:00," बक ऑफ कलेक्शन , कुलाबा, मुंबई,   ","Buck of Collection, Colaba, Mumbai,",18.9163415,72.82886119999999,"Shree Sadan, Lala Nigam Rd, Apollo Bandar, Colaba, Mumbai, Maharashtra 400005, India"
1690,814.pdf,03/06/2025,11:45,04/06/2025,10:15," श्रीसदनबिल्डींगच्या खात्री पार्क, कुलाबा मुंबई,   ","Sree Sadan Building's Sanchi Park, Colaba Mumbai,",18.911441,72.8210417,"Colaba Causeway & Shahid Bhagat Singh Rd, Cuffe Parade, Mumbai, Maharashtra 400005, India"
1691,822.pdf,18/04/2025,17:00,18/04/2025,18:15," एसबीएस रोड, , कुलाबा काँजवे , कुलाबा, मुंबई ,   ","SBS Road, , Colaba Causeway, Colaba, Mumbai,",18.9529478,72.8201754,"Near Moroba Compound, Kele Wadi, XR3C+53F, Dr Bhaleroao Marg, Charni Road East, Mangal Wadi, Girgaon, Mumbai, Maharashtra 400004, India"
1692,815.pdf,05/06/2025,05:00,05/06/2025,05:30," मोर्या मंदीर,साईबाबा मंदिरसमोर, 03 रा माळा,अमर स्वस्तीक, कुलाबा मुंबई,  ","Morya Temple, Opposite Saibaba Temple, 03rd Mala, Amar Swastik, Colaba Mumbai,",18.9183837,72.8306794,"Kamal Mansion, AB Nair Road, near Radio Club Building, Apollo Bandar, Colaba, Mumbai, Maharashtra 400005, India"
1693,820.pdf,15/06/2025,01:00,15/06/2025,01:31," ए बी रोड, अपना फास्ट फुड सेंटर, कुलाबा मुंबई,   ","AB Road, Apna Fast Food Centre, Colaba Mumbai,",18.9114636,72.82267379999999,"Sagar Sangeet, Azad Nagar, Colaba, Mumbai, Maharashtra 400005, India"
1694,821.pdf,01/06/2025,19:00,03/06/2025,11:00," एस बी एस रोड,सागर संगीत कंपाउड, 06अँक्रोपोल्रीस,157,दुसरा माळा, कुलाबा पोस्ट ऑफिसच्या समोर,,   ","SBS Road, Sagar Sangeet Compound, 06 Ancropolris, 157, Dusara Mala, Opposite Colaba Post Office,,",18.9067031,72.8147123,"Colaba, Mumbai, Maharashtra, India"
1695,817.pdf,21/04/2025,20:45,22/04/2025,17:23," गार्डन हाऊस हॉटेल, कुलाबा, मुंबई,   ","Garden House Hotel, Colaba, Mumbai,",18.9115801,72.8210847,"408, Shahid Bhagat Singh Rd, Azad Nagar, Cuffe Parade, Mumbai, Maharashtra 400005, India"
1696,818.pdf,21/03/2025,09:00,24/03/2025,12:00," 408, शहीद भगतसिंग रोड, वुमेन ग्रजवेट हस्टेल, कुलाबा मुंबई,   ","408, Shaheed Bhagat Singh Road, Women's Graduate Hostel, Colaba Mumbai,",19.0353849,72.8423036,"Mahim, Mumbai, Maharashtra, India"
1697,824.pdf,02/02/2025,01:30,02/02/2025,01:30," कोंबडी गल्ली, माहीम काँजवे,, बांद्रा पश्‍चिम मुंबई 50, ","KOMBDI GALLI, MAHIM KANJAVE,, BANDRA WEST MUMBAI 50,",18.9275251,72.8334541,"Lion Gate, Fort, Mumbai, Maharashtra 400001, India"
1698,826.pdf,20/06/2025,23:00,20/06/2025,23:30," महासंचालक यांचे कार्यालयासमोर,, लायन गेटकडून- गेट वे च्यादिशेन, कुलाबा मुंबई,   ","Opposite Director General's Office, From Lion Gate - Gate Way Chidishen, Colaba Mumbai,",18.9190864,72.8294427,"Colaba Causeway Road, WR9H+JQP, Haji Miyaz Road, Apollo Bandar, Colaba, Mumbai, Maharashtra 400005, India"
1699,823.pdf,03/01/2025,12:00,10/03/2025,11:00," आपोलो मेडीकल, भिडभंजन मंदीर एस बी एस रोड, कुलाबा मुंबई,  ","Apollo Medical, Bhidbhanjan Mandir SBS Road, Colaba Mumbai,",18.9191866,72.8304536,"Garden Rd, Apollo Bandar, Colaba, Mumbai, Maharashtra 400001, India"
1700,825.pdf,01/01/2014,11:00,01/02/2019,06:15," रतन मनोर, गार्डन रोड, Foe नं 8, 4 था माळा,, कुलाबा, मुंबई,   ","Ratan Manor, Garden Road, Foe No 8, 4th Mala,, Colaba, Mumbai,",18.9402526,72.8347878,"Dr Dadabhai Naoroji Rd, Fort, Mumbai, Maharashtra 400001, India"
1701,830.pdf,24/06/2025,08:55,24/06/2025,09:15," डॉदादाभाई नौरोजी रोड बेसबसस्ट, छ शिम म्युझियम बस क्र 124, कुलाबा मुंबई,   ","Dodadabhai Naoroji Road Basebusst, Ch Shim Museum Bus No 124, Colaba Mumbai,",18.9067031,72.8147123,"Colaba, Mumbai, Maharashtra, India"
1702,829.pdf,25/06/2025,12:15,25/06/2025,12:32," आराको कफेच्या भिंतीलगत, मंडलीक रोड, कुलाबा ,   ","Beside Araco Cafe Wall, Mandalik Road, Colaba,",18.9223373,72.8311512,"WRCJ+WFJ, Mandlik Rd, Scindia Society, Police Colony, Apollo Bandar, Colaba, Mumbai, Maharashtra 400001, India"
1703,827.pdf,22/06/2025,04:00,22/06/2025,04:30," एसबीएस रोड, कुलाबा पोलीस ठाणे समोर , कुलाबा मुंबई, ","SBS Road, Opposite Colaba Police Station, Colaba Mumbai,",18.9234259,72.8314577,"10, Convent Rd, Scindia Society, Police Colony, Dr Ambedkar Statue Chowk Area, Colaba, Mumbai, Maharashtra 400001, India"
1704,828.pdf,01/11/2023,11:00,12/04/2024,11:30," 10, काँनव्हेंट रोड, राफिया मंझिल, , कुलाबा, 400 001 ,   ","10, Convent Road, Rafia Manzil, , Colaba, 400 001 ,",18.9103689,72.8197581,"Mumbai, Maharashtra 400005, India"
1705,831.pdf,04/04/2025,00:00,23/05/2025,11:30," कुलाबा मुंबई, 400005 , ","Colaba Mumbai, 400005,",18.911768,72.82021759999999,"Cluster_mumbai_31 Block-2, 01, near Back Bay Depot, Colaba, Mumbai, Maharashtra 400005, India"
1706,832.pdf,26/06/2025,07:00,26/06/2025,07:30," 535 रोड, सेलीजोर केक ais, कुलाबा मुंबई ,  1 ","535 Road, Selijor Kek ais, Colaba Mumbai , 1",18.918286,72.8292536,"Ground Floor, Strand House, 7, South, Apollo Bandar, Colaba, Mumbai, Maharashtra 400005, India"
1707,833.pdf,14/05/2025,15:00,14/05/2025,15:40," शिरिन मंजिल बिल्डींग, खालचा मजला, किशन गेस्ट हाउस, कुलाबा, मुंबई 400005,   ","Shirin Manzil Building, Ground Floor, Kishan Guest House, Colaba, Mumbai 400005,",19.0434614,72.82465739999999,"2RVF+9VM, Bandra Worli Sea Link Flyover, Mount Mary, Bandra West, Mumbai, Maharashtra 400050, India"
1708,835.pdf,02/02/2025,07:00,02/02/2025,07:00," सि लिंकचे टोल प्लाझाचे , पुलाचे खाली खात्री वर्सोवा बांद, सिं लिंकवांद्रे प मुं 50, ","Sea Link Toll Plaza, Under Bridge Versova Bandh, Sea Link Road 50,",19.01871,72.8183827,"Amar Prem Chowk, Koliwada, Worli, Mumbai, Maharashtra 400030, India"
1709,834.pdf,01/01/2017,11:00,03/12/2024,17:00," 03/122 एफ, अमरप्रेम चौक, केणी हाऊस, वरळी कोळीवाडा,मुंबई 30   ","03/122 F, Amarprem Chowk, Keni House, Worli Koliwada, Mumbai 30",19.0380334,72.8537589,"Dharavi, Mumbai, Maharashtra, India"
1710,838.pdf,18/05/2025,17:30,18/05/2025,18:00," टी जंक्शन कडुन , वाय जंक्शन कडील रस्त्यावर , धारावी,मुंबई 17,   ","From T Junction, Road from Y Junction, Dharavi, Mumbai 17,",19.0750285,72.876803,"Lal Bahadur Shastri Marg, Kurla, Mumbai, Maharashtra, India"
1711,837.pdf,18/05/2025,02:00,18/05/2025,02:00," एलबीएस मार्ग, सायन कुर्ला रोड, सागर हाँटेल समोर, , धारावी मुंबई-17,  ","LBS Marg, Sion Kurla Road, Opposite Sagar Hotel, , Dharavi Mumbai-17,",19.0380334,72.8537589,"Dharavi, Mumbai, Maharashtra, India"
1712,839.pdf,18/05/2025,17:30,18/05/2025,17:30," टी जंक्शन कडून, वाय जंक्शनकडे येणाऱ्या मार्गाव, धारावी , मुंबई ,  ","From T Junction, coming to Y Junction Margao, Dharavi, Mumbai,",19.0626726,72.88320329999999,"Trimarti Nivas, 124, SG Barve Marg, Nehru Nagar, Kurla, Mumbai, Maharashtra 400024, India"
1713,836.pdf,17/05/2025,10:30,17/05/2025,11:00," मनसे ऑफीस समोर , शिवसेना शाखा , गोपीनाथ काँलनी , धारावी , मुंबई,  ","Opposite MNS Office, Shiv Sena Branch, Gopinath Kalni, Dharavi, Mumbai,",19.0506601,72.8586004,"Dharavi Bus Depot, Dharavi Depot Rd, Kala Qila, Dharavi, Mumbai, Maharashtra 400017, India"
1714,840.pdf,18/05/2025,16:55,18/05/2025,17:00," धारावी बस डेपो समोर, राजीव गांधी नगर,, धारावी मुंबई,   ","Opposite Dharavi Bus Depot, Rajiv Gandhi Nagar, Dharavi Mumbai,",19.0455434,72.8614669,"2VW6+6H8 Sai Baba Mandir, Kela Bakhar Rd, Laxmi Baug, Dharavi, Mumbai, Maharashtra 400022, India"
1715,841.pdf,18/05/2025,18:00,18/05/2025,18:00," साईबाबा मंदीर एमजी रोड, धारावी मुंबई 17,   ","Saibaba Mandir MG Road, Dharavi Mumbai 17,",19.0380334,72.8537589,"Dharavi, Mumbai, Maharashtra, India"
1716,842.pdf,20/05/2025,15:30,20/05/2025,15:40," नुरहुदा मस्जीद जवळ, , धारावी मुंबई,   ","Near Nurhuda Masjid, , Dharavi Mumbai,",19.0612501,72.8831025,"MG Rd, Nehru Nagar, Kurla, Mumbai, Maharashtra 400024, India"
1717,843.pdf,20/05/2025,13:00,20/05/2025,13:30," एम जी रोड , नुरहुदा मस्जिद जवळ, धारावी मुंबई,   ","M G Road, Near Nurhuda Masjid, Dharavi Mumbai,",19.0506601,72.8586004,"Dharavi Bus Depot, Dharavi Depot Rd, Kala Qila, Dharavi, Mumbai, Maharashtra 400017, India"
1718,845.pdf,20/05/2025,00:45,20/05/2025,01:00," धारावी बस डेपो समोर , धारावी , मुंबई ,   ","Opposite Dharavi Bus Depot, Dharavi, Mumbai,",19.0747329,72.84354619999999,"Unnamed Road, Golibar Rd, Khar, Golibar, Khar East, Mumbai, Maharashtra 400055, India"
1719,846.pdf,10/01/2025,18:00,01/02/2025,17:30," बी एम सी पंप हाउसजवळ,, धवलगंगा बिल्डींगजवळ वांद्रे पश,   ","Near BMC Pump House,, Near Dhawalganga Building, Bandre Push,",18.9219841,72.8346543,"Apollo Bandar, Colaba, Mumbai, Maharashtra, India"
1720,847.pdf,20/04/2025,07:00,20/04/2025,07:15," गेट वे ऑफ इंडिया ते, रिगल सिनेमा जंक्शन दरम्यान , चालत असताना, कुलाबा मुंबई,   ","From Gateway of India, between Regal Cinema Junction, while walking, Colaba Mumbai,",19.0407889,72.8584932,"Mahatma Gandhi Rd, Transit Camp, Rajiv Gandhi Nagar, Dharavi, Mumbai, Maharashtra, India"
1721,844.pdf,20/05/2025,06:15,20/05/2025,18:30," एम जी रोड, भारत माता हेल्थ क्ल, विजय नगर , ट्रान्झिस्ट कॅम्प, धारावी मुंबई 17 ,   ","MG Road, Bharat Mata Health Cl, Vijay Nagar, Transist Camp, Dharavi Mumbai 17,",19.0612501,72.8831025,"MG Rd, Nehru Nagar, Kurla, Mumbai, Maharashtra 400024, India"
1722,849.pdf,21/05/2025,18:00,21/05/2025,18:30," एम जी रोड, मिराज बेकरी समोर केला TEN, धारावी मुंबई 17,  ","M G Road, Opposite Mirage Bakery Kela TEN, Dharavi Mumbai 17,",19.0380334,72.8537589,"Dharavi, Mumbai, Maharashtra, India"
1723,848.pdf,01/06/2023,00:00,21/05/2025,00:00," सोनी ज्वेलर्स, मुकुंदनगर ,म्युनिसीपल चाळ, धारावी मुंबई ,   ","Sony Jewellers, Mukundnagar, Municipal Chal, Dharavi Mumbai,",,,
1724,850.pdf,14/06/2025,18:10,14/06/2025,19:00," दाना बंदर ब्रीजच्या खाली, वाडी, ","Under Dana Bandar Bridge, Wadi,",18.9539988,72.8357521,"Khadak St, Mumbai, Maharashtra, India"
1725,851.pdf,16/06/2025,22:30,16/06/2025,22:50," डेकर टवरच्या समोरील रोड, खडक डोंगरी मुंबई,   ","Opposite Decker Tower Road, Khadak Dongri Mumbai,",18.9568075,72.8343459,"ME Sarang Marg, Mandvi, Mumbai, Maharashtra, India"
1726,852.pdf,17/06/2025,13:30,17/06/2025,13:45," एमएसारंग मार्ग,, बाबा गल्ली परिसरातील, बाबा दर्गा, डोंगरी मुंबई ,  ","MSarang Marg,, Near Baba Galli, Baba Darga, Dongri Mumbai,",18.9629314,72.8471169,"Wadi Bandar, Mazgaon, Mumbai, Maharashtra, India"
1727,853.pdf,18/06/2025,18:30,18/06/2025,19:15," गार्डनच्या बाजुला, वाडीबंदर,, TIT गल्ली, पंचतारा बार समोर, डोंगरी, मुंबई ,   ","Beside Garden, Wadibandar,, TIT Galli, Opposite Panchtara Bar, Dongri, Mumbai,",18.955521,72.8401242,"Kalyan St, Dana Bandar, Mandvi, Mumbai, Maharashtra 400009, India"
1728,854.pdf,18/06/2025,17:30,18/06/2025,21:00," दाना बंदर,, कल्यान स्ट्रीट, घडियाल गोदी, डोंगरी, मुबई 09, ","Dana Bandar,, Kalyan Street, Ghadial Godi, Dongri, Mumbai 09,",18.9607641,72.8365566,"1, Jail Rd, near Qamre Bani Hashim Tower, Umerkhadi, Mumbai, Maharashtra 400009, India"
1729,855.pdf,12/04/2025,10:00,14/04/2025,22:00," 01, जेल रोड, डोंगरी,, 175, मानेकिया बिल्डींग, मुंबई 400 009, ","01, Jail Road, Dongri,, 175, Manekia Building, Mumbai 400 009,",19.05523,72.8320402,"50, Hill Rd, Ranwar, Bandra West, Mumbai, Maharashtra 400050, India"
1730,857.pdf,02/02/2025,21:00,02/02/2025,21:30," स्टोअर राँयल फुटवेअर हिल रोड, वांद्रे पश्‍चिम मुंबई 50 ,   ","Store Royal Footwear Hill Road, Bandre West Mumbai 50,",18.9609487,72.83943219999999,"Sandhurst Road, Dr Meisheri Road, Center Railyway Godown, Umerkhadi, Noor Baug, Dongri, Umerkhadi, Mumbai, Maharashtra 400009, India"
1731,856.pdf,28/04/2025,17:00,28/04/2025,19:00," बस स्टप,, सण्डहरूट रोड स्टेशनजवळील , डोंगरी, मुंबई 09,   ","Bus Stop,, Near Sandharut Road Station, Dongri, Mumbai 09,",18.9553452,72.833862,"Kambekar St, Mandvi, Mumbai, Maharashtra 400003, India"
1732,858.pdf,28/04/2025,21:20,28/04/2025,21:30," नथानी टवर,कांबेकर स्ट्रीट, डोंगरी,मुंबई ,   ","Nathani Tower, Kambekar Street, Dongri, Mumbai,",19.0130051,72.8284067,"951, Appasaheb Marathe Marg, Prabhadevi, Mumbai, Maharashtra 400025, India"
1733,859.pdf,30/11/2024,00:00,08/12/2024,00:00," मराठे उदयोग भवन, धनमील नाका, प्रभादेवी, ,मुंबई   ","Marathe Udyog Bhawan, Dhanmil Naka, Prabhadevi, Mumbai",18.9597509,72.83781499999999,"Dongri, Umerkhadi, Mumbai, Maharashtra 400009, India"
1734,861.pdf,29/04/2025,06:00,29/04/2025,19:00," सना मोटर्सच्या बाहेरील बाजुस, डोगरी मुबई 09,   ","Outside Sana Motors Bajus, Dogri Mumbai 09,",19.018226,72.8168362,"Koliwada, Worli, Mumbai, Maharashtra 400030, India"
1735,860.pdf,14/03/2025,17:05,14/03/2025,17:10," कोस्टगार्डच्या पाठीमागे भिंतीच, वरळी कोळीवाडा,, वरळी मुंबई 30 ","BEHIND COAST GUARD WARHA,WORLI KOLIWADA,,WORLI MUMBAI 30",18.9597509,72.83781499999999,"Dongri, Umerkhadi, Mumbai, Maharashtra 400009, India"
1736,862.pdf,26/04/2025,13:00,26/04/2025,19:30," डोंगरी चील्ड्रेल रुम, उमरखाडी, , मुंबई ,   ","Dongri Children's Room, Umarkhadi, , Mumbai,",18.9529317,72.8415185,"P D'Mello Rd, Mumbai, Maharashtra, India"
1737,864.pdf,29/05/2025,10:00,29/05/2025,10:20," पी डी मेलो रोड, साई पेट्रोल पंपच्या बाजुला, वाडीबंदर, डोंगरी,, मुंबई ","PD Mello Road, Beside Sai Petrol Pump, Wadibandar, Dongri, Mumbai",18.953811,72.841537,"9, 9, P D'Mello Rd, Dana Bandar, Mandvi, Mumbai, Maharashtra 400009, India"
1738,863.pdf,27/05/2025,23:30,27/05/2025,23:40," आयकर भवन जवळील फुटपाथ,, पीडीमेलो रोड, दानाबंदर,, मुंबई -09, ","Footpath Near Income Tax Bhawan,, PDMello Road, Danabandar,, Mumbai-09,",19.0543881,72.8248109,"92-A, Hill Rd, opp. St. Andrews Church, Old Rajaram Wadi, Ranwar, Bandra West, Mumbai, Maharashtra 400050, India"
1739,868.pdf,02/02/2025,23:00,03/02/2025,01:00," खोजा फ्लोरिस्ट, बांद्रा पश्‍चि, ","Khoja Florist, Bandra West,",18.9584013,72.8382469,"Keshavji Naik Rd, Dongri, Umerkhadi, Mumbai, Maharashtra 400009, India"
1740,865.pdf,30/05/2025,16:30,30/05/2025,17:30," केषवजी नाईक रोड, जाफरी जिमखाना, , डोंगरी, मुंबई 9 , ","Keshavji Naik Road, Jafri Gymkhana, , Dongri, Mumbai 9 ,",18.9569873,72.8413028,"Raichur St, Dana Bandar, Mandvi, Mumbai, Maharashtra 400009, India"
1741,866.pdf,31/05/2025,20:15,31/05/2025,21:00," रायचुर ee, वाडीबंदर,, मनोहर बार च्या मागील बाजु,, डोंगरी, मुंबई  9, ","Raichur ee, Wadibandar,, Behind Manohar Bar,, Dongri, Mumbai 9,",18.9587921,72.8380239,"Razak Chamber, Dongri, Umerkhadi, Mumbai, Maharashtra 400009, India"
1742,867.pdf,01/01/2023,00:00,01/03/2025,00:00," प्लट नं115 ऐ/बी, शप नं 05, रझाक चैंबर,, डमहेश्‍वरी रोड,डोंगरी,मुंबई, ","Plot No 115 A/B, Shop No 05, Razak Chamber,, Damheshwari Road, Dongri, Mumbai,",18.9529317,72.8415185,"P D'Mello Rd, Mumbai, Maharashtra, India"
1743,869.pdf,11/04/2025,23:05,11/04/2025,23:25," मेन गेट रेस्टरंटच्या समोर,, दिल्ली स्टँण्डच्या बाजुला,, पीडीमेलो रोड, डोंगरी, मुंबई 9,   ","Opposite Main Gate Restaurant, Beside Delhi Stand, PDMello Road, Dongri, Mumbai 9,",18.9581934,72.8320729,"Mumbai, Maharashtra, India"
1744,870.pdf,12/04/2025,09:45,12/04/2025,18:50," मेसर्स असीईसी इंडिया प्रा, प्लट नं10,सोलापूर स्ट्रीट, , प्लट नं10,सोलापूर स्टमुंबई-9,   ","M/s ACEC India Pvt., Plot No. 10, Solapur Street, , Plot No. 10, Solapur St. Mumbai-9,",18.9603852,72.8387929,"Dr Maheshwari Rd, Dongri, Umerkhadi, Mumbai, Maharashtra 400009, India"
1745,871.pdf,12/04/2025,20:45,12/04/2025,22:30," ड महेष्वरी रोड,, हाजी कासम बिल्डींग चे समोर,, डोगरी मुंबई 09 , ","D Maheshwari Road, Opposite Haji Kasam Building,, Dogri Mumbai 09,",18.9067031,72.8147123,"Colaba, Mumbai, Maharashtra, India"
1746,872.pdf,20/04/2025,20:00,21/04/2025,07:00," अरबी समुद्रामधे, रेडिओ क्लब जवळ,नाँर्थ कोर्ट, कुलाबा,मुंबई,   ","At Arabian Sea, Near Radio Club, North Court, Colaba, Mumbai,",18.9564685,72.83458499999999,"Bhisti Mohalla, 43, Zakeria Masjid St, Abdul Sattar wahidna bldg, 3rd, floor, Room no:17, XR4M+GP7, Dongri, Mandvi, Mumbai, Maharashtra 400009, India"
1747,873.pdf,12/04/2025,18:00,12/04/2025,21:00," अब्दुलरहेमानषाह दर्गाजवळ, घाची जमाताखाना बिस्ती मोहल्ला , डोंगरी मुंबई , ","Near Abdulrahmanshah Dargah, Ghachi Jamatakhana Bisti Mohalla, Dongri Mumbai,",18.9571108,72.8348505,"Master Building, Tandel St, Mandvi, Mumbai, Maharashtra 400009, India"
1748,875.pdf,13/04/2025,11:00,13/04/2025,11:30," 04/01, मास्टर बिल्डिंग, एम ए सारंग, मार्ग, डोंगरी, , मुंबई 09,   ","04/01, Master Building, MA Sarang, Marg, Dongri, , Mumbai 09,",18.9557378,72.8331631,"16, Memon Wada Rd, Mandvi, Mumbai, Maharashtra 400003, India"
1749,876.pdf,05/04/2025,19:15,05/04/2025,19:45," 16/17 मेमनवाडा रोड,, मुर्गी मोहल्ला, ,डोंगरी, मुंबई -,   ","16/17 Memonwada Road, Murgi Mohalla, Dongri, Mumbai -,",18.9612164,72.8436414,"P D'Mello Rd, Wadi Bandar, Mazgaon, Mumbai, Maharashtra, India"
1750,874.pdf,12/04/2025,17:30,13/04/2025,04:30," पीडीमेलो रोड,वाडीबंदर,, सिद्धीविनायक sta चे जवळ, मुंबई,   ","PDMello Road, Wadibandar,, Near Siddhivinayak Sta, Mumbai,",,,
1751,879.pdf,03/02/2025,00:15,03/02/2025,00:15," यु ब्रीज जवळ, लाल मिटटी, aie,   ","Near Eu Breeze, Red Clay, Aie,",18.9597509,72.83781499999999,"Dongri, Umerkhadi, Mumbai, Maharashtra 400009, India"
1752,877.pdf,16/06/2025,13:10,16/06/2025,13:40," विर संभाजी मैदान,, डरबी थियटरच्या समोर, नौरोजी fea रोड, डोंगरी,,मुंबई-09 ","Vir Sambhaji Ground, Opposite Derby Theatre, Naoroji fea Road, Dongri, Mumbai-09",19.1739519,72.9634672,"Omkar Building, Gavanpada Rd, Gavanpada, Mulund East, Mumbai, Maharashtra 400081, India"
1753,878.pdf,31/01/2025,00:00,03/02/2025,00:00," 109/1, उमरखाडी, स्टडहर्ट रोड,, ओमकार बिल्डीग, मुंबई 09 ,   ","109/1, Omarkhadi, Studhardt Road,, Omkar Building, Mumbai 09 ,",18.9597509,72.83781499999999,"Dongri, Umerkhadi, Mumbai, Maharashtra 400009, India"
1754,880.pdf,31/05/2025,13:16,02/06/2025,19:24," 1202/12, नोबल टवर,चावल गल्ली,, डोंगरी, मुंबई 09 , ","1202/12, Noble Tower, Chawal Galli,, Dongri, Mumbai 09,",18.9603804,72.8367035,"Jail Rd, Dongri, Umerkhadi, Mumbai, Maharashtra 400009, India"
1755,881.pdf,04/06/2025,22:20,04/06/2025,22:30," जेलरोड,डोंगरी, नजमबाग चे मेन गेट समोर, मुंबई,   ","Opposite Main Gate of Jail Road, Dongri, Najambagh, Mumbai,",18.9581934,72.8320729,"Mumbai, Maharashtra, India"
1756,882.pdf,26/03/2025,00:00,14/04/2025,00:00," 12, करीया मस्जीस स्ट्रीट ,73, आदाम आय दाउद पडाया बिल्डींग नं, गरीब नवाज मस्जीदच्या समोर मुंब,  ","12, Kariya Masjis Street, 73, Adam I Dawood Padaya Building No, Opposite Garib Nawaz Masjid, Mumbai,",18.9582963,72.83894099999999,"XR5Q+8H8, Dongri, Umerkhadi, Mumbai, Maharashtra 400009, India"
1757,883.pdf,05/06/2025,12:40,05/06/2025,13:30," पुना स्ट्रिट,, सुलभ षौचालय जवळ वाडीबंदर,, डोंगरी, मुंबई 9,  ","Puna Street,, Wadibandar Near Sulabh Shauchalaya,, Dongri, Mumbai 9,",19.0175257,72.8384601,"Bhavani Shankar Rd, Dadar West, Dadar, Mumbai, Maharashtra, India"
1758,884.pdf,14/03/2025,17:30,14/03/2025,17:40," भवानी शंकर रोड, , ढोलकवाला चाळ,, दादर प, मुंबई ,   ","Bhawani Shankar Road, , Dholakwala Chal,, Dadar P, Mumbai ,",18.961044,72.8371543,"5, Navroji Hill Rd 1, Dongri, Umerkhadi, Mumbai, Maharashtra 400009, India"
1759,886.pdf,05/06/2025,23:10,06/06/2025,00:05," नवरोजी हिल रोड नं05,, झुणका भाकर केंद्रासमोरील फुटपा, डोंगरी, मुंबई 09,  ","Navroji Hill Road No 05, Footpath Opposite Jhunka Bhakar Centre, Dongri, Mumbai 09,",18.9597509,72.83781499999999,"Dongri, Umerkhadi, Mumbai, Maharashtra 400009, India"
1760,888.pdf,10/06/2025,16:30,10/06/2025,16:35," समोर फुठपाथ वर,ड महेष्वरी रो, सन्डहरूट रोड रेल्वे स्टेषन , डोंगरी, मुंबई,   ","Opposite Footpath, D Maheshwari Row, Sandharut Road Railway Station, Dongri, Mumbai,",18.9612164,72.8436414,"P D'Mello Rd, Wadi Bandar, Mazgaon, Mumbai, Maharashtra, India"
1761,885.pdf,05/06/2025,11:00,05/06/2025,17:00," पीडीमेलो रोड, , वाडीबंदर, , मुंबई,  ","Pdmello Road, , Wadibandar, , Mumbai,",18.9597509,72.83781499999999,"Dongri, Umerkhadi, Mumbai, Maharashtra 400009, India"
1762,887.pdf,06/06/2025,12:45,06/06/2025,13:00," एस टी जंक्षन, एस व्ही पी , डोंगरी, मुंबई,,   ","ST Junction, SVP, Dongri, Mumbai,",18.9590224,72.8388104,"7, Navroji Hill Rd 1, Dongri, Mazgaon, Mumbai, Maharashtra 400009, India"
1763,889.pdf,01/04/2025,02:10,01/04/2025,04:25," नवरोजी हिलरोड नं7, , Meta गार्डनचे प्रवेशव्दाराजव, डोंगरी, मुंबई ; ","Navroji Hill Road No. 7, Meta Garden Entrance, Dongri, Mumbai;",19.0353849,72.8423036,"Mahim, Mumbai, Maharashtra, India"
1764,890.pdf,05/01/2025,21:00,06/01/2025,01:00," कोंबडी गल्ली, , माहीम काँजवे,, बांद्रा पश्‍चिम मुंबई 50, ","KOMBDI GALLI, , MAHIM KANJAVE,, BANDRA WEST MUMBAI 50,",19.0614152,72.8387058,"4th Floor, Kakad Bhavan, WESTERN RAILWAY STAFF COLONY, 30th Rd, opposite Gaiety Galaxy Cinema, Western Railway Staff Colony, Tata Blocks, Bandra West, Mumbai, Maharashtra 400050, India"
1765,891.pdf,03/02/2025,14:15,03/02/2025,14:20," गेटी गलेक्सीचे समोर, , वांद्रे पश्‍चिम, मुंबई 50, ","Opposite Getty Galaxy, , Bandra West, Mumbai 50,",18.9612164,72.8436414,"P D'Mello Rd, Wadi Bandar, Mazgaon, Mumbai, Maharashtra, India"
1766,892.pdf,01/04/2025,05:40,01/04/2025,05:45," पीडीमेलो रोड, काकळीज चोक, दक्षिण वाहीनी, वाडीबंदर, मुंबई ,  1 ","Pdmello Road, Kakalij Chowk, Dakshin Vahini, Wadibandar, Mumbai , 1",18.9479199,72.8361013,"06, 36, Musafir Khana Rd, Chhatrapati Shivaji Terminus Area, Fort, Mumbai, Maharashtra 400001, India"
1767,894.pdf,05/04/2025,01:30,05/04/2025,01:40," 36, मुसाफिर खानाचे जवळ, , गेट नंबर 06चे समोर,, वाडीबंदर, डोंगरी, मुंबई,   ","36, NEAR MUSAFIR KHANACH, , OPPOSITE TO GATE NO 06,, WADIBANDAR, DONGRI, MUMBAI,",18.9570221,72.83635009999999,"Bhat Bazar, Dongri, Mandvi, Mumbai, Maharashtra 400009, India"
1768,893.pdf,27/03/2025,00:00,01/04/2025,00:00," पाल्लागल्ली , ग्वाल्हेर हटेल ,डोमट्री , डोंगरी मुंबई 09,   ","Pallagalli, Gwalior Hatel, Domtree, Dongri Mumbai 09,",18.9603804,72.8367035,"Jail Rd, Dongri, Umerkhadi, Mumbai, Maharashtra 400009, India"
1769,898.pdf,12/06/2025,01:15,12/06/2025,01:55," गुरूदेव हटेल समोर साउथ जेल, रोड डोंगरी, मुंबई,   ","Opposite Gurudev Hutel South Jail, Road Dongri, Mumbai,",18.956071,72.83694799999999,"168/180, Chinch Bunder Road, Surathiya Muslim Ghanchi Jamat Khana, Shaida Marg, opposite Khoja, Bhat Bazar, Dongri, Mandvi, Mumbai, Maharashtra 400009, India"
1770,896.pdf,11/06/2025,17:00,11/06/2025,17:15," शायदा मार्ग, पटेल रेस्टारंट, समोरील फुटपाथ, डोंगरी, मुंबई,   ","Shayda Marg, Patel Restaurant, Opposite Footpath, Dongri, Mumbai,",18.9597509,72.83781499999999,"Dongri, Umerkhadi, Mumbai, Maharashtra 400009, India"
1771,900.pdf,03/02/2021,11:00,11/04/2025,16:00," 6/2, 34/40, टणटणपुरा स्ट्रिट,, नुर विला बिल्डिंग,, डोंगरी, मुंबई-9,   ","6/2, 34/40, Tantanpura Street,, Noor Villa Building,, Dongri, Mumbai-9,",18.9576768,72.83330839999999,"22, Sardar Vallabhbhai Patel Rd, Mandvi, Mumbai, Maharashtra 400003, India"
1772,895.pdf,10/03/2025,11:00,06/06/2025,22:37," 22/3, एसव्हीपीरोडबिल्डींग, नं 221, टोपीवाला बिल्डींग, डोंगरी, मुंबई09,  ","22/3, SVP Road Building, No 221, Topiwala Building, Dongri, Mumbai09,",19.0109039,72.8540672,"Shop no 3-A, New National Market, R.A, K Road, Wadala West, Wadala, Mumbai, Maharashtra 400031, India"
1773,899.pdf,03/02/2021,13:05,26/04/2025,11:00," शप नं 3ए, 34/40 टणटणपुरा Ree, नुर विला बिल्डिंग, डोंगरी, मुंबई-9,   ","Shop No. 3A, 34/40 Tantanpura Ree, Noor Vila Building, Dongri, Mumbai-9,",18.9216631,72.8332028,"Apollo Bandar, Colaba, Mumbai, Maharashtra 400001, India"
1774,897.pdf,22/04/2025,02:15,22/04/2025,02:25," हटेल ताज दरम्यान रोडवर, रिगल जंक्शन नाकाबंदी, कुलाबा मुंबई,  ","On the road between Hatel Taj, Regal Junction Blockade, Colaba Mumbai,",18.955521,72.8401242,"Kalyan St, Dana Bandar, Mandvi, Mumbai, Maharashtra 400009, India"
1775,901.pdf,12/06/2025,20:30,12/06/2025,21:00," कल्याण स्ट्रीटवर, डोंगरी, मुंबई ,   ","At Kalyan Street, Dongri, Mumbai,",19.0595596,72.8295287,"Bandra West, Mumbai, Maharashtra, India"
1776,902.pdf,03/02/2025,14:30,03/02/2025,14:40," वांद्रे वरळी सी लरिंक,, वांद्रे पश्‍चिम, मुंबई 50 ,  ","Bandra Worli C Larink,, Bandra West, Mumbai 50 ,",18.9598081,72.8369565,"159 Jail Road East, Near Imam Husain Chowk, Dongri, Umerkhadi, Mumbai, Maharashtra 400009, India"
1777,903.pdf,12/06/2025,16:45,12/06/2025,17:30," जेल रोड,, हबीब हस्पिटल जवळील रस्ता,, डोंगरी, मुंबई ,   ","JAIL ROAD,, ROAD NEAR HABIB HOSPITAL,, DONGRI, MUMBAI,",19.0514817,72.8223577,"Pereira Rd, Mount Mary, Bandra West, Mumbai, Maharashtra 400050, India"
1778,911.pdf,22/01/2025,23:00,23/01/2025,01:00," परेरा रोड , बांद्रा पश्‍चिम, मुंबई 50, ","Perera Road, Bandra West, Mumbai 50,",19.0510043,72.8293225,"A-791, Bandra Reclamation Rd, General Arunkumar Vaidya Nagar, Bandra West, Mumbai, Maharashtra 400050, India"
1779,907.pdf,30/12/2024,11:00,30/12/2024,20:00," रिझवी गार्डनजवळ ट्रान्झीस्ट , HEU, लिलावती हाँस्पीटल जवळ , वांद्रे प मुबंई50,   ","Near Rizvi Garden Transit, HEU, Near Lilavati Hospital, Bandra P Mumbai 50,",18.9558917,72.841123,"Poona St, Dana Bandar, Mandvi, Mumbai, Maharashtra 400009, India"
1780,904.pdf,12/06/2025,02:00,12/06/2025,04:00," पुना स्ट्रीट,, वाडीबदंर,, ,डोगरी,मुंबई 09 ,   ","Poona Street, Wadibandar, Dogri, Mumbai 09,",19.0513922,72.8222464,"Pereira Rd, Mount Mary, Bandra West, 400050, India"
1781,912.pdf,23/01/2025,01:00,23/01/2025,01:05," परेरा रोड,, वांद्रे पश्‍चिम, मुं 50, ","PERERA ROAD,, BANDRA WEST, MU 50,",19.0920625,72.8999636,"Narayan Chawal Galli, Mumbai, Maharashtra, India"
1782,905.pdf,14/06/2025,07:00,14/06/2025,07:30," चावलगल्ली,डोंगरी, मदिना किराणा स्टोअर्स,, मुंबई 09 ,   ","Chawalgalli, Dongri, Madina Kirana Stores,, Mumbai 09 ,",19.0461285,72.8272002,"50, Bandra Reclamation Rd, Mount Mary, Bandra West, Mumbai, Maharashtra 400050, India"
1783,906.pdf,31/12/2024,23:00,01/01/2025,00:30," लिलावती हाँस्पीटल जवळ, , रिक्लेमेशन रोड, , बांद्रा पश्‍चिम मुंबई 50,   ","Near Lilavati Hospital, , Reclamation Road, , Bandra West Mumbai 50,",19.0595596,72.8295287,"Bandra West, Mumbai, Maharashtra, India"
1784,908.pdf,22/01/2025,17:45,22/01/2025,17:45," कोंबडी गल्ली,, वांद्रे पश्‍चिम मुंबई 50, ","KOMBDI GALLI,, BANDRA WEST MUMBAI 50,",19.0151357,72.832403,"Khed Galli, Prabhadevi, Mumbai, Maharashtra, India"
1785,909.pdf,14/03/2025,19:00,14/03/2025,19:10," खेड गल्ली प्रभादेवी या ठिकाणी, दादर मुंबई ,   ","At Khed Galli Prabhadevi, Dadar Mumbai,",19.0559336,72.8357472,"Hill Rd, W, Bandra West, Mumbai, Maharashtra 400050, India"
1786,910.pdf,30/09/2024,00:00,07/01/2025,00:00," वांद्रे पोलिस ठाणे परिसर, वांद्रे प मुं,   ","Bandra Police Station Premises, Bandra 5th,",19.0459703,72.82427980000001,"p, 03, Mount Mary, Bandra West, Mumbai, Maharashtra 400050, India"
1787,914.pdf,23/01/2025,01:00,23/01/2025,02:00," परेरा रोड, बांद्रा पोलीस ठाणे , बिट क्र3 जवळ, , बांद्रा प मुंबई ; ","Near Perera Road, Bandra Police Station, Bit No. 3, , Bandra P Mumbai ;",19.0484742,72.8273626,"50, KC Marg, HIG Colony, Mount Mary, Bandra West, Mumbai, Maharashtra 400050, India"
1788,915.pdf,23/01/2025,00:30,23/01/2025,00:35," लाल मिट्टी, केसी मार्ग, , वांद्रे पश्‍चिम, मुंबई 50 ,   ","Lal Mitti, KC Marg, , Bandra West, Mumbai 50 ,",19.0514817,72.8223577,"Pereira Rd, Mount Mary, Bandra West, Mumbai, Maharashtra 400050, India"
1789,917.pdf,24/01/2025,01:00,24/01/2025,01:00," परेरा रोड, , वांद्रे पश्‍चिम, मुंबई 50, ","Perera Road, , Bandra West, Mumbai 50,",19.0477202,72.82712599999999,"20, Bandra Reclamation Rd, Mount Mary, Bandra West, Mumbai, Maharashtra 400050, India"
1790,920.pdf,02/01/2025,12:00,02/01/2025,19:00," BA नं 02, चाळ नं 20, बांद्रा , रेक्लेमेशन टान्झिस्ट कम्प, , आलिया वर्जन हाँस्पिटच्या जवळ, ,वांद्रे प मुबंई  ","BA NO 02, CHAL NO 20, BANDRA , RECLAMATION TANGIST COMP, , NEAR ALIA VERSION HOSPITAL, , BANDRA P MUMBAI",19.0543474,72.83623089999999,"50, Jain Mandir Rd, Santosh Nagar, Bandra West, Mumbai, Maharashtra 400050, India"
1791,916.pdf,23/01/2025,03:00,23/01/2025,05:30," राजीव नगर झोपडपट्टी, पहिला माळ, नुराणी मस्जिद जवळ, जैन मंदीर ज, वांद्रे पश्‍चिम, मुंबई 50,   ","Rajiv Nagar Slum, 1st Floor, Near Nurani Masjid, Jain Mandir J, Bandra West, Mumbai 50,",19.0451311,72.8227562,"2, G-2, Kadeshwari Mandir Rd, Tabela, Mount Mary, Bandra West, Mumbai, Maharashtra 400050, India"
1792,913.pdf,21/01/2025,13:30,21/01/2025,13:30," 1, जान पाँल अपार्टमेन्ट, फेज , 2, कडेश्वरी मंदिर मार्ग, वान्द,   ","1, Jan Paul Apartments, Phase 2, Kadeshwari Mandir Marg, Vand,",19.0484742,72.8273626,"50, KC Marg, HIG Colony, Mount Mary, Bandra West, Mumbai, Maharashtra 400050, India"
1793,918.pdf,24/01/2025,00:45,24/01/2025,00:45," लालमिटटी ,, के सी मार्ग ,, वांद्रे पश्‍चिम मुंबई 50,   ","Lalmitti,, KC Marg,, Bandra West Mumbai 50,",19.0484742,72.8273626,"50, KC Marg, HIG Colony, Mount Mary, Bandra West, Mumbai, Maharashtra 400050, India"
1794,919.pdf,24/01/2025,13:40,24/01/2025,13:40," अडाँप्ट सामाजिक संस्था , रंगशारदा हॉटेलच्या बाजुला,, बांद्रा पश्‍चिम,मुंबई 50,केसी मार्ग   ","ADOPT SOCIAL SOCIETY, NEXT TO RANGSHARADA HOTEL,, BANDRA WEST, MUMBAI 50, KC MARG",18.918319,72.830947,"Kamal Mansion, 4/58 niyaz, HNAA Rd, near gulf hotel, Apollo Bandar, Colaba, Mumbai, Maharashtra 400005, India"
1795,921.pdf,25/12/2024,07:00,26/03/2025,16:55," ए बी रोड, अबु ट्रव्हल, कुलाबा मुंबई, ","A B Road, Abu Travel, Colaba Mumbai,",19.0566661,72.8377008,"Bandra Talao, Bandra West, Mumbai, Maharashtra 400050"
1796,922.pdf,24/01/2025,13:30,24/01/2025,14:15," दादर ते, वांद्रे तलाव वांद्रे पश्‍चिम 50,   ","Dadar to, Bandra Lake Bandra West 50,",19.0523549,72.82512290000001,"100, Hill Rd, Ranwar, Bandra West, Mumbai, Maharashtra 400050, India"
1797,923.pdf,24/01/2025,17:30,24/01/2025,17:35," परेरा रोड ला बन्ड स्टंड, मेहबूब स्टूडीओकडे समोर, बांद्रा प मुंबई 50,  ","Perera Road La Bund Stand, Opposite Mehboob Studio, Bandra P Mumbai 50,",19.0498586,72.8351883,"Western Express Hwy, Bandra West, Mumbai, Maharashtra, India"
1798,928.pdf,24/01/2025,20:30,24/01/2025,23:00," कोंबडी गल्ली, वेस्टर्न , एक्सप्रेस हायवे वांद्रे प मुं, ","KOMBDI GALLI, WESTERN , EXPRESS HIGHWAY BANDRA P MU,",19.0353849,72.8423036,"Mahim, Mumbai, Maharashtra, India"
1799,924.pdf,05/02/2025,01:00,05/02/2025,01:00," माहीम खाडी ब्रीज जवळ, खाडी लगत, बीएमसीची लोखंडीचे बँरीकेटींच्य, आडोशाला ,साउथ बॉन्ड वर, ,वांद्रे पश्‍चिम मुंबई 50  1 ","Near Mahim Khadi Bridge, Adjacent to Khadi, Iron Barricades of BMC, Adoshala, On South Bond, Bandra West Mumbai 50 1",19.0595596,72.8295287,"Bandra West, Mumbai, Maharashtra, India"
1800,926.pdf,23/01/2025,01:00,23/01/2025,01:00," फायर ब्रिगेट, वांद्रे पश्‍चिम, ,   ","Fire Brigade, Bandra West, ,",19.0514817,72.8223577,"Pereira Rd, Mount Mary, Bandra West, Mumbai, Maharashtra 400050, India"
1801,925.pdf,24/01/2025,17:30,24/01/2025,17:35," परेरा रोड,मांउट मेरी बीट चौकी , जवळ वांद्रे पश्‍चिम मुबंई50, ","Perera Road, Mount Mary Beit Chowki, Near Bandra West Mumbai 50,",19.060927,72.8465307,"Bandra East, Mumbai, Maharashtra, India"
1802,930.pdf,24/01/2025,23:00,25/01/2025,00:45," बीट क्र3 चैकीसमोर, वांद्रे प, वांद्रे प मुबंई50, ","Beat No. 3 Opposite Chaiki, Bandre P, Bandre P Mumbai 50,",28.6737818,77.1733874,"3, Block M, Shastri Nagar, Delhi, 110052, India"
1803,927.pdf,24/01/2025,18:30,24/01/2025,18:30," रूम नं 78, Cale नं 03 ,, शास्त्रीनगर , बांद्रा पश्‍चिम,,   ","Room No 78, Cale No 03,, Shastri Nagar, Bandra West,,",19.051016,72.8355244,"14, LK Mehta Marg, Reclamation, Bandra West, Mumbai, Maharashtra 400050, India"
1804,929.pdf,24/01/2025,19:15,24/01/2025,19:15," लालमिट्टी जवळील फुटपाथवरती , वांद्रे प मुबंई,  ","On Footpath Near Lalmitti, Bandra P Mumbai,",19.048281,72.82511199999999,"Mount Mary Steps, Mount Mary, Bandra West, Mumbai, Maharashtra 400050, India"
1805,932.pdf,25/01/2025,09:30,25/01/2025,09:30," दळवी चाळ, , माउंट मेरी स्टेप्स,, वांद्रे पश्‍चिम, मुंबई 50 ,   ","Dalvi Chal, , Mount Mary Steps,, Bandra West, Mumbai 50 ,",19.0513393,72.83235069999999,"3R3M+23F, Rangsharda Marg, Bandra Reclamation Flyover, near Lilavati Hospital, Nityanand Nagar, A Block BKC, Bandra West, Mumbai, Maharashtra 400050, India"
1806,931.pdf,25/01/2025,02:30,25/01/2025,02:30," वेस्टर्न एक्सप्रेस हायवे , AY बण्ड रंगषारदा हटेल , जवळ वांद्रे प मुबंई,   ","Western Express Highway, AY Bund Rangsharada Hatel, Near Bandra P Mumbai,",19.018226,72.8168362,"Koliwada, Worli, Mumbai, Maharashtra 400030, India"
1807,933.pdf,14/03/2025,17:40,14/03/2025,17:45," कोस्टगार्डच्या डाव्या बाजूस,को, वरळी कोळीवाडा, वरळी मुंबई 30,  ","Left Side Of Coastguard, Ko, Worli Koliwada, Worli Mumbai 30,",19.0595596,72.8295287,"Bandra West, Mumbai, Maharashtra, India"
1808,936.pdf,25/01/2025,10:00,25/01/2025,10:00," वांद्रे रेल्वे ब्रिजच्या जवळ,, वांद्रे पश्‍चिम मुंबई 50, ","NEAR BANDRA RAILWAY BRIDGE,, BANDRA WEST MUMBAI 50,",19.0469576,72.8196297,"Bandstand Promenade, Bandra West, Mumbai, Maharashtra 400050, India"
1809,937.pdf,25/01/2025,18:15,25/01/2025,18:15," लकी कडुन येणारे बॅन्डस्टँन्ड , कडे जाणारे एक मार्गी मार्गावर, बांद्रा पश्‍चिम मुंबई 50, ","Bandstand from Lucky, on the one way road to Bandra West Mumbai 50,",19.060927,72.8465307,"Bandra East, Mumbai, Maharashtra, India"
1810,934.pdf,03/01/2025,19:30,03/01/2025,19:30," लकी Bice, बांद्रा, मुंबई 50,   ","Lucky Bice, Bandra, Mumbai 50,",19.0595596,72.8295287,"Bandra West, Mumbai, Maharashtra, India"
1811,938.pdf,25/01/2025,17:45,25/01/2025,17:45," कोंबडी गल्ली,, वांद्रे पश्‍चिम मुंबई 50, ","KOMBDI GALLI,, BANDRA WEST MUMBAI 50,",19.0595596,72.8295287,"Bandra West, Mumbai, Maharashtra, India"
1812,935.pdf,05/02/2025,17:00,05/02/2025,17:21," लालमिठ्ठी परिसर,, वांद्रे प मुंबई 50, ","Lalmitthi Premises,, Bandre P Mumbai 50,",19.060927,72.8465307,"Bandra East, Mumbai, Maharashtra, India"
1813,939.pdf,25/01/2025,17:30,25/01/2025,17:30," लालमिठ्ठी परिसर, , फुटपाथवर ,, वांद्रे प मुंबई 50, ","Lalmitthi Area, , On Footpath ,, Bandre P Mumbai 50,",19.051016,72.8355244,"14, LK Mehta Marg, Reclamation, Bandra West, Mumbai, Maharashtra 400050, India"
1814,941.pdf,25/01/2025,22:25,25/01/2025,22:30," लालमिट्टी,, नर्गिसदत्तनगर, वांद्रे,   ","Lalmitti,, Nargisduttanagar, Bandra,",19.0484742,72.8273626,"50, KC Marg, HIG Colony, Mount Mary, Bandra West, Mumbai, Maharashtra 400050, India"
1815,940.pdf,25/01/2025,08:30,25/01/2025,08:30," पहिला माळा ,राजू नगर,, के सी मार्ग,, वांद्रे पश्‍चिम, मुंबई 50 ,   ","1st Mala, Raju Nagar,, KC Marg,, Bandra West, Mumbai 50,",19.0484742,72.8273626,"50, KC Marg, HIG Colony, Mount Mary, Bandra West, Mumbai, Maharashtra 400050, India"
1816,942.pdf,25/01/2025,07:30,25/01/2025,17:30," 84, राहुल नगर रहिवाशी संघ , , केसी मार्ग ,, बांद्रा पश्‍चिम,मुंबई 50 , ","84, Rahul Nagar Residents Association, , KC Marg,, Bandra West, Mumbai 50,",19.0498586,72.8351883,"Western Express Hwy, Bandra West, Mumbai, Maharashtra, India"
1817,944.pdf,25/01/2025,23:00,26/01/2025,01:30," कोंबडी गल्ली, वेस्टर्न , एक्सप्रेस हायवे वांद्रे प मुं, ","KOMBDI GALLI, WESTERN , EXPRESS HIGHWAY BANDRA P MU,",19.0498586,72.8351883,"Western Express Hwy, Bandra West, Mumbai, Maharashtra, India"
1818,943.pdf,25/01/2025,23:00,26/01/2025,01:30," कोंबडी गल्ली,, वेस्टर्न एक्सप्रेस हायवे , वांद्रे प मुंबई , ","Kombadi Galli,, Western Express Highway, Bandra P Mumbai,",19.0353849,72.8423036,"Mahim, Mumbai, Maharashtra, India"
1819,948.pdf,04/01/2025,21:00,05/01/2025,01:00," कोंबडी गल्ली, माहीम कजवे,, , बांद्रा प मुंबई, ","KOMBDI GALLI, MAHIM KAJVE,, , BANDRA P MUMBAI,",19.0595596,72.8295287,"Bandra West, Mumbai, Maharashtra, India"
1820,947.pdf,20/01/2025,09:00,25/01/2025,10:00," रुम नं 701, शांतनु बिल्डींग,, भैय्या जिम जवळ, सेंट Area , रोड, बांद्रा प मुंबई ,   ","Room No 701, Shantanu Building,, Near Bhaiya Gym, St Area, Road, Bandra P Mumbai,",18.9563319,72.81082599999999,"Chowpatty Seaface, XR46+G8P, Road, Chowpatty, Gamdevi, Mumbai, Maharashtra 400007, India"
1821,945.pdf,07/07/2016,11:00,23/04/2025,10:30," 04, विल्सन काँलेज , बिल्डींग 07 मरीनड्राईव्ह जवळ, गिरगांव चौपाटी मुंबई 07,  ","04, Wilson College, Building 07 Near Marine Drive, Girgaon Chowpatty Mumbai 07,",19.0743119,72.84678219999999,"50, Western Express Hwy, Anand Nagar, Vakola, Santacruz East, Mumbai, Maharashtra 400055, India"
1822,950.pdf,26/01/2025,23:00,27/01/2025,01:30," कोंबडी गल्ली, , वेस्टर्न एक्सप्रेस हायवे ,, वांद्रे पश्‍चिम मुंबई 50,  ","KOMBDI GALLI, , WESTERN EXPRESS HIGHWAY ,, BANDRA WEST MUMBAI 50,",19.1386175,72.8451695,"Swami Vivekanand Rd, India"
1823,949.pdf,26/01/2025,03:05,26/01/2025,03:05," माहीम कजवे सिग्नलजवळ, , एसव्ही रोड, बांद्रा प ,  1 ","Near Mahim Causeway Signal, , SV Road, Bandra P , 1",19.060927,72.8465307,"Bandra East, Mumbai, Maharashtra, India"
1824,951.pdf,27/01/2025,01:40,27/01/2025,05:50," 266, , महाराष्ट्र नगर 02, , स्लाटर हाउस कंपांउंड, , वांद्रे पश्‍चिम, मुंबई 50 , ","266, , Maharashtra Nagar 02, , Slaughter House Compound, , Bandra West, Mumbai 50 ,",19.0539967,72.83675219999999,"36, Bazar Rd, near Madina Masjid, Madam Wadi, Santosh Nagar, Bandra West, Mumbai, Maharashtra 400050, India"
1825,946.pdf,31/01/2025,00:00,04/02/2025,00:00," रा ठी 201 ,फ्रेंड्स अपार्टमे, ,बिल्डिंग नं 36 ,बाजार रोड, , जैन मंदिर जवळ, बांद्रा पश्‍चिम,मुंबई   ","Road 201, Friends Apartment, Building No. 36, Bazaar Road, Near Jain Temple, Bandra West, Mumbai",19.0612607,72.8231455,"3R6F+G72, Perry Cross Rd, Bandra West, Mumbai, Maharashtra 400050, India"
1826,952.pdf,30/12/2024,23:20,30/12/2024,23:20," गोल्डन बिडी शाँपव कल्पक , हॉर्मस बिल्डींग पेरी क्राँस , बांद्र प मुंबई ,   ","Golden Biddy Shampoo Kalpak, Hormus Building Perry Krans, Bandra P Mumbai,",19.05677,72.82442979999999,"33/A, A29 B, Chimbai Rd, Bandra West, Mumbai, Maharashtra 400050, India"
1827,954.pdf,27/01/2025,15:15,27/01/2025,15:15," फ्लट नं 07, कमल लक्ष्मी बि, चिम्बई रोड,उषा हॉटेलच्या समोर, वांद्रे पश्‍चिम, मुंबई-50,   ","Flat No 07, Kamal Laxmi B, Chimbai Road, Opposite Usha Hotel, Bandra West, Mumbai-50,",19.051016,72.8355244,"14, LK Mehta Marg, Reclamation, Bandra West, Mumbai, Maharashtra 400050, India"
1828,955.pdf,27/01/2025,17:00,27/01/2025,17:00," 786, नरगिसदत्त नगर, लालमिटटी, वांद्रे पश्‍चिम, मुंबई 50,   ","786, Nargisdutta Nagar, Lalmitti, Bandra West, Mumbai 50,",19.0595596,72.8295287,"Bandra West, Mumbai, Maharashtra, India"
1829,953.pdf,25/01/2025,00:30,25/01/2025,00:30," लकी हॉटेल, बांद्रा पश्‍चिम, मुंबई 50,   ","Lucky Hotel, Bandra West, Mumbai 50,",19.0528226,72.8292882,"41-C, Chapel Rd, near Duke Restaurant, Ranwar, Bandra West, Mumbai, Maharashtra 400050, India"
1830,956.pdf,28/01/2025,03:00,28/01/2025,03:00," 41 सी चपेल रोड, वान्द्रे प,,   ","41 C Chapel Road, Bandra P,,",19.0353849,72.8423036,"Mahim, Mumbai, Maharashtra, India"
1831,959.pdf,27/01/2025,23:00,28/01/2025,04:00," माता बालक चैक, माहिम काँजवे,, , बांद्रा पश्‍चिम, मुंबई ,  ","Mata Balak Chaik, Mahim Kanjwe,, , Bandra West, Mumbai ,",19.0718236,72.87442,"A-50, Bandra Kurla Complex Rd, Kapadia Nagar, Kurla West, Mumbai, Maharashtra 400070, India"
1832,957.pdf,01/01/2016,00:00,05/02/2025,00:00," हॉटेल ताज AVS एन्डस, वांद्रे प मुं 50,   ","Hotel Taj AVS Endus, 50 Bandra Road,",19.065509,72.84230769999999,"Railway Police Quarters Wing-C, 1, Station Rd, Railway Staff Quarters, Naupada, Bandra West, Mumbai, Maharashtra 400051, India"
1833,961.pdf,03/01/2025,19:00,04/01/2025,19:00," BA नं 01, Fee नं 01, स्टेशन, रोड,शास्त्रीनगर,वांद्रे बस, डेपोसमोर, बांद्रा पश्‍चिम, ,मुंबई   ","BA No. 01, Fee No. 01, Station, Road, Shastrinagar, Bandra Bus, Opposite Depot, Bandra West, Mumbai",19.018226,72.8168362,"Koliwada, Worli, Mumbai, Maharashtra 400030, India"
1834,958.pdf,14/03/2025,18:15,14/03/2025,18:20," वारस लेनच्या फुटपाथवर, वरळी कोळीवाडा, वरळी मुंबई 30, ","On Footpath of Varas Lane, Worli Koliwada, Worli Mumbai 30,",19.0625044,72.8293971,"Shop Nos. 3 & 7, Dheeraj Arcade,Opp Jude Wines, Dr Ambedkar Road, Pali Mala Rd, Bandra West, Mumbai, Maharashtra 400050, India"
1835,960.pdf,27/01/2025,11:30,27/01/2025,16:08," रुम नं503,, धिरज आर्केड,, पंजाब स्विट हाउसच्या वरती, , पाली नाका, ,बांद्रा प मुंबई 50   ","Room No 503, Dhiraj Arcade, Above Punjab Sweet House, Pali Naka, Bandra P Mumbai 50",19.0595596,72.8295287,"Bandra West, Mumbai, Maharashtra, India"
1836,962.pdf,28/01/2025,17:10,28/01/2025,17:10," कोंबडी गल्ली, , वांद्रे पश्‍चिम मुंबई 50, ","KOMBDI GALLI, , BANDRA WEST MUMBAI 50,",19.0548399,72.84069029999999,"Bandra, Bairam Naupada, Bandra East, Mumbai, Maharashtra 400050, India"
1837,965.pdf,29/01/2025,14:45,29/01/2025,14:45," फादर अँग्नेल , बस स्टाँप वरून बस नंबर 211, वांद्रे स्टेशन वांद्रे प50,   ","Bus No. 211 from Father Angel, Bus Stand, Bandra Station Bandra P50,",19.1386175,72.8451695,"Swami Vivekanand Rd, India"
1838,964.pdf,28/01/2025,00:10,28/01/2025,02:30," कुरेशीनगर गेटच्या समोर,, बडी मस्जीद जवळ, एस व्ही रोड,, वांद्रे प मुंबई ,   ","Opposite Qureshinagar Gate, Near Badi Masjid, SV Road, Bandra P Mumbai,",19.059304,72.8341845,"Turner Rd, Bandra West, Mumbai, Maharashtra 400050, India"
1839,966.pdf,29/01/2025,08:12,29/01/2025,12:00," 11 पाटकर न्यु ब्लँक, , बांबारडेकर मार्ग, , टर्नर रोड, ,वांद्रे प, मुंबई 50   ","11 Patkar New Blank, , Bombardekar Marg, , Turner Road, , Bandra P, Mumbai 50",19.0595596,72.8295287,"Bandra West, Mumbai, Maharashtra, India"
1840,963.pdf,28/01/2025,17:00,28/01/2025,17:00," लालमिठ्ठी परिसर, , फुटपाथवर ,, वांद्रे पश्‍चिम मुंबई 50, ","LALMITHI COMPLEX, , ON PAVEMENT ,, BANDRA WEST MUMBAI 50,",18.913624,72.82468399999999,"Sassoon Complex, Sassoon Dock Rd, Azad Nagar, Colaba, Mumbai, Maharashtra 400005, India"
1841,970.pdf,28/02/2025,23:00,28/02/2025,23:45," ससुन Sth, कल्पना बारच्या बाहेर, कुलाबा मुंबई, ","Sassoon Sth, Off Kalpana Bar, Colaba Mumbai,",19.0595596,72.8295287,"Bandra West, Mumbai, Maharashtra, India"
1842,969.pdf,30/01/2025,20:20,30/01/2025,20:20," के सी मार्ग लिलावती हस्पीटल क, कडुन सी लिंककडे जाणारे मार्गाव, वांद्रे प मुबंई50,  ","KC Marg Lilavati Hospital C, Margao to C Link, Bandra P Mumbai 50,",19.0515721,72.83463139999999,"Reclamation, Bandra West, Mumbai, Maharashtra, India"
1843,967.pdf,30/01/2025,03:00,30/01/2025,03:00," कोंबडी गल्ली, , वान्द्रे रिकक्‍लेमेशन, , वांद्रे पश्‍चिम मुंबई-50 , ","KOMBDI GALLI, , BANDRA RECLAMATION, , BANDRA WEST MUMBAI-50 ,",19.0551249,72.82726880000001,"St Andrews Rd, Bandra West, Mumbai, Maharashtra 400050, India"
1844,968.pdf,05/02/2025,16:00,05/02/2025,16:15," होली फमीली हस्पीटल, हिल रोड , वांद्रे प मुं,   ","HOLY FAMILY HOSPITAL, HILL ROAD, BANDRA PUM,",19.0548399,72.84069029999999,"Bandra, Bairam Naupada, Bandra East, Mumbai, Maharashtra 400050, India"
1845,971.pdf,30/01/2025,19:15,30/01/2025,19:15," वांद्रे रेल्वे स्टेशन, वांद्रे प मुबंई 50,   ","Bandra Railway Station, Bandra P Mumbai 50,",19.051016,72.8355244,"14, LK Mehta Marg, Reclamation, Bandra West, Mumbai, Maharashtra 400050, India"
1846,972.pdf,30/01/2025,22:00,30/01/2025,22:00," के सी मार्ग, एमटीएनएल, समोर, लालमिट्टी, वांद्रे प, , ","KC Marg, MTNL, Opposite, Lalmitti, Bandra P, ,",18.6848086,100.8000051,"Nan, Thailand"
1847,982.pdf,,,,,,,19.0353849,72.8423036,"Mahim, Mumbai, Maharashtra, India"
1848,974.pdf,05/01/2025,01:14,05/01/2025,01:14," कोंबडी गल्ली, माहीम काँजवे, बांद्रा पश्‍चिम मुंबई 50 , ","KOMBDI GALLI, MAHIM KANJAVE, BANDRA WEST MUMBAI 50 ,",19.051016,72.8355244,"14, LK Mehta Marg, Reclamation, Bandra West, Mumbai, Maharashtra 400050, India"
1849,973.pdf,31/01/2025,02:30,31/01/2025,02:30," लाल मिट्टी, केसी मार्ग, , वांद्रे प Ass 50,   ","Lal Mitti, KC Marg, , Bandra P Ass 50,",19.0595596,72.8295287,"Bandra West, Mumbai, Maharashtra, India"
1850,975.pdf,31/01/2025,17:00,31/01/2025,17:00," लालमिठ्ठी परिसर, , फुटपाथवर,, वांद्रे प मुंबई 50 , ","Lalmitthi Precinct, , On Footpath,, Bandra P Mumbai 50 ,",19.051016,72.8355244,"14, LK Mehta Marg, Reclamation, Bandra West, Mumbai, Maharashtra 400050, India"
1851,976.pdf,31/01/2025,17:00,31/01/2025,17:00," लालमिठ्ठी परिसर, , फुटपाथवर, , वांद्रे प मुंबई 50, ","Lalmitthi Premises, , On Footpath, , Bandre P Mumbai 50,",19.0510479,72.8385002,"50, Swami Vivekanand Rd, Near Jama Masjid, C Block BKC, Qurese Nagar, Bandra West, Mumbai, Maharashtra 400050, India"
1852,978.pdf,31/01/2025,23:10,31/01/2025,23:10," कुरेशी नगर, एस व्ही रोड, वांद्रे पष्चिम मुंबई 50,   ","Qureshi Nagar, SV Road, Bandra West Mumbai 50,",19.0595596,72.8295287,"Bandra West, Mumbai, Maharashtra, India"
1853,981.pdf,01/02/2025,00:15,01/02/2025,00:15," शास्त्री नगर, बस डेपो जवळ, वांद्रे प मुंबई 50,   ","Shastri Nagar, Near Bus Depot, Bandra P Mumbai 50,",19.0551942,72.83733149999999,"S.V. Road, Bandra West, Mumbai, Maharashtra 400050, India"
1854,977.pdf,15/08/2024,13:30,15/08/2024,13:30," बी/, 3 एम पी Harare , बिल्डीग, टाटा कलनी, एस व्ही, रोड, वांद्रे पष्चिम, मुंबई ,   ","B/, 3 MP Harare, Building, Tata Kalani, SV, Road, Bandra West, Mumbai,",19.0539656,72.8326935,"Bazar Rd, Bandra West, Mumbai, Maharashtra 400050, India"
1855,979.pdf,05/02/2025,13:30,05/02/2025,19:30," झेन जस्ट मेक, बाजार रोड, वांद्रे प मुं,   ","Zen Just Make, Bazar Road, Bandra Pm,",19.0525489,72.8289229,"51B, Chapel Rd, Ranwar, Bandra West, Mumbai, Maharashtra 400050, India"
1856,980.pdf,31/01/2025,19:30,31/01/2025,20:45," अँन्डेन विला, 51बी, चपेल रोड, वांद्रे पश्‍चिम, मुंबई 50 ,  ","ANDEN VILLA, 51B, CHAPELL ROAD, BANDRA WEST, MUMBAI 50 ,",19.0564642,72.8388961,"shop no 17/A, Nootan nagar chs ltd, Gurunanak Rd, opp. National hotel, Bandra West, Mumbai, Maharashtra 400050, India"
1857,983.pdf,05/02/2025,21:00,06/02/2025,11:00," वस्त्र इनोवेशन इन फँशन, , नुतन नगर, , वांद्रे पश्‍चिम ,मुंबई 50,   ","Vastra Innovation in Fashion, , Nutan Nagar, , Bandra West, Mumbai 50,",19.0523549,72.82512290000001,"100, Hill Rd, Ranwar, Bandra West, Mumbai, Maharashtra 400050, India"
1858,985.pdf,06/02/2025,17:00,06/02/2025,19:30," मेहबुब स्टुडिओ, , बांद्रा पश्‍चिम, मुंबई 50,   ","Mehbub Studio, , Bandra West, Mumbai 50,",28.4058711,77.3289202,"1053, Sector 17, Faridabad, Haryana 121002, India"
1859,984.pdf,02/02/2017,00:00,01/06/2024,00:00," सिंघल हाऊस नंबर 1053,, सेक्टर 17 फरीदाबाद हरीयाणा , राज्य  121002 , ","Singhal House No 1053, Sector 17 Faridabad Haryana State 121002",19.0548399,72.84069029999999,"Bandra, Bairam Naupada, Bandra East, Mumbai, Maharashtra 400050, India"
1860,986.pdf,07/02/2025,14:45,07/02/2025,14:50," बांद्रा स्टेशन बस स्टप, बांद्रा प मुंबई ,   ","Bandra Station Bus Stop, Bandra P Mumbai,",19.0575891,72.8314259,"Prof. Almeida Park, Reminess, Prof. Almeda Pk Rd, 8th Rd, Bandra West, Mumbai, Maharashtra 400050, India"
1861,988.pdf,07/02/2025,17:30,07/02/2025,17:30," अल्मेडा पार्क जवळ, वांद्रे पश्‍चिम मुबंई50, ","Near Alameda Park, Bandra West Mumbai 50,",19.0595596,72.8295287,"Bandra West, Mumbai, Maharashtra, India"
1862,987.pdf,07/02/2025,17:00,07/02/2025,17:00," लालमिठ्ठी परिसर,, वांद्रे प मुंबई 50, ","Lalmitthi Premises,, Bandre P Mumbai 50,",19.0491441,72.8276867,"KC Marg, Bandra West, Mumbai, Maharashtra 400050, India"
1863,989.pdf,06/02/2025,11:00,06/02/2025,11:00," नर्गीस दत्त नगर, , केसीमार्ग, टेलीफोन एक्सरचेजव, मुंबई,   ","Nargis Dutt Nagar, , KC Marg, Telephone Exchange, Mumbai,",19.0551922,72.8347517,"Chinchpokli Rd, Santosh Nagar, Bandra West, Mumbai, Maharashtra 400050, India"
1864,990.pdf,06/02/2025,22:30,07/02/2025,11:00," चिंचपोकळी रोड, , गोन्सालविस वाडी ,, वांद्रे प मुंबई 50,   ","Chinchpokli Road, , Gonsalvis Wadi ,, Bandre P Mumbai 50,",19.0353849,72.8423036,"Mahim, Mumbai, Maharashtra, India"
1865,991.pdf,08/02/2025,01:00,08/02/2025,01:00," कोंबडी गल्ली, , माहीम काँजवे,, बांद्रा पश्‍चिम मुंबई 50 , ","KOMBDI GALLI, , MAHIM KANJAVE,, BANDRA WEST MUMBAI 50 ,",19.0353849,72.8423036,"Mahim, Mumbai, Maharashtra, India"
1866,992.pdf,08/02/2025,01:00,08/02/2025,01:00," कोंबडी गल्ली,, माहीम काँजवे, , बांद्रा पश्‍चिम मुंबई 50 , ","KOMBDI GALLI,, MAHIM KANJAVE, , BANDRA WEST MUMBAI 50 ,",19.0353849,72.8423036,"Mahim, Mumbai, Maharashtra, India"
1867,993.pdf,08/02/2025,01:00,08/02/2025,01:00," कोंबडी गल्ली, , माहीम काँजवे, , बांद्रा पश्‍चिम मुंबई 50 , ","KOMBDI GALLI, , MAHIM KANJAVE, , BANDRA WEST MUMBAI 50 ,",19.0595596,72.8295287,"Bandra West, Mumbai, Maharashtra, India"
1868,994.pdf,02/02/2025,02:00,04/02/2025,11:00," 38 वा रोड, गेटी Tea , टॉकिज समोर, वान्द्रे प, मुं,   ","38th Road, Getty Tea, Opposite Talkies, Bandra West, Mun.",19.0511024,72.83596109999999,"Nargis Dutt Nagar, Reclamation, Bandra West, Mumbai, Maharashtra 400050, India"
1869,995.pdf,01/01/2025,01:30,01/01/2025,05:00," रुम नं177, चाळ नं 15,, पहिला माळा, नर्गीस दत्त नगर, , बिस्मील्ला शपजवळ, बांद्रा प मु,   ","Room No 177, Chall No 15, 1st Mala, Nargis Dutt Nagar, , Near Bismillah Shop, Bandra P Mu,",19.0523549,72.82512290000001,"100, Hill Rd, Ranwar, Bandra West, Mumbai, Maharashtra 400050, India"
1870,996.pdf,06/01/2025,18:00,06/01/2025,18:00," मेहबुब स्टुडिओसमोरील Hie, बांद्रा प, मुंबई 50,  ","Hie Opposite Mehbub Studio, Bandra P, Mumbai 50,",19.0550103,72.82538650000001,"41, 50, Chimbai Rd, Bandra West, Mumbai, Maharashtra 400050, India"
1871,997.pdf,08/02/2025,09:00,08/02/2025,09:10," 07, 2 रा माळा, अल्फा हाउस,, ब्लॉक नं 41/सी, चिंबई रोड,, वांद्रे पश्‍चिम, मुंबई 50, ","07, 2ND FLOOR, ALPHA HOUSE,, BLOCK NO 41/C, CHIMBAI ROAD,, BANDRA WEST, MUMBAI 50,",19.0558286,72.8373322,"Swami Vivekanand Rd, Bandra West, Mumbai, Maharashtra, India"
1872,1000.pdf,08/02/2025,22:45,08/02/2025,22:45," बडी मस्जीद च्या जवळ,, एसव्ही रोड,, बांद्रा प ,   ","Near Badi Masjid, SV Road, Bandra P,",19.051016,72.8355244,"14, LK Mehta Marg, Reclamation, Bandra West, Mumbai, Maharashtra 400050, India"
1873,998.pdf,08/02/2025,15:00,08/02/2025,15:10," लालमिठ्ठी येथे फुटपाथवरती , बांद्रा प मुंबई , ","On the footpath at Lalmitthi, Bandra P Mumbai,",19.051016,72.8355244,"14, LK Mehta Marg, Reclamation, Bandra West, Mumbai, Maharashtra 400050, India"
1874,999.pdf,08/02/2025,15:00,08/02/2025,15:10," लालमिटटी वांद्रे , वांद्रे पश्‍चिम मुंबई 50 , ","Lalmitti Bandra, Bandra West Mumbai 50,",19.0595596,72.8295287,"Bandra West, Mumbai, Maharashtra, India"
1875,1001.pdf,09/02/2025,00:10,09/02/2025,00:10," शास्त्री नगर परीसरात, बांद्रा बस डेपो , वांद्रे प मुं,   ","Shastri Nagar Premises, Bandra Bus Depot, Bandra Pm,",19.048281,72.82511199999999,"Mount Mary Steps, Mount Mary, Bandra West, Mumbai, Maharashtra 400050, India"
1876,1002.pdf,08/02/2025,22:00,09/02/2025,03:00," परेरा चौकी, माऊन्ट , मेरी स्टेप्स, , वान्द्रे प, मुंबई,  ","Perera Chowki, Mount , Mary Steps, , Bandre P, Mumbai,",,,
